2166789 execve("/home/riomus/toolchains/cuda-13.4-wheel-env/lib/python3.12/site-packages/nvidia/cu13/bin/nvcc", ["/home/riomus/toolchains/cuda-13."..., "-M", "-O3", "-ccbin", "/usr/bin/aarch64-linux-gnu-g++-1"..., "--cudart=shared", "-Xcompiler=-fPIC", "-gencode=arch=compute_121,code=s"..., "/home/riomus/runs/sfora-standalo"..., "-o", "/home/riomus/runs/sfora-standalo"...], 0xffffc4f8df20 /* 4 vars */) = 0
2166789 openat(AT_FDCWD</home/riomus/runs/sfora-standalone-gpu-sha-build-source-v1>, "/etc/ld.so.cache", O_RDONLY|O_CLOEXEC) = 3</etc/ld.so.cache>
2166789 openat(AT_FDCWD</home/riomus/runs/sfora-standalone-gpu-sha-build-source-v1>, "/lib/aarch64-linux-gnu/libpthread.so.0", O_RDONLY|O_CLOEXEC) = 3</usr/lib/aarch64-linux-gnu/libpthread.so.0>
2166789 openat(AT_FDCWD</home/riomus/runs/sfora-standalone-gpu-sha-build-source-v1>, "/lib/aarch64-linux-gnu/libm.so.6", O_RDONLY|O_CLOEXEC) = 3</usr/lib/aarch64-linux-gnu/libm.so.6>
2166789 openat(AT_FDCWD</home/riomus/runs/sfora-standalone-gpu-sha-build-source-v1>, "/lib/aarch64-linux-gnu/libc.so.6", O_RDONLY|O_CLOEXEC) = 3</usr/lib/aarch64-linux-gnu/libc.so.6>
2166789 openat(AT_FDCWD</home/riomus/runs/sfora-standalone-gpu-sha-build-source-v1>, "/tmp/tmpxft_00211005_00000000", O_RDONLY) = -1 ENOENT (No such file or directory)
2166789 openat(AT_FDCWD</home/riomus/runs/sfora-standalone-gpu-sha-build-source-v1>, "/tmp/tmpxft_00211005_00000000", O_WRONLY|O_CREAT|O_TRUNC, 0666) = 3</tmp/tmpxft_00211005_00000000>
2166789 openat(AT_FDCWD</home/riomus/runs/sfora-standalone-gpu-sha-build-source-v1>, "/tmp/tmpxft_00211005_00000000-2.cpp", O_WRONLY|O_CREAT|O_TRUNC, 0666) = 3</tmp/tmpxft_00211005_00000000-2.cpp>
2166790 openat(AT_FDCWD</home/riomus/runs/sfora-standalone-gpu-sha-build-source-v1>, "/tmp/tmpxft_00211005_00000000-1", O_WRONLY|O_CREAT|O_TRUNC, 0666) = 1</tmp/tmpxft_00211005_00000000-1>
2166790 execve("/usr/bin/aarch64-linux-gnu-g++-13", ["/usr/bin/aarch64-linux-gnu-g++-1"..., "-E", "/tmp/tmpxft_00211005_00000000-2."...], 0xffffc1c74318 /* 4 vars */) = 0
2166790 openat(AT_FDCWD</home/riomus/runs/sfora-standalone-gpu-sha-build-source-v1>, "/etc/ld.so.cache", O_RDONLY|O_CLOEXEC) = 3</etc/ld.so.cache>
2166790 openat(AT_FDCWD</home/riomus/runs/sfora-standalone-gpu-sha-build-source-v1>, "/lib/aarch64-linux-gnu/libc.so.6", O_RDONLY|O_CLOEXEC) = 3</usr/lib/aarch64-linux-gnu/libc.so.6>
2166791 execve("/usr/libexec/gcc/aarch64-linux-gnu/13/cc1plus", ["/usr/libexec/gcc/aarch64-linux-g"..., "-E", "-quiet", "-imultiarch", "aarch64-linux-gnu", "-D_GNU_SOURCE", "/tmp/tmpxft_00211005_00000000-2."..., "-mlittle-endian", "-mabi=lp64", "-fasynchronous-unwind-tables", "-fstack-protector-strong", "-Wformat", "-Wformat-security", "-fstack-clash-protection", "-dumpbase", "tmpxft_00211005_00000000-2.cpp", "-dumpbase-ext", ".cpp"], 0x22c3b9a0 /* 8 vars */) = 0
2166791 openat(AT_FDCWD</home/riomus/runs/sfora-standalone-gpu-sha-build-source-v1>, "/etc/ld.so.cache", O_RDONLY|O_CLOEXEC) = 3</etc/ld.so.cache>
2166791 openat(AT_FDCWD</home/riomus/runs/sfora-standalone-gpu-sha-build-source-v1>, "/lib/aarch64-linux-gnu/libisl.so.23", O_RDONLY|O_CLOEXEC) = 3</usr/lib/aarch64-linux-gnu/libisl.so.23.3.0>
2166791 openat(AT_FDCWD</home/riomus/runs/sfora-standalone-gpu-sha-build-source-v1>, "/lib/aarch64-linux-gnu/libmpc.so.3", O_RDONLY|O_CLOEXEC) = 3</usr/lib/aarch64-linux-gnu/libmpc.so.3.3.1>
2166791 openat(AT_FDCWD</home/riomus/runs/sfora-standalone-gpu-sha-build-source-v1>, "/lib/aarch64-linux-gnu/libmpfr.so.6", O_RDONLY|O_CLOEXEC) = 3</usr/lib/aarch64-linux-gnu/libmpfr.so.6.2.1>
2166791 openat(AT_FDCWD</home/riomus/runs/sfora-standalone-gpu-sha-build-source-v1>, "/lib/aarch64-linux-gnu/libgmp.so.10", O_RDONLY|O_CLOEXEC) = 3</usr/lib/aarch64-linux-gnu/libgmp.so.10.5.0>
2166791 openat(AT_FDCWD</home/riomus/runs/sfora-standalone-gpu-sha-build-source-v1>, "/lib/aarch64-linux-gnu/libz.so.1", O_RDONLY|O_CLOEXEC) = 3</usr/lib/aarch64-linux-gnu/libz.so.1.3>
2166791 openat(AT_FDCWD</home/riomus/runs/sfora-standalone-gpu-sha-build-source-v1>, "/lib/aarch64-linux-gnu/libzstd.so.1", O_RDONLY|O_CLOEXEC) = 3</usr/lib/aarch64-linux-gnu/libzstd.so.1.5.5>
2166791 openat(AT_FDCWD</home/riomus/runs/sfora-standalone-gpu-sha-build-source-v1>, "/lib/aarch64-linux-gnu/libc.so.6", O_RDONLY|O_CLOEXEC) = 3</usr/lib/aarch64-linux-gnu/libc.so.6>
2166791 openat(AT_FDCWD</home/riomus/runs/sfora-standalone-gpu-sha-build-source-v1>, "/lib/aarch64-linux-gnu/libm.so.6", O_RDONLY|O_CLOEXEC) = 3</usr/lib/aarch64-linux-gnu/libm.so.6>
2166791 openat(AT_FDCWD</home/riomus/runs/sfora-standalone-gpu-sha-build-source-v1>, "/tmp/tmpxft_00211005_00000000-2.cpp", O_RDONLY|O_NOCTTY) = 3</tmp/tmpxft_00211005_00000000-2.cpp>
2166791 openat(AT_FDCWD</home/riomus/runs/sfora-standalone-gpu-sha-build-source-v1>, "/usr/include/c++/13/stdc-predef.h", O_RDONLY|O_NOCTTY) = -1 ENOENT (No such file or directory)
2166791 openat(AT_FDCWD</home/riomus/runs/sfora-standalone-gpu-sha-build-source-v1>, "/usr/include/aarch64-linux-gnu/c++/13/stdc-predef.h", O_RDONLY|O_NOCTTY) = -1 ENOENT (No such file or directory)
2166791 openat(AT_FDCWD</home/riomus/runs/sfora-standalone-gpu-sha-build-source-v1>, "/usr/include/c++/13/backward/stdc-predef.h", O_RDONLY|O_NOCTTY) = -1 ENOENT (No such file or directory)
2166791 openat(AT_FDCWD</home/riomus/runs/sfora-standalone-gpu-sha-build-source-v1>, "/usr/lib/gcc/aarch64-linux-gnu/13/include/stdc-predef.h", O_RDONLY|O_NOCTTY) = -1 ENOENT (No such file or directory)
2166791 openat(AT_FDCWD</home/riomus/runs/sfora-standalone-gpu-sha-build-source-v1>, "/usr/local/include/stdc-predef.h", O_RDONLY|O_NOCTTY) = -1 ENOENT (No such file or directory)
2166791 openat(AT_FDCWD</home/riomus/runs/sfora-standalone-gpu-sha-build-source-v1>, "/usr/include/aarch64-linux-gnu/stdc-predef.h", O_RDONLY|O_NOCTTY) = -1 ENOENT (No such file or directory)
2166791 openat(AT_FDCWD</home/riomus/runs/sfora-standalone-gpu-sha-build-source-v1>, "/usr/include/stdc-predef.h", O_RDONLY|O_NOCTTY) = 3</usr/include/stdc-predef.h>
2166791 +++ exited with 0 +++
2166790 --- SIGCHLD {si_signo=SIGCHLD, si_code=CLD_EXITED, si_pid=2166791, si_uid=1000, si_status=0, si_utime=0, si_stime=0} ---
2166790 +++ exited with 0 +++
2166789 --- SIGCHLD {si_signo=SIGCHLD, si_code=CLD_EXITED, si_pid=2166790, si_uid=1000, si_status=0, si_utime=0, si_stime=0} ---
2166789 openat(AT_FDCWD</home/riomus/runs/sfora-standalone-gpu-sha-build-source-v1>, "/tmp/tmpxft_00211005_00000000-1", O_RDONLY) = 3</tmp/tmpxft_00211005_00000000-1>
2166789 openat(AT_FDCWD</home/riomus/runs/sfora-standalone-gpu-sha-build-source-v1>, "/home/riomus/toolchains/cuda-13.4-wheel-env/lib/python3.12/site-packages/nvidia/cu13/bin/nvcc.profile", O_RDONLY) = 3</home/riomus/toolchains/cuda-13.4-wheel-env/lib/python3.12/site-packages/nvidia/cu13/bin/nvcc.profile>
2166792 execve("/bin/sh", ["sh", "-c", "--", "\"/usr/bin\"/aarch64-linux-gnu-g++"...], 0x6186fc0 /* 21 vars */) = 0
2166792 openat(AT_FDCWD</home/riomus/runs/sfora-standalone-gpu-sha-build-source-v1>, "/home/riomus/toolchains/cuda-13.4-wheel-env/lib/python3.12/site-packages/nvidia/cu13/bin/../lib/libc.so.6", O_RDONLY|O_CLOEXEC) = -1 ENOENT (No such file or directory)
2166792 openat(AT_FDCWD</home/riomus/runs/sfora-standalone-gpu-sha-build-source-v1>, "libc.so.6", O_RDONLY|O_CLOEXEC) = -1 ENOENT (No such file or directory)
2166792 openat(AT_FDCWD</home/riomus/runs/sfora-standalone-gpu-sha-build-source-v1>, "/etc/ld.so.cache", O_RDONLY|O_CLOEXEC) = 3</etc/ld.so.cache>
2166792 openat(AT_FDCWD</home/riomus/runs/sfora-standalone-gpu-sha-build-source-v1>, "/lib/aarch64-linux-gnu/libc.so.6", O_RDONLY|O_CLOEXEC) = 3</usr/lib/aarch64-linux-gnu/libc.so.6>
2166793 execve("/usr/bin/aarch64-linux-gnu-g++-13", ["/usr/bin/aarch64-linux-gnu-g++-1"..., "-D__CUDA_ARCH__=1210", "-D__CUDA_ARCH_LIST__=1210", "-E", "-x", "c++", "-DCUDA_DOUBLE_MATH_FUNCTIONS", "-D__CUDACC__", "-D__NVCC__", "-fPIC", "-O3", "-I/home/riomus/toolchains/cuda-1"..., "-isystem", "/home/riomus/toolchains/cuda-13."..., "-D__CUDACC_VER_MAJOR__=13", "-D__CUDACC_VER_MINOR__=4", "-D__CUDACC_VER_BUILD__=92", "-D__CUDA_API_VER_MAJOR__=13", "-D__CUDA_API_VER_MINOR__=4", "-D__NVCC_DIAG_PRAGMA_SUPPORT__=1", "-D__CUDACC_DEVICE_ATOMIC_BUILTIN"..., "-include", "cuda_runtime.h", "/home/riomus/runs/sfora-standalo"..., "-o", "/tmp/tmpxft_00211005_00000000-5_"...], 0xb488f17aaa48 /* 22 vars */) = 0
2166793 openat(AT_FDCWD</home/riomus/runs/sfora-standalone-gpu-sha-build-source-v1>, "/home/riomus/toolchains/cuda-13.4-wheel-env/lib/python3.12/site-packages/nvidia/cu13/bin/../lib/libc.so.6", O_RDONLY|O_CLOEXEC) = -1 ENOENT (No such file or directory)
2166793 openat(AT_FDCWD</home/riomus/runs/sfora-standalone-gpu-sha-build-source-v1>, "libc.so.6", O_RDONLY|O_CLOEXEC) = -1 ENOENT (No such file or directory)
2166793 openat(AT_FDCWD</home/riomus/runs/sfora-standalone-gpu-sha-build-source-v1>, "/etc/ld.so.cache", O_RDONLY|O_CLOEXEC) = 3</etc/ld.so.cache>
2166793 openat(AT_FDCWD</home/riomus/runs/sfora-standalone-gpu-sha-build-source-v1>, "/lib/aarch64-linux-gnu/libc.so.6", O_RDONLY|O_CLOEXEC) = 3</usr/lib/aarch64-linux-gnu/libc.so.6>
2166794 execve("/usr/libexec/gcc/aarch64-linux-gnu/13/cc1plus", ["/usr/libexec/gcc/aarch64-linux-g"..., "-E", "-quiet", "-I", "/home/riomus/toolchains/cuda-13."..., "-imultiarch", "aarch64-linux-gnu", "-D_GNU_SOURCE", "-D", "__CUDA_ARCH__=1210", "-D", "__CUDA_ARCH_LIST__=1210", "-D", "CUDA_DOUBLE_MATH_FUNCTIONS", "-D", "__CUDACC__", "-D", "__NVCC__", "-D", "__CUDACC_VER_MAJOR__=13", "-D", "__CUDACC_VER_MINOR__=4", "-D", "__CUDACC_VER_BUILD__=92", "-D", "__CUDA_API_VER_MAJOR__=13", "-D", "__CUDA_API_VER_MINOR__=4", "-D", "__NVCC_DIAG_PRAGMA_SUPPORT__=1", "-D", "__CUDACC_DEVICE_ATOMIC_BUILTINS_"..., ...], 0x10eadfc0 /* 26 vars */) = 0
2166794 openat(AT_FDCWD</home/riomus/runs/sfora-standalone-gpu-sha-build-source-v1>, "/home/riomus/toolchains/cuda-13.4-wheel-env/lib/python3.12/site-packages/nvidia/cu13/bin/../lib/libisl.so.23", O_RDONLY|O_CLOEXEC) = -1 ENOENT (No such file or directory)
2166794 openat(AT_FDCWD</home/riomus/runs/sfora-standalone-gpu-sha-build-source-v1>, "libisl.so.23", O_RDONLY|O_CLOEXEC) = -1 ENOENT (No such file or directory)
2166794 openat(AT_FDCWD</home/riomus/runs/sfora-standalone-gpu-sha-build-source-v1>, "/etc/ld.so.cache", O_RDONLY|O_CLOEXEC) = 3</etc/ld.so.cache>
2166794 openat(AT_FDCWD</home/riomus/runs/sfora-standalone-gpu-sha-build-source-v1>, "/lib/aarch64-linux-gnu/libisl.so.23", O_RDONLY|O_CLOEXEC) = 3</usr/lib/aarch64-linux-gnu/libisl.so.23.3.0>
2166794 openat(AT_FDCWD</home/riomus/runs/sfora-standalone-gpu-sha-build-source-v1>, "/home/riomus/toolchains/cuda-13.4-wheel-env/lib/python3.12/site-packages/nvidia/cu13/bin/../lib/libmpc.so.3", O_RDONLY|O_CLOEXEC) = -1 ENOENT (No such file or directory)
2166794 openat(AT_FDCWD</home/riomus/runs/sfora-standalone-gpu-sha-build-source-v1>, "libmpc.so.3", O_RDONLY|O_CLOEXEC) = -1 ENOENT (No such file or directory)
2166794 openat(AT_FDCWD</home/riomus/runs/sfora-standalone-gpu-sha-build-source-v1>, "/lib/aarch64-linux-gnu/libmpc.so.3", O_RDONLY|O_CLOEXEC) = 3</usr/lib/aarch64-linux-gnu/libmpc.so.3.3.1>
2166794 openat(AT_FDCWD</home/riomus/runs/sfora-standalone-gpu-sha-build-source-v1>, "/home/riomus/toolchains/cuda-13.4-wheel-env/lib/python3.12/site-packages/nvidia/cu13/bin/../lib/libmpfr.so.6", O_RDONLY|O_CLOEXEC) = -1 ENOENT (No such file or directory)
2166794 openat(AT_FDCWD</home/riomus/runs/sfora-standalone-gpu-sha-build-source-v1>, "libmpfr.so.6", O_RDONLY|O_CLOEXEC) = -1 ENOENT (No such file or directory)
2166794 openat(AT_FDCWD</home/riomus/runs/sfora-standalone-gpu-sha-build-source-v1>, "/lib/aarch64-linux-gnu/libmpfr.so.6", O_RDONLY|O_CLOEXEC) = 3</usr/lib/aarch64-linux-gnu/libmpfr.so.6.2.1>
2166794 openat(AT_FDCWD</home/riomus/runs/sfora-standalone-gpu-sha-build-source-v1>, "/home/riomus/toolchains/cuda-13.4-wheel-env/lib/python3.12/site-packages/nvidia/cu13/bin/../lib/libgmp.so.10", O_RDONLY|O_CLOEXEC) = -1 ENOENT (No such file or directory)
2166794 openat(AT_FDCWD</home/riomus/runs/sfora-standalone-gpu-sha-build-source-v1>, "libgmp.so.10", O_RDONLY|O_CLOEXEC) = -1 ENOENT (No such file or directory)
2166794 openat(AT_FDCWD</home/riomus/runs/sfora-standalone-gpu-sha-build-source-v1>, "/lib/aarch64-linux-gnu/libgmp.so.10", O_RDONLY|O_CLOEXEC) = 3</usr/lib/aarch64-linux-gnu/libgmp.so.10.5.0>
2166794 openat(AT_FDCWD</home/riomus/runs/sfora-standalone-gpu-sha-build-source-v1>, "/home/riomus/toolchains/cuda-13.4-wheel-env/lib/python3.12/site-packages/nvidia/cu13/bin/../lib/libz.so.1", O_RDONLY|O_CLOEXEC) = -1 ENOENT (No such file or directory)
2166794 openat(AT_FDCWD</home/riomus/runs/sfora-standalone-gpu-sha-build-source-v1>, "libz.so.1", O_RDONLY|O_CLOEXEC) = -1 ENOENT (No such file or directory)
2166794 openat(AT_FDCWD</home/riomus/runs/sfora-standalone-gpu-sha-build-source-v1>, "/lib/aarch64-linux-gnu/libz.so.1", O_RDONLY|O_CLOEXEC) = 3</usr/lib/aarch64-linux-gnu/libz.so.1.3>
2166794 openat(AT_FDCWD</home/riomus/runs/sfora-standalone-gpu-sha-build-source-v1>, "/home/riomus/toolchains/cuda-13.4-wheel-env/lib/python3.12/site-packages/nvidia/cu13/bin/../lib/libzstd.so.1", O_RDONLY|O_CLOEXEC) = -1 ENOENT (No such file or directory)
2166794 openat(AT_FDCWD</home/riomus/runs/sfora-standalone-gpu-sha-build-source-v1>, "libzstd.so.1", O_RDONLY|O_CLOEXEC) = -1 ENOENT (No such file or directory)
2166794 openat(AT_FDCWD</home/riomus/runs/sfora-standalone-gpu-sha-build-source-v1>, "/lib/aarch64-linux-gnu/libzstd.so.1", O_RDONLY|O_CLOEXEC) = 3</usr/lib/aarch64-linux-gnu/libzstd.so.1.5.5>
2166794 openat(AT_FDCWD</home/riomus/runs/sfora-standalone-gpu-sha-build-source-v1>, "/home/riomus/toolchains/cuda-13.4-wheel-env/lib/python3.12/site-packages/nvidia/cu13/bin/../lib/libc.so.6", O_RDONLY|O_CLOEXEC) = -1 ENOENT (No such file or directory)
2166794 openat(AT_FDCWD</home/riomus/runs/sfora-standalone-gpu-sha-build-source-v1>, "libc.so.6", O_RDONLY|O_CLOEXEC) = -1 ENOENT (No such file or directory)
2166794 openat(AT_FDCWD</home/riomus/runs/sfora-standalone-gpu-sha-build-source-v1>, "/lib/aarch64-linux-gnu/libc.so.6", O_RDONLY|O_CLOEXEC) = 3</usr/lib/aarch64-linux-gnu/libc.so.6>
2166794 openat(AT_FDCWD</home/riomus/runs/sfora-standalone-gpu-sha-build-source-v1>, "/home/riomus/toolchains/cuda-13.4-wheel-env/lib/python3.12/site-packages/nvidia/cu13/bin/../lib/libm.so.6", O_RDONLY|O_CLOEXEC) = -1 ENOENT (No such file or directory)
2166794 openat(AT_FDCWD</home/riomus/runs/sfora-standalone-gpu-sha-build-source-v1>, "libm.so.6", O_RDONLY|O_CLOEXEC) = -1 ENOENT (No such file or directory)
2166794 openat(AT_FDCWD</home/riomus/runs/sfora-standalone-gpu-sha-build-source-v1>, "/lib/aarch64-linux-gnu/libm.so.6", O_RDONLY|O_CLOEXEC) = 3</usr/lib/aarch64-linux-gnu/libm.so.6>
2166794 openat(AT_FDCWD</home/riomus/runs/sfora-standalone-gpu-sha-build-source-v1>, "/tmp/tmpxft_00211005_00000000-5_sha256_occurrences.cpp1.ii", O_WRONLY|O_CREAT|O_TRUNC, 0666) = 3</tmp/tmpxft_00211005_00000000-5_sha256_occurrences.cpp1.ii>
2166794 openat(AT_FDCWD</home/riomus/runs/sfora-standalone-gpu-sha-build-source-v1>, "/home/riomus/runs/sfora-standalone-gpu-sha-build-source-v1/sha256_occurrences.cu", O_RDONLY|O_NOCTTY) = 4</home/riomus/runs/sfora-standalone-gpu-sha-build-source-v1/sha256_occurrences.cu>
2166794 openat(AT_FDCWD</home/riomus/runs/sfora-standalone-gpu-sha-build-source-v1>, "/home/riomus/toolchains/cuda-13.4-wheel-env/lib/python3.12/site-packages/nvidia/cu13/bin/../include/stdc-predef.h", O_RDONLY|O_NOCTTY) = -1 ENOENT (No such file or directory)
2166794 openat(AT_FDCWD</home/riomus/runs/sfora-standalone-gpu-sha-build-source-v1>, "/usr/include/c++/13/stdc-predef.h", O_RDONLY|O_NOCTTY) = -1 ENOENT (No such file or directory)
2166794 openat(AT_FDCWD</home/riomus/runs/sfora-standalone-gpu-sha-build-source-v1>, "/usr/include/aarch64-linux-gnu/c++/13/stdc-predef.h", O_RDONLY|O_NOCTTY) = -1 ENOENT (No such file or directory)
2166794 openat(AT_FDCWD</home/riomus/runs/sfora-standalone-gpu-sha-build-source-v1>, "/usr/include/c++/13/backward/stdc-predef.h", O_RDONLY|O_NOCTTY) = -1 ENOENT (No such file or directory)
2166794 openat(AT_FDCWD</home/riomus/runs/sfora-standalone-gpu-sha-build-source-v1>, "/usr/lib/gcc/aarch64-linux-gnu/13/include/stdc-predef.h", O_RDONLY|O_NOCTTY) = -1 ENOENT (No such file or directory)
2166794 openat(AT_FDCWD</home/riomus/runs/sfora-standalone-gpu-sha-build-source-v1>, "/usr/local/include/stdc-predef.h", O_RDONLY|O_NOCTTY) = -1 ENOENT (No such file or directory)
2166794 openat(AT_FDCWD</home/riomus/runs/sfora-standalone-gpu-sha-build-source-v1>, "/usr/include/aarch64-linux-gnu/stdc-predef.h", O_RDONLY|O_NOCTTY) = -1 ENOENT (No such file or directory)
2166794 openat(AT_FDCWD</home/riomus/runs/sfora-standalone-gpu-sha-build-source-v1>, "/usr/include/stdc-predef.h", O_RDONLY|O_NOCTTY) = 4</usr/include/stdc-predef.h>
2166794 openat(AT_FDCWD</home/riomus/runs/sfora-standalone-gpu-sha-build-source-v1>, "./cuda_runtime.h", O_RDONLY|O_NOCTTY) = -1 ENOENT (No such file or directory)
2166794 openat(AT_FDCWD</home/riomus/runs/sfora-standalone-gpu-sha-build-source-v1>, "/home/riomus/toolchains/cuda-13.4-wheel-env/lib/python3.12/site-packages/nvidia/cu13/bin/../include/cuda_runtime.h", O_RDONLY|O_NOCTTY) = 4</home/riomus/toolchains/cuda-13.4-wheel-env/lib/python3.12/site-packages/nvidia/cu13/include/cuda_runtime.h>
2166794 openat(AT_FDCWD</home/riomus/runs/sfora-standalone-gpu-sha-build-source-v1>, "/home/riomus/toolchains/cuda-13.4-wheel-env/lib/python3.12/site-packages/nvidia/cu13/bin/../include/crt/host_config.h", O_RDONLY|O_NOCTTY) = 4</home/riomus/toolchains/cuda-13.4-wheel-env/lib/python3.12/site-packages/nvidia/cu13/include/crt/host_config.h>
2166794 openat(AT_FDCWD</home/riomus/runs/sfora-standalone-gpu-sha-build-source-v1>, "/home/riomus/toolchains/cuda-13.4-wheel-env/lib/python3.12/site-packages/nvidia/cu13/bin/../include/features.h", O_RDONLY|O_NOCTTY) = -1 ENOENT (No such file or directory)
2166794 openat(AT_FDCWD</home/riomus/runs/sfora-standalone-gpu-sha-build-source-v1>, "/usr/include/c++/13/features.h", O_RDONLY|O_NOCTTY) = -1 ENOENT (No such file or directory)
2166794 openat(AT_FDCWD</home/riomus/runs/sfora-standalone-gpu-sha-build-source-v1>, "/usr/include/aarch64-linux-gnu/c++/13/features.h", O_RDONLY|O_NOCTTY) = -1 ENOENT (No such file or directory)
2166794 openat(AT_FDCWD</home/riomus/runs/sfora-standalone-gpu-sha-build-source-v1>, "/usr/include/c++/13/backward/features.h", O_RDONLY|O_NOCTTY) = -1 ENOENT (No such file or directory)
2166794 openat(AT_FDCWD</home/riomus/runs/sfora-standalone-gpu-sha-build-source-v1>, "/usr/lib/gcc/aarch64-linux-gnu/13/include/features.h", O_RDONLY|O_NOCTTY) = -1 ENOENT (No such file or directory)
2166794 openat(AT_FDCWD</home/riomus/runs/sfora-standalone-gpu-sha-build-source-v1>, "/usr/local/include/features.h", O_RDONLY|O_NOCTTY) = -1 ENOENT (No such file or directory)
2166794 openat(AT_FDCWD</home/riomus/runs/sfora-standalone-gpu-sha-build-source-v1>, "/usr/include/aarch64-linux-gnu/features.h", O_RDONLY|O_NOCTTY) = -1 ENOENT (No such file or directory)
2166794 openat(AT_FDCWD</home/riomus/runs/sfora-standalone-gpu-sha-build-source-v1>, "/usr/include/features.h", O_RDONLY|O_NOCTTY) = 4</usr/include/features.h>
2166794 openat(AT_FDCWD</home/riomus/runs/sfora-standalone-gpu-sha-build-source-v1>, "/home/riomus/toolchains/cuda-13.4-wheel-env/lib/python3.12/site-packages/nvidia/cu13/bin/../include/features-time64.h", O_RDONLY|O_NOCTTY) = -1 ENOENT (No such file or directory)
2166794 openat(AT_FDCWD</home/riomus/runs/sfora-standalone-gpu-sha-build-source-v1>, "/usr/include/c++/13/features-time64.h", O_RDONLY|O_NOCTTY) = -1 ENOENT (No such file or directory)
2166794 openat(AT_FDCWD</home/riomus/runs/sfora-standalone-gpu-sha-build-source-v1>, "/usr/include/aarch64-linux-gnu/c++/13/features-time64.h", O_RDONLY|O_NOCTTY) = -1 ENOENT (No such file or directory)
2166794 openat(AT_FDCWD</home/riomus/runs/sfora-standalone-gpu-sha-build-source-v1>, "/usr/include/c++/13/backward/features-time64.h", O_RDONLY|O_NOCTTY) = -1 ENOENT (No such file or directory)
2166794 openat(AT_FDCWD</home/riomus/runs/sfora-standalone-gpu-sha-build-source-v1>, "/usr/lib/gcc/aarch64-linux-gnu/13/include/features-time64.h", O_RDONLY|O_NOCTTY) = -1 ENOENT (No such file or directory)
2166794 openat(AT_FDCWD</home/riomus/runs/sfora-standalone-gpu-sha-build-source-v1>, "/usr/local/include/features-time64.h", O_RDONLY|O_NOCTTY) = -1 ENOENT (No such file or directory)
2166794 openat(AT_FDCWD</home/riomus/runs/sfora-standalone-gpu-sha-build-source-v1>, "/usr/include/aarch64-linux-gnu/features-time64.h", O_RDONLY|O_NOCTTY) = -1 ENOENT (No such file or directory)
2166794 openat(AT_FDCWD</home/riomus/runs/sfora-standalone-gpu-sha-build-source-v1>, "/usr/include/features-time64.h", O_RDONLY|O_NOCTTY) = 4</usr/include/features-time64.h>
2166794 openat(AT_FDCWD</home/riomus/runs/sfora-standalone-gpu-sha-build-source-v1>, "/home/riomus/toolchains/cuda-13.4-wheel-env/lib/python3.12/site-packages/nvidia/cu13/bin/../include/bits/wordsize.h", O_RDONLY|O_NOCTTY) = -1 ENOENT (No such file or directory)
2166794 openat(AT_FDCWD</home/riomus/runs/sfora-standalone-gpu-sha-build-source-v1>, "/usr/include/c++/13/bits/wordsize.h", O_RDONLY|O_NOCTTY) = -1 ENOENT (No such file or directory)
2166794 openat(AT_FDCWD</home/riomus/runs/sfora-standalone-gpu-sha-build-source-v1>, "/usr/include/aarch64-linux-gnu/c++/13/bits/wordsize.h", O_RDONLY|O_NOCTTY) = -1 ENOENT (No such file or directory)
2166794 openat(AT_FDCWD</home/riomus/runs/sfora-standalone-gpu-sha-build-source-v1>, "/usr/include/c++/13/backward/bits/wordsize.h", O_RDONLY|O_NOCTTY) = -1 ENOENT (No such file or directory)
2166794 openat(AT_FDCWD</home/riomus/runs/sfora-standalone-gpu-sha-build-source-v1>, "/usr/lib/gcc/aarch64-linux-gnu/13/include/bits/wordsize.h", O_RDONLY|O_NOCTTY) = -1 ENOENT (No such file or directory)
2166794 openat(AT_FDCWD</home/riomus/runs/sfora-standalone-gpu-sha-build-source-v1>, "/usr/local/include/bits/wordsize.h", O_RDONLY|O_NOCTTY) = -1 ENOENT (No such file or directory)
2166794 openat(AT_FDCWD</home/riomus/runs/sfora-standalone-gpu-sha-build-source-v1>, "/usr/include/aarch64-linux-gnu/bits/wordsize.h", O_RDONLY|O_NOCTTY) = 4</usr/include/aarch64-linux-gnu/bits/wordsize.h>
2166794 openat(AT_FDCWD</home/riomus/runs/sfora-standalone-gpu-sha-build-source-v1>, "/home/riomus/toolchains/cuda-13.4-wheel-env/lib/python3.12/site-packages/nvidia/cu13/bin/../include/bits/timesize.h", O_RDONLY|O_NOCTTY) = -1 ENOENT (No such file or directory)
2166794 openat(AT_FDCWD</home/riomus/runs/sfora-standalone-gpu-sha-build-source-v1>, "/usr/include/c++/13/bits/timesize.h", O_RDONLY|O_NOCTTY) = -1 ENOENT (No such file or directory)
2166794 openat(AT_FDCWD</home/riomus/runs/sfora-standalone-gpu-sha-build-source-v1>, "/usr/include/aarch64-linux-gnu/c++/13/bits/timesize.h", O_RDONLY|O_NOCTTY) = -1 ENOENT (No such file or directory)
2166794 openat(AT_FDCWD</home/riomus/runs/sfora-standalone-gpu-sha-build-source-v1>, "/usr/include/c++/13/backward/bits/timesize.h", O_RDONLY|O_NOCTTY) = -1 ENOENT (No such file or directory)
2166794 openat(AT_FDCWD</home/riomus/runs/sfora-standalone-gpu-sha-build-source-v1>, "/usr/lib/gcc/aarch64-linux-gnu/13/include/bits/timesize.h", O_RDONLY|O_NOCTTY) = -1 ENOENT (No such file or directory)
2166794 openat(AT_FDCWD</home/riomus/runs/sfora-standalone-gpu-sha-build-source-v1>, "/usr/local/include/bits/timesize.h", O_RDONLY|O_NOCTTY) = -1 ENOENT (No such file or directory)
2166794 openat(AT_FDCWD</home/riomus/runs/sfora-standalone-gpu-sha-build-source-v1>, "/usr/include/aarch64-linux-gnu/bits/timesize.h", O_RDONLY|O_NOCTTY) = 4</usr/include/aarch64-linux-gnu/bits/timesize.h>
2166794 openat(AT_FDCWD</home/riomus/runs/sfora-standalone-gpu-sha-build-source-v1>, "/home/riomus/toolchains/cuda-13.4-wheel-env/lib/python3.12/site-packages/nvidia/cu13/bin/../include/sys/cdefs.h", O_RDONLY|O_NOCTTY) = -1 ENOENT (No such file or directory)
2166794 openat(AT_FDCWD</home/riomus/runs/sfora-standalone-gpu-sha-build-source-v1>, "/usr/include/c++/13/sys/cdefs.h", O_RDONLY|O_NOCTTY) = -1 ENOENT (No such file or directory)
2166794 openat(AT_FDCWD</home/riomus/runs/sfora-standalone-gpu-sha-build-source-v1>, "/usr/include/aarch64-linux-gnu/c++/13/sys/cdefs.h", O_RDONLY|O_NOCTTY) = -1 ENOENT (No such file or directory)
2166794 openat(AT_FDCWD</home/riomus/runs/sfora-standalone-gpu-sha-build-source-v1>, "/usr/include/c++/13/backward/sys/cdefs.h", O_RDONLY|O_NOCTTY) = -1 ENOENT (No such file or directory)
2166794 openat(AT_FDCWD</home/riomus/runs/sfora-standalone-gpu-sha-build-source-v1>, "/usr/lib/gcc/aarch64-linux-gnu/13/include/sys/cdefs.h", O_RDONLY|O_NOCTTY) = -1 ENOENT (No such file or directory)
2166794 openat(AT_FDCWD</home/riomus/runs/sfora-standalone-gpu-sha-build-source-v1>, "/usr/local/include/sys/cdefs.h", O_RDONLY|O_NOCTTY) = -1 ENOENT (No such file or directory)
2166794 openat(AT_FDCWD</home/riomus/runs/sfora-standalone-gpu-sha-build-source-v1>, "/usr/include/aarch64-linux-gnu/sys/cdefs.h", O_RDONLY|O_NOCTTY) = 4</usr/include/aarch64-linux-gnu/sys/cdefs.h>
2166794 openat(AT_FDCWD</home/riomus/runs/sfora-standalone-gpu-sha-build-source-v1>, "/usr/include/aarch64-linux-gnu/bits/wordsize.h", O_RDONLY|O_NOCTTY) = 4</usr/include/aarch64-linux-gnu/bits/wordsize.h>
2166794 openat(AT_FDCWD</home/riomus/runs/sfora-standalone-gpu-sha-build-source-v1>, "/home/riomus/toolchains/cuda-13.4-wheel-env/lib/python3.12/site-packages/nvidia/cu13/bin/../include/bits/long-double.h", O_RDONLY|O_NOCTTY) = -1 ENOENT (No such file or directory)
2166794 openat(AT_FDCWD</home/riomus/runs/sfora-standalone-gpu-sha-build-source-v1>, "/usr/include/c++/13/bits/long-double.h", O_RDONLY|O_NOCTTY) = -1 ENOENT (No such file or directory)
2166794 openat(AT_FDCWD</home/riomus/runs/sfora-standalone-gpu-sha-build-source-v1>, "/usr/include/aarch64-linux-gnu/c++/13/bits/long-double.h", O_RDONLY|O_NOCTTY) = -1 ENOENT (No such file or directory)
2166794 openat(AT_FDCWD</home/riomus/runs/sfora-standalone-gpu-sha-build-source-v1>, "/usr/include/c++/13/backward/bits/long-double.h", O_RDONLY|O_NOCTTY) = -1 ENOENT (No such file or directory)
2166794 openat(AT_FDCWD</home/riomus/runs/sfora-standalone-gpu-sha-build-source-v1>, "/usr/lib/gcc/aarch64-linux-gnu/13/include/bits/long-double.h", O_RDONLY|O_NOCTTY) = -1 ENOENT (No such file or directory)
2166794 openat(AT_FDCWD</home/riomus/runs/sfora-standalone-gpu-sha-build-source-v1>, "/usr/local/include/bits/long-double.h", O_RDONLY|O_NOCTTY) = -1 ENOENT (No such file or directory)
2166794 openat(AT_FDCWD</home/riomus/runs/sfora-standalone-gpu-sha-build-source-v1>, "/usr/include/aarch64-linux-gnu/bits/long-double.h", O_RDONLY|O_NOCTTY) = 4</usr/include/aarch64-linux-gnu/bits/long-double.h>
2166794 openat(AT_FDCWD</home/riomus/runs/sfora-standalone-gpu-sha-build-source-v1>, "/home/riomus/toolchains/cuda-13.4-wheel-env/lib/python3.12/site-packages/nvidia/cu13/bin/../include/gnu/stubs.h", O_RDONLY|O_NOCTTY) = -1 ENOENT (No such file or directory)
2166794 openat(AT_FDCWD</home/riomus/runs/sfora-standalone-gpu-sha-build-source-v1>, "/usr/include/c++/13/gnu/stubs.h", O_RDONLY|O_NOCTTY) = -1 ENOENT (No such file or directory)
2166794 openat(AT_FDCWD</home/riomus/runs/sfora-standalone-gpu-sha-build-source-v1>, "/usr/include/aarch64-linux-gnu/c++/13/gnu/stubs.h", O_RDONLY|O_NOCTTY) = -1 ENOENT (No such file or directory)
2166794 openat(AT_FDCWD</home/riomus/runs/sfora-standalone-gpu-sha-build-source-v1>, "/usr/include/c++/13/backward/gnu/stubs.h", O_RDONLY|O_NOCTTY) = -1 ENOENT (No such file or directory)
2166794 openat(AT_FDCWD</home/riomus/runs/sfora-standalone-gpu-sha-build-source-v1>, "/usr/lib/gcc/aarch64-linux-gnu/13/include/gnu/stubs.h", O_RDONLY|O_NOCTTY) = -1 ENOENT (No such file or directory)
2166794 openat(AT_FDCWD</home/riomus/runs/sfora-standalone-gpu-sha-build-source-v1>, "/usr/local/include/gnu/stubs.h", O_RDONLY|O_NOCTTY) = -1 ENOENT (No such file or directory)
2166794 openat(AT_FDCWD</home/riomus/runs/sfora-standalone-gpu-sha-build-source-v1>, "/usr/include/aarch64-linux-gnu/gnu/stubs.h", O_RDONLY|O_NOCTTY) = 4</usr/include/aarch64-linux-gnu/gnu/stubs.h>
2166794 openat(AT_FDCWD</home/riomus/runs/sfora-standalone-gpu-sha-build-source-v1>, "/usr/include/aarch64-linux-gnu/bits/wordsize.h", O_RDONLY|O_NOCTTY) = 4</usr/include/aarch64-linux-gnu/bits/wordsize.h>
2166794 openat(AT_FDCWD</home/riomus/runs/sfora-standalone-gpu-sha-build-source-v1>, "/home/riomus/toolchains/cuda-13.4-wheel-env/lib/python3.12/site-packages/nvidia/cu13/bin/../include/gnu/stubs-lp64.h", O_RDONLY|O_NOCTTY) = -1 ENOENT (No such file or directory)
2166794 openat(AT_FDCWD</home/riomus/runs/sfora-standalone-gpu-sha-build-source-v1>, "/usr/include/c++/13/gnu/stubs-lp64.h", O_RDONLY|O_NOCTTY) = -1 ENOENT (No such file or directory)
2166794 openat(AT_FDCWD</home/riomus/runs/sfora-standalone-gpu-sha-build-source-v1>, "/usr/include/aarch64-linux-gnu/c++/13/gnu/stubs-lp64.h", O_RDONLY|O_NOCTTY) = -1 ENOENT (No such file or directory)
2166794 openat(AT_FDCWD</home/riomus/runs/sfora-standalone-gpu-sha-build-source-v1>, "/usr/include/c++/13/backward/gnu/stubs-lp64.h", O_RDONLY|O_NOCTTY) = -1 ENOENT (No such file or directory)
2166794 openat(AT_FDCWD</home/riomus/runs/sfora-standalone-gpu-sha-build-source-v1>, "/usr/lib/gcc/aarch64-linux-gnu/13/include/gnu/stubs-lp64.h", O_RDONLY|O_NOCTTY) = -1 ENOENT (No such file or directory)
2166794 openat(AT_FDCWD</home/riomus/runs/sfora-standalone-gpu-sha-build-source-v1>, "/usr/local/include/gnu/stubs-lp64.h", O_RDONLY|O_NOCTTY) = -1 ENOENT (No such file or directory)
2166794 openat(AT_FDCWD</home/riomus/runs/sfora-standalone-gpu-sha-build-source-v1>, "/usr/include/aarch64-linux-gnu/gnu/stubs-lp64.h", O_RDONLY|O_NOCTTY) = 4</usr/include/aarch64-linux-gnu/gnu/stubs-lp64.h>
2166794 openat(AT_FDCWD</home/riomus/runs/sfora-standalone-gpu-sha-build-source-v1>, "/home/riomus/toolchains/cuda-13.4-wheel-env/lib/python3.12/site-packages/nvidia/cu13/bin/../include/builtin_types.h", O_RDONLY|O_NOCTTY) = 4</home/riomus/toolchains/cuda-13.4-wheel-env/lib/python3.12/site-packages/nvidia/cu13/include/builtin_types.h>
2166794 openat(AT_FDCWD</home/riomus/runs/sfora-standalone-gpu-sha-build-source-v1>, "/home/riomus/toolchains/cuda-13.4-wheel-env/lib/python3.12/site-packages/nvidia/cu13/bin/../include/device_types.h", O_RDONLY|O_NOCTTY) = 4</home/riomus/toolchains/cuda-13.4-wheel-env/lib/python3.12/site-packages/nvidia/cu13/include/device_types.h>
2166794 openat(AT_FDCWD</home/riomus/runs/sfora-standalone-gpu-sha-build-source-v1>, "/home/riomus/toolchains/cuda-13.4-wheel-env/lib/python3.12/site-packages/nvidia/cu13/bin/../include/crt/host_defines.h", O_RDONLY|O_NOCTTY) = 4</home/riomus/toolchains/cuda-13.4-wheel-env/lib/python3.12/site-packages/nvidia/cu13/include/crt/host_defines.h>
2166794 openat(AT_FDCWD</home/riomus/runs/sfora-standalone-gpu-sha-build-source-v1>, "/home/riomus/toolchains/cuda-13.4-wheel-env/lib/python3.12/site-packages/nvidia/cu13/bin/../include/ctype.h", O_RDONLY|O_NOCTTY) = -1 ENOENT (No such file or directory)
2166794 openat(AT_FDCWD</home/riomus/runs/sfora-standalone-gpu-sha-build-source-v1>, "/usr/include/c++/13/ctype.h", O_RDONLY|O_NOCTTY) = -1 ENOENT (No such file or directory)
2166794 openat(AT_FDCWD</home/riomus/runs/sfora-standalone-gpu-sha-build-source-v1>, "/usr/include/aarch64-linux-gnu/c++/13/ctype.h", O_RDONLY|O_NOCTTY) = -1 ENOENT (No such file or directory)
2166794 openat(AT_FDCWD</home/riomus/runs/sfora-standalone-gpu-sha-build-source-v1>, "/usr/include/c++/13/backward/ctype.h", O_RDONLY|O_NOCTTY) = -1 ENOENT (No such file or directory)
2166794 openat(AT_FDCWD</home/riomus/runs/sfora-standalone-gpu-sha-build-source-v1>, "/usr/lib/gcc/aarch64-linux-gnu/13/include/ctype.h", O_RDONLY|O_NOCTTY) = -1 ENOENT (No such file or directory)
2166794 openat(AT_FDCWD</home/riomus/runs/sfora-standalone-gpu-sha-build-source-v1>, "/usr/local/include/ctype.h", O_RDONLY|O_NOCTTY) = -1 ENOENT (No such file or directory)
2166794 openat(AT_FDCWD</home/riomus/runs/sfora-standalone-gpu-sha-build-source-v1>, "/usr/include/aarch64-linux-gnu/ctype.h", O_RDONLY|O_NOCTTY) = -1 ENOENT (No such file or directory)
2166794 openat(AT_FDCWD</home/riomus/runs/sfora-standalone-gpu-sha-build-source-v1>, "/usr/include/ctype.h", O_RDONLY|O_NOCTTY) = 4</usr/include/ctype.h>
2166794 openat(AT_FDCWD</home/riomus/runs/sfora-standalone-gpu-sha-build-source-v1>, "/home/riomus/toolchains/cuda-13.4-wheel-env/lib/python3.12/site-packages/nvidia/cu13/bin/../include/bits/types.h", O_RDONLY|O_NOCTTY) = -1 ENOENT (No such file or directory)
2166794 openat(AT_FDCWD</home/riomus/runs/sfora-standalone-gpu-sha-build-source-v1>, "/usr/include/c++/13/bits/types.h", O_RDONLY|O_NOCTTY) = -1 ENOENT (No such file or directory)
2166794 openat(AT_FDCWD</home/riomus/runs/sfora-standalone-gpu-sha-build-source-v1>, "/usr/include/aarch64-linux-gnu/c++/13/bits/types.h", O_RDONLY|O_NOCTTY) = -1 ENOENT (No such file or directory)
2166794 openat(AT_FDCWD</home/riomus/runs/sfora-standalone-gpu-sha-build-source-v1>, "/usr/include/c++/13/backward/bits/types.h", O_RDONLY|O_NOCTTY) = -1 ENOENT (No such file or directory)
2166794 openat(AT_FDCWD</home/riomus/runs/sfora-standalone-gpu-sha-build-source-v1>, "/usr/lib/gcc/aarch64-linux-gnu/13/include/bits/types.h", O_RDONLY|O_NOCTTY) = -1 ENOENT (No such file or directory)
2166794 openat(AT_FDCWD</home/riomus/runs/sfora-standalone-gpu-sha-build-source-v1>, "/usr/local/include/bits/types.h", O_RDONLY|O_NOCTTY) = -1 ENOENT (No such file or directory)
2166794 openat(AT_FDCWD</home/riomus/runs/sfora-standalone-gpu-sha-build-source-v1>, "/usr/include/aarch64-linux-gnu/bits/types.h", O_RDONLY|O_NOCTTY) = 4</usr/include/aarch64-linux-gnu/bits/types.h>
2166794 openat(AT_FDCWD</home/riomus/runs/sfora-standalone-gpu-sha-build-source-v1>, "/usr/include/aarch64-linux-gnu/bits/wordsize.h", O_RDONLY|O_NOCTTY) = 4</usr/include/aarch64-linux-gnu/bits/wordsize.h>
2166794 openat(AT_FDCWD</home/riomus/runs/sfora-standalone-gpu-sha-build-source-v1>, "/usr/include/aarch64-linux-gnu/bits/timesize.h", O_RDONLY|O_NOCTTY) = 4</usr/include/aarch64-linux-gnu/bits/timesize.h>
2166794 openat(AT_FDCWD</home/riomus/runs/sfora-standalone-gpu-sha-build-source-v1>, "/home/riomus/toolchains/cuda-13.4-wheel-env/lib/python3.12/site-packages/nvidia/cu13/bin/../include/bits/typesizes.h", O_RDONLY|O_NOCTTY) = -1 ENOENT (No such file or directory)
2166794 openat(AT_FDCWD</home/riomus/runs/sfora-standalone-gpu-sha-build-source-v1>, "/usr/include/c++/13/bits/typesizes.h", O_RDONLY|O_NOCTTY) = -1 ENOENT (No such file or directory)
2166794 openat(AT_FDCWD</home/riomus/runs/sfora-standalone-gpu-sha-build-source-v1>, "/usr/include/aarch64-linux-gnu/c++/13/bits/typesizes.h", O_RDONLY|O_NOCTTY) = -1 ENOENT (No such file or directory)
2166794 openat(AT_FDCWD</home/riomus/runs/sfora-standalone-gpu-sha-build-source-v1>, "/usr/include/c++/13/backward/bits/typesizes.h", O_RDONLY|O_NOCTTY) = -1 ENOENT (No such file or directory)
2166794 openat(AT_FDCWD</home/riomus/runs/sfora-standalone-gpu-sha-build-source-v1>, "/usr/lib/gcc/aarch64-linux-gnu/13/include/bits/typesizes.h", O_RDONLY|O_NOCTTY) = -1 ENOENT (No such file or directory)
2166794 openat(AT_FDCWD</home/riomus/runs/sfora-standalone-gpu-sha-build-source-v1>, "/usr/local/include/bits/typesizes.h", O_RDONLY|O_NOCTTY) = -1 ENOENT (No such file or directory)
2166794 openat(AT_FDCWD</home/riomus/runs/sfora-standalone-gpu-sha-build-source-v1>, "/usr/include/aarch64-linux-gnu/bits/typesizes.h", O_RDONLY|O_NOCTTY) = 4</usr/include/aarch64-linux-gnu/bits/typesizes.h>
2166794 openat(AT_FDCWD</home/riomus/runs/sfora-standalone-gpu-sha-build-source-v1>, "/home/riomus/toolchains/cuda-13.4-wheel-env/lib/python3.12/site-packages/nvidia/cu13/bin/../include/bits/time64.h", O_RDONLY|O_NOCTTY) = -1 ENOENT (No such file or directory)
2166794 openat(AT_FDCWD</home/riomus/runs/sfora-standalone-gpu-sha-build-source-v1>, "/usr/include/c++/13/bits/time64.h", O_RDONLY|O_NOCTTY) = -1 ENOENT (No such file or directory)
2166794 openat(AT_FDCWD</home/riomus/runs/sfora-standalone-gpu-sha-build-source-v1>, "/usr/include/aarch64-linux-gnu/c++/13/bits/time64.h", O_RDONLY|O_NOCTTY) = -1 ENOENT (No such file or directory)
2166794 openat(AT_FDCWD</home/riomus/runs/sfora-standalone-gpu-sha-build-source-v1>, "/usr/include/c++/13/backward/bits/time64.h", O_RDONLY|O_NOCTTY) = -1 ENOENT (No such file or directory)
2166794 openat(AT_FDCWD</home/riomus/runs/sfora-standalone-gpu-sha-build-source-v1>, "/usr/lib/gcc/aarch64-linux-gnu/13/include/bits/time64.h", O_RDONLY|O_NOCTTY) = -1 ENOENT (No such file or directory)
2166794 openat(AT_FDCWD</home/riomus/runs/sfora-standalone-gpu-sha-build-source-v1>, "/usr/local/include/bits/time64.h", O_RDONLY|O_NOCTTY) = -1 ENOENT (No such file or directory)
2166794 openat(AT_FDCWD</home/riomus/runs/sfora-standalone-gpu-sha-build-source-v1>, "/usr/include/aarch64-linux-gnu/bits/time64.h", O_RDONLY|O_NOCTTY) = 4</usr/include/aarch64-linux-gnu/bits/time64.h>
2166794 openat(AT_FDCWD</home/riomus/runs/sfora-standalone-gpu-sha-build-source-v1>, "/home/riomus/toolchains/cuda-13.4-wheel-env/lib/python3.12/site-packages/nvidia/cu13/bin/../include/bits/endian.h", O_RDONLY|O_NOCTTY) = -1 ENOENT (No such file or directory)
2166794 openat(AT_FDCWD</home/riomus/runs/sfora-standalone-gpu-sha-build-source-v1>, "/usr/include/c++/13/bits/endian.h", O_RDONLY|O_NOCTTY) = -1 ENOENT (No such file or directory)
2166794 openat(AT_FDCWD</home/riomus/runs/sfora-standalone-gpu-sha-build-source-v1>, "/usr/include/aarch64-linux-gnu/c++/13/bits/endian.h", O_RDONLY|O_NOCTTY) = -1 ENOENT (No such file or directory)
2166794 openat(AT_FDCWD</home/riomus/runs/sfora-standalone-gpu-sha-build-source-v1>, "/usr/include/c++/13/backward/bits/endian.h", O_RDONLY|O_NOCTTY) = -1 ENOENT (No such file or directory)
2166794 openat(AT_FDCWD</home/riomus/runs/sfora-standalone-gpu-sha-build-source-v1>, "/usr/lib/gcc/aarch64-linux-gnu/13/include/bits/endian.h", O_RDONLY|O_NOCTTY) = -1 ENOENT (No such file or directory)
2166794 openat(AT_FDCWD</home/riomus/runs/sfora-standalone-gpu-sha-build-source-v1>, "/usr/local/include/bits/endian.h", O_RDONLY|O_NOCTTY) = -1 ENOENT (No such file or directory)
2166794 openat(AT_FDCWD</home/riomus/runs/sfora-standalone-gpu-sha-build-source-v1>, "/usr/include/aarch64-linux-gnu/bits/endian.h", O_RDONLY|O_NOCTTY) = 4</usr/include/aarch64-linux-gnu/bits/endian.h>
2166794 openat(AT_FDCWD</home/riomus/runs/sfora-standalone-gpu-sha-build-source-v1>, "/home/riomus/toolchains/cuda-13.4-wheel-env/lib/python3.12/site-packages/nvidia/cu13/bin/../include/bits/endianness.h", O_RDONLY|O_NOCTTY) = -1 ENOENT (No such file or directory)
2166794 openat(AT_FDCWD</home/riomus/runs/sfora-standalone-gpu-sha-build-source-v1>, "/usr/include/c++/13/bits/endianness.h", O_RDONLY|O_NOCTTY) = -1 ENOENT (No such file or directory)
2166794 openat(AT_FDCWD</home/riomus/runs/sfora-standalone-gpu-sha-build-source-v1>, "/usr/include/aarch64-linux-gnu/c++/13/bits/endianness.h", O_RDONLY|O_NOCTTY) = -1 ENOENT (No such file or directory)
2166794 openat(AT_FDCWD</home/riomus/runs/sfora-standalone-gpu-sha-build-source-v1>, "/usr/include/c++/13/backward/bits/endianness.h", O_RDONLY|O_NOCTTY) = -1 ENOENT (No such file or directory)
2166794 openat(AT_FDCWD</home/riomus/runs/sfora-standalone-gpu-sha-build-source-v1>, "/usr/lib/gcc/aarch64-linux-gnu/13/include/bits/endianness.h", O_RDONLY|O_NOCTTY) = -1 ENOENT (No such file or directory)
2166794 openat(AT_FDCWD</home/riomus/runs/sfora-standalone-gpu-sha-build-source-v1>, "/usr/local/include/bits/endianness.h", O_RDONLY|O_NOCTTY) = -1 ENOENT (No such file or directory)
2166794 openat(AT_FDCWD</home/riomus/runs/sfora-standalone-gpu-sha-build-source-v1>, "/usr/include/aarch64-linux-gnu/bits/endianness.h", O_RDONLY|O_NOCTTY) = 4</usr/include/aarch64-linux-gnu/bits/endianness.h>
2166794 openat(AT_FDCWD</home/riomus/runs/sfora-standalone-gpu-sha-build-source-v1>, "/home/riomus/toolchains/cuda-13.4-wheel-env/lib/python3.12/site-packages/nvidia/cu13/bin/../include/bits/types/locale_t.h", O_RDONLY|O_NOCTTY) = -1 ENOENT (No such file or directory)
2166794 openat(AT_FDCWD</home/riomus/runs/sfora-standalone-gpu-sha-build-source-v1>, "/usr/include/c++/13/bits/types/locale_t.h", O_RDONLY|O_NOCTTY) = -1 ENOENT (No such file or directory)
2166794 openat(AT_FDCWD</home/riomus/runs/sfora-standalone-gpu-sha-build-source-v1>, "/usr/include/aarch64-linux-gnu/c++/13/bits/types/locale_t.h", O_RDONLY|O_NOCTTY) = -1 ENOENT (No such file or directory)
2166794 openat(AT_FDCWD</home/riomus/runs/sfora-standalone-gpu-sha-build-source-v1>, "/usr/include/c++/13/backward/bits/types/locale_t.h", O_RDONLY|O_NOCTTY) = -1 ENOENT (No such file or directory)
2166794 openat(AT_FDCWD</home/riomus/runs/sfora-standalone-gpu-sha-build-source-v1>, "/usr/lib/gcc/aarch64-linux-gnu/13/include/bits/types/locale_t.h", O_RDONLY|O_NOCTTY) = -1 ENOENT (No such file or directory)
2166794 openat(AT_FDCWD</home/riomus/runs/sfora-standalone-gpu-sha-build-source-v1>, "/usr/local/include/bits/types/locale_t.h", O_RDONLY|O_NOCTTY) = -1 ENOENT (No such file or directory)
2166794 openat(AT_FDCWD</home/riomus/runs/sfora-standalone-gpu-sha-build-source-v1>, "/usr/include/aarch64-linux-gnu/bits/types/locale_t.h", O_RDONLY|O_NOCTTY) = 4</usr/include/aarch64-linux-gnu/bits/types/locale_t.h>
2166794 openat(AT_FDCWD</home/riomus/runs/sfora-standalone-gpu-sha-build-source-v1>, "/home/riomus/toolchains/cuda-13.4-wheel-env/lib/python3.12/site-packages/nvidia/cu13/bin/../include/bits/types/__locale_t.h", O_RDONLY|O_NOCTTY) = -1 ENOENT (No such file or directory)
2166794 openat(AT_FDCWD</home/riomus/runs/sfora-standalone-gpu-sha-build-source-v1>, "/usr/include/c++/13/bits/types/__locale_t.h", O_RDONLY|O_NOCTTY) = -1 ENOENT (No such file or directory)
2166794 openat(AT_FDCWD</home/riomus/runs/sfora-standalone-gpu-sha-build-source-v1>, "/usr/include/aarch64-linux-gnu/c++/13/bits/types/__locale_t.h", O_RDONLY|O_NOCTTY) = -1 ENOENT (No such file or directory)
2166794 openat(AT_FDCWD</home/riomus/runs/sfora-standalone-gpu-sha-build-source-v1>, "/usr/include/c++/13/backward/bits/types/__locale_t.h", O_RDONLY|O_NOCTTY) = -1 ENOENT (No such file or directory)
2166794 openat(AT_FDCWD</home/riomus/runs/sfora-standalone-gpu-sha-build-source-v1>, "/usr/lib/gcc/aarch64-linux-gnu/13/include/bits/types/__locale_t.h", O_RDONLY|O_NOCTTY) = -1 ENOENT (No such file or directory)
2166794 openat(AT_FDCWD</home/riomus/runs/sfora-standalone-gpu-sha-build-source-v1>, "/usr/local/include/bits/types/__locale_t.h", O_RDONLY|O_NOCTTY) = -1 ENOENT (No such file or directory)
2166794 openat(AT_FDCWD</home/riomus/runs/sfora-standalone-gpu-sha-build-source-v1>, "/usr/include/aarch64-linux-gnu/bits/types/__locale_t.h", O_RDONLY|O_NOCTTY) = 4</usr/include/aarch64-linux-gnu/bits/types/__locale_t.h>
2166794 openat(AT_FDCWD</home/riomus/runs/sfora-standalone-gpu-sha-build-source-v1>, "/home/riomus/toolchains/cuda-13.4-wheel-env/lib/python3.12/site-packages/nvidia/cu13/bin/../include/driver_types.h", O_RDONLY|O_NOCTTY) = 4</home/riomus/toolchains/cuda-13.4-wheel-env/lib/python3.12/site-packages/nvidia/cu13/include/driver_types.h>
2166794 openat(AT_FDCWD</home/riomus/runs/sfora-standalone-gpu-sha-build-source-v1>, "/home/riomus/toolchains/cuda-13.4-wheel-env/lib/python3.12/site-packages/nvidia/cu13/bin/../include/crt/host_defines.h", O_RDONLY|O_NOCTTY) = 4</home/riomus/toolchains/cuda-13.4-wheel-env/lib/python3.12/site-packages/nvidia/cu13/include/crt/host_defines.h>
2166794 openat(AT_FDCWD</home/riomus/runs/sfora-standalone-gpu-sha-build-source-v1>, "/home/riomus/toolchains/cuda-13.4-wheel-env/lib/python3.12/site-packages/nvidia/cu13/bin/../include/vector_types.h", O_RDONLY|O_NOCTTY) = 4</home/riomus/toolchains/cuda-13.4-wheel-env/lib/python3.12/site-packages/nvidia/cu13/include/vector_types.h>
2166794 openat(AT_FDCWD</home/riomus/runs/sfora-standalone-gpu-sha-build-source-v1>, "/home/riomus/toolchains/cuda-13.4-wheel-env/lib/python3.12/site-packages/nvidia/cu13/bin/../include/crt/host_defines.h", O_RDONLY|O_NOCTTY) = 4</home/riomus/toolchains/cuda-13.4-wheel-env/lib/python3.12/site-packages/nvidia/cu13/include/crt/host_defines.h>
2166794 openat(AT_FDCWD</home/riomus/runs/sfora-standalone-gpu-sha-build-source-v1>, "/home/riomus/toolchains/cuda-13.4-wheel-env/lib/python3.12/site-packages/nvidia/cu13/bin/../include/limits.h", O_RDONLY|O_NOCTTY) = -1 ENOENT (No such file or directory)
2166794 openat(AT_FDCWD</home/riomus/runs/sfora-standalone-gpu-sha-build-source-v1>, "/usr/include/c++/13/limits.h", O_RDONLY|O_NOCTTY) = -1 ENOENT (No such file or directory)
2166794 openat(AT_FDCWD</home/riomus/runs/sfora-standalone-gpu-sha-build-source-v1>, "/usr/include/aarch64-linux-gnu/c++/13/limits.h", O_RDONLY|O_NOCTTY) = -1 ENOENT (No such file or directory)
2166794 openat(AT_FDCWD</home/riomus/runs/sfora-standalone-gpu-sha-build-source-v1>, "/usr/include/c++/13/backward/limits.h", O_RDONLY|O_NOCTTY) = -1 ENOENT (No such file or directory)
2166794 openat(AT_FDCWD</home/riomus/runs/sfora-standalone-gpu-sha-build-source-v1>, "/usr/lib/gcc/aarch64-linux-gnu/13/include/limits.h", O_RDONLY|O_NOCTTY) = 4</usr/lib/gcc/aarch64-linux-gnu/13/include/limits.h>
2166794 openat(AT_FDCWD</home/riomus/runs/sfora-standalone-gpu-sha-build-source-v1>, "/usr/lib/gcc/aarch64-linux-gnu/13/include/syslimits.h", O_RDONLY|O_NOCTTY) = 4</usr/lib/gcc/aarch64-linux-gnu/13/include/syslimits.h>
2166794 openat(AT_FDCWD</home/riomus/runs/sfora-standalone-gpu-sha-build-source-v1>, "/usr/lib/gcc/aarch64-linux-gnu/13/include/limits.h", O_RDONLY|O_NOCTTY) = 4</usr/lib/gcc/aarch64-linux-gnu/13/include/limits.h>
2166794 openat(AT_FDCWD</home/riomus/runs/sfora-standalone-gpu-sha-build-source-v1>, "/usr/local/include/limits.h", O_RDONLY|O_NOCTTY) = -1 ENOENT (No such file or directory)
2166794 openat(AT_FDCWD</home/riomus/runs/sfora-standalone-gpu-sha-build-source-v1>, "/usr/include/aarch64-linux-gnu/limits.h", O_RDONLY|O_NOCTTY) = -1 ENOENT (No such file or directory)
2166794 openat(AT_FDCWD</home/riomus/runs/sfora-standalone-gpu-sha-build-source-v1>, "/usr/include/limits.h", O_RDONLY|O_NOCTTY) = 4</usr/include/limits.h>
2166794 openat(AT_FDCWD</home/riomus/runs/sfora-standalone-gpu-sha-build-source-v1>, "/home/riomus/toolchains/cuda-13.4-wheel-env/lib/python3.12/site-packages/nvidia/cu13/bin/../include/bits/libc-header-start.h", O_RDONLY|O_NOCTTY) = -1 ENOENT (No such file or directory)
2166794 openat(AT_FDCWD</home/riomus/runs/sfora-standalone-gpu-sha-build-source-v1>, "/usr/include/c++/13/bits/libc-header-start.h", O_RDONLY|O_NOCTTY) = -1 ENOENT (No such file or directory)
2166794 openat(AT_FDCWD</home/riomus/runs/sfora-standalone-gpu-sha-build-source-v1>, "/usr/include/aarch64-linux-gnu/c++/13/bits/libc-header-start.h", O_RDONLY|O_NOCTTY) = -1 ENOENT (No such file or directory)
2166794 openat(AT_FDCWD</home/riomus/runs/sfora-standalone-gpu-sha-build-source-v1>, "/usr/include/c++/13/backward/bits/libc-header-start.h", O_RDONLY|O_NOCTTY) = -1 ENOENT (No such file or directory)
2166794 openat(AT_FDCWD</home/riomus/runs/sfora-standalone-gpu-sha-build-source-v1>, "/usr/lib/gcc/aarch64-linux-gnu/13/include/bits/libc-header-start.h", O_RDONLY|O_NOCTTY) = -1 ENOENT (No such file or directory)
2166794 openat(AT_FDCWD</home/riomus/runs/sfora-standalone-gpu-sha-build-source-v1>, "/usr/local/include/bits/libc-header-start.h", O_RDONLY|O_NOCTTY) = -1 ENOENT (No such file or directory)
2166794 openat(AT_FDCWD</home/riomus/runs/sfora-standalone-gpu-sha-build-source-v1>, "/usr/include/aarch64-linux-gnu/bits/libc-header-start.h", O_RDONLY|O_NOCTTY) = 4</usr/include/aarch64-linux-gnu/bits/libc-header-start.h>
2166794 openat(AT_FDCWD</home/riomus/runs/sfora-standalone-gpu-sha-build-source-v1>, "/home/riomus/toolchains/cuda-13.4-wheel-env/lib/python3.12/site-packages/nvidia/cu13/bin/../include/bits/posix1_lim.h", O_RDONLY|O_NOCTTY) = -1 ENOENT (No such file or directory)
2166794 openat(AT_FDCWD</home/riomus/runs/sfora-standalone-gpu-sha-build-source-v1>, "/usr/include/c++/13/bits/posix1_lim.h", O_RDONLY|O_NOCTTY) = -1 ENOENT (No such file or directory)
2166794 openat(AT_FDCWD</home/riomus/runs/sfora-standalone-gpu-sha-build-source-v1>, "/usr/include/aarch64-linux-gnu/c++/13/bits/posix1_lim.h", O_RDONLY|O_NOCTTY) = -1 ENOENT (No such file or directory)
2166794 openat(AT_FDCWD</home/riomus/runs/sfora-standalone-gpu-sha-build-source-v1>, "/usr/include/c++/13/backward/bits/posix1_lim.h", O_RDONLY|O_NOCTTY) = -1 ENOENT (No such file or directory)
2166794 openat(AT_FDCWD</home/riomus/runs/sfora-standalone-gpu-sha-build-source-v1>, "/usr/lib/gcc/aarch64-linux-gnu/13/include/bits/posix1_lim.h", O_RDONLY|O_NOCTTY) = -1 ENOENT (No such file or directory)
2166794 openat(AT_FDCWD</home/riomus/runs/sfora-standalone-gpu-sha-build-source-v1>, "/usr/local/include/bits/posix1_lim.h", O_RDONLY|O_NOCTTY) = -1 ENOENT (No such file or directory)
2166794 openat(AT_FDCWD</home/riomus/runs/sfora-standalone-gpu-sha-build-source-v1>, "/usr/include/aarch64-linux-gnu/bits/posix1_lim.h", O_RDONLY|O_NOCTTY) = 4</usr/include/aarch64-linux-gnu/bits/posix1_lim.h>
2166794 openat(AT_FDCWD</home/riomus/runs/sfora-standalone-gpu-sha-build-source-v1>, "/usr/include/aarch64-linux-gnu/bits/wordsize.h", O_RDONLY|O_NOCTTY) = 4</usr/include/aarch64-linux-gnu/bits/wordsize.h>
2166794 openat(AT_FDCWD</home/riomus/runs/sfora-standalone-gpu-sha-build-source-v1>, "/home/riomus/toolchains/cuda-13.4-wheel-env/lib/python3.12/site-packages/nvidia/cu13/bin/../include/bits/local_lim.h", O_RDONLY|O_NOCTTY) = -1 ENOENT (No such file or directory)
2166794 openat(AT_FDCWD</home/riomus/runs/sfora-standalone-gpu-sha-build-source-v1>, "/usr/include/c++/13/bits/local_lim.h", O_RDONLY|O_NOCTTY) = -1 ENOENT (No such file or directory)
2166794 openat(AT_FDCWD</home/riomus/runs/sfora-standalone-gpu-sha-build-source-v1>, "/usr/include/aarch64-linux-gnu/c++/13/bits/local_lim.h", O_RDONLY|O_NOCTTY) = -1 ENOENT (No such file or directory)
2166794 openat(AT_FDCWD</home/riomus/runs/sfora-standalone-gpu-sha-build-source-v1>, "/usr/include/c++/13/backward/bits/local_lim.h", O_RDONLY|O_NOCTTY) = -1 ENOENT (No such file or directory)
2166794 openat(AT_FDCWD</home/riomus/runs/sfora-standalone-gpu-sha-build-source-v1>, "/usr/lib/gcc/aarch64-linux-gnu/13/include/bits/local_lim.h", O_RDONLY|O_NOCTTY) = -1 ENOENT (No such file or directory)
2166794 openat(AT_FDCWD</home/riomus/runs/sfora-standalone-gpu-sha-build-source-v1>, "/usr/local/include/bits/local_lim.h", O_RDONLY|O_NOCTTY) = -1 ENOENT (No such file or directory)
2166794 openat(AT_FDCWD</home/riomus/runs/sfora-standalone-gpu-sha-build-source-v1>, "/usr/include/aarch64-linux-gnu/bits/local_lim.h", O_RDONLY|O_NOCTTY) = 4</usr/include/aarch64-linux-gnu/bits/local_lim.h>
2166794 openat(AT_FDCWD</home/riomus/runs/sfora-standalone-gpu-sha-build-source-v1>, "/home/riomus/toolchains/cuda-13.4-wheel-env/lib/python3.12/site-packages/nvidia/cu13/bin/../include/linux/limits.h", O_RDONLY|O_NOCTTY) = -1 ENOENT (No such file or directory)
2166794 openat(AT_FDCWD</home/riomus/runs/sfora-standalone-gpu-sha-build-source-v1>, "/usr/include/c++/13/linux/limits.h", O_RDONLY|O_NOCTTY) = -1 ENOENT (No such file or directory)
2166794 openat(AT_FDCWD</home/riomus/runs/sfora-standalone-gpu-sha-build-source-v1>, "/usr/include/aarch64-linux-gnu/c++/13/linux/limits.h", O_RDONLY|O_NOCTTY) = -1 ENOENT (No such file or directory)
2166794 openat(AT_FDCWD</home/riomus/runs/sfora-standalone-gpu-sha-build-source-v1>, "/usr/include/c++/13/backward/linux/limits.h", O_RDONLY|O_NOCTTY) = -1 ENOENT (No such file or directory)
2166794 openat(AT_FDCWD</home/riomus/runs/sfora-standalone-gpu-sha-build-source-v1>, "/usr/lib/gcc/aarch64-linux-gnu/13/include/linux/limits.h", O_RDONLY|O_NOCTTY) = -1 ENOENT (No such file or directory)
2166794 openat(AT_FDCWD</home/riomus/runs/sfora-standalone-gpu-sha-build-source-v1>, "/usr/local/include/linux/limits.h", O_RDONLY|O_NOCTTY) = -1 ENOENT (No such file or directory)
2166794 openat(AT_FDCWD</home/riomus/runs/sfora-standalone-gpu-sha-build-source-v1>, "/usr/include/aarch64-linux-gnu/linux/limits.h", O_RDONLY|O_NOCTTY) = -1 ENOENT (No such file or directory)
2166794 openat(AT_FDCWD</home/riomus/runs/sfora-standalone-gpu-sha-build-source-v1>, "/usr/include/linux/limits.h", O_RDONLY|O_NOCTTY) = 4</usr/include/linux/limits.h>
2166794 openat(AT_FDCWD</home/riomus/runs/sfora-standalone-gpu-sha-build-source-v1>, "/home/riomus/toolchains/cuda-13.4-wheel-env/lib/python3.12/site-packages/nvidia/cu13/bin/../include/bits/pthread_stack_min-dynamic.h", O_RDONLY|O_NOCTTY) = -1 ENOENT (No such file or directory)
2166794 openat(AT_FDCWD</home/riomus/runs/sfora-standalone-gpu-sha-build-source-v1>, "/usr/include/c++/13/bits/pthread_stack_min-dynamic.h", O_RDONLY|O_NOCTTY) = -1 ENOENT (No such file or directory)
2166794 openat(AT_FDCWD</home/riomus/runs/sfora-standalone-gpu-sha-build-source-v1>, "/usr/include/aarch64-linux-gnu/c++/13/bits/pthread_stack_min-dynamic.h", O_RDONLY|O_NOCTTY) = -1 ENOENT (No such file or directory)
2166794 openat(AT_FDCWD</home/riomus/runs/sfora-standalone-gpu-sha-build-source-v1>, "/usr/include/c++/13/backward/bits/pthread_stack_min-dynamic.h", O_RDONLY|O_NOCTTY) = -1 ENOENT (No such file or directory)
2166794 openat(AT_FDCWD</home/riomus/runs/sfora-standalone-gpu-sha-build-source-v1>, "/usr/lib/gcc/aarch64-linux-gnu/13/include/bits/pthread_stack_min-dynamic.h", O_RDONLY|O_NOCTTY) = -1 ENOENT (No such file or directory)
2166794 openat(AT_FDCWD</home/riomus/runs/sfora-standalone-gpu-sha-build-source-v1>, "/usr/local/include/bits/pthread_stack_min-dynamic.h", O_RDONLY|O_NOCTTY) = -1 ENOENT (No such file or directory)
2166794 openat(AT_FDCWD</home/riomus/runs/sfora-standalone-gpu-sha-build-source-v1>, "/usr/include/aarch64-linux-gnu/bits/pthread_stack_min-dynamic.h", O_RDONLY|O_NOCTTY) = 4</usr/include/aarch64-linux-gnu/bits/pthread_stack_min-dynamic.h>
2166794 openat(AT_FDCWD</home/riomus/runs/sfora-standalone-gpu-sha-build-source-v1>, "/home/riomus/toolchains/cuda-13.4-wheel-env/lib/python3.12/site-packages/nvidia/cu13/bin/../include/bits/posix2_lim.h", O_RDONLY|O_NOCTTY) = -1 ENOENT (No such file or directory)
2166794 openat(AT_FDCWD</home/riomus/runs/sfora-standalone-gpu-sha-build-source-v1>, "/usr/include/c++/13/bits/posix2_lim.h", O_RDONLY|O_NOCTTY) = -1 ENOENT (No such file or directory)
2166794 openat(AT_FDCWD</home/riomus/runs/sfora-standalone-gpu-sha-build-source-v1>, "/usr/include/aarch64-linux-gnu/c++/13/bits/posix2_lim.h", O_RDONLY|O_NOCTTY) = -1 ENOENT (No such file or directory)
2166794 openat(AT_FDCWD</home/riomus/runs/sfora-standalone-gpu-sha-build-source-v1>, "/usr/include/c++/13/backward/bits/posix2_lim.h", O_RDONLY|O_NOCTTY) = -1 ENOENT (No such file or directory)
2166794 openat(AT_FDCWD</home/riomus/runs/sfora-standalone-gpu-sha-build-source-v1>, "/usr/lib/gcc/aarch64-linux-gnu/13/include/bits/posix2_lim.h", O_RDONLY|O_NOCTTY) = -1 ENOENT (No such file or directory)
2166794 openat(AT_FDCWD</home/riomus/runs/sfora-standalone-gpu-sha-build-source-v1>, "/usr/local/include/bits/posix2_lim.h", O_RDONLY|O_NOCTTY) = -1 ENOENT (No such file or directory)
2166794 openat(AT_FDCWD</home/riomus/runs/sfora-standalone-gpu-sha-build-source-v1>, "/usr/include/aarch64-linux-gnu/bits/posix2_lim.h", O_RDONLY|O_NOCTTY) = 4</usr/include/aarch64-linux-gnu/bits/posix2_lim.h>
2166794 openat(AT_FDCWD</home/riomus/runs/sfora-standalone-gpu-sha-build-source-v1>, "/home/riomus/toolchains/cuda-13.4-wheel-env/lib/python3.12/site-packages/nvidia/cu13/bin/../include/bits/xopen_lim.h", O_RDONLY|O_NOCTTY) = -1 ENOENT (No such file or directory)
2166794 openat(AT_FDCWD</home/riomus/runs/sfora-standalone-gpu-sha-build-source-v1>, "/usr/include/c++/13/bits/xopen_lim.h", O_RDONLY|O_NOCTTY) = -1 ENOENT (No such file or directory)
2166794 openat(AT_FDCWD</home/riomus/runs/sfora-standalone-gpu-sha-build-source-v1>, "/usr/include/aarch64-linux-gnu/c++/13/bits/xopen_lim.h", O_RDONLY|O_NOCTTY) = -1 ENOENT (No such file or directory)
2166794 openat(AT_FDCWD</home/riomus/runs/sfora-standalone-gpu-sha-build-source-v1>, "/usr/include/c++/13/backward/bits/xopen_lim.h", O_RDONLY|O_NOCTTY) = -1 ENOENT (No such file or directory)
2166794 openat(AT_FDCWD</home/riomus/runs/sfora-standalone-gpu-sha-build-source-v1>, "/usr/lib/gcc/aarch64-linux-gnu/13/include/bits/xopen_lim.h", O_RDONLY|O_NOCTTY) = -1 ENOENT (No such file or directory)
2166794 openat(AT_FDCWD</home/riomus/runs/sfora-standalone-gpu-sha-build-source-v1>, "/usr/local/include/bits/xopen_lim.h", O_RDONLY|O_NOCTTY) = -1 ENOENT (No such file or directory)
2166794 openat(AT_FDCWD</home/riomus/runs/sfora-standalone-gpu-sha-build-source-v1>, "/usr/include/aarch64-linux-gnu/bits/xopen_lim.h", O_RDONLY|O_NOCTTY) = 4</usr/include/aarch64-linux-gnu/bits/xopen_lim.h>
2166794 openat(AT_FDCWD</home/riomus/runs/sfora-standalone-gpu-sha-build-source-v1>, "/home/riomus/toolchains/cuda-13.4-wheel-env/lib/python3.12/site-packages/nvidia/cu13/bin/../include/bits/uio_lim.h", O_RDONLY|O_NOCTTY) = -1 ENOENT (No such file or directory)
2166794 openat(AT_FDCWD</home/riomus/runs/sfora-standalone-gpu-sha-build-source-v1>, "/usr/include/c++/13/bits/uio_lim.h", O_RDONLY|O_NOCTTY) = -1 ENOENT (No such file or directory)
2166794 openat(AT_FDCWD</home/riomus/runs/sfora-standalone-gpu-sha-build-source-v1>, "/usr/include/aarch64-linux-gnu/c++/13/bits/uio_lim.h", O_RDONLY|O_NOCTTY) = -1 ENOENT (No such file or directory)
2166794 openat(AT_FDCWD</home/riomus/runs/sfora-standalone-gpu-sha-build-source-v1>, "/usr/include/c++/13/backward/bits/uio_lim.h", O_RDONLY|O_NOCTTY) = -1 ENOENT (No such file or directory)
2166794 openat(AT_FDCWD</home/riomus/runs/sfora-standalone-gpu-sha-build-source-v1>, "/usr/lib/gcc/aarch64-linux-gnu/13/include/bits/uio_lim.h", O_RDONLY|O_NOCTTY) = -1 ENOENT (No such file or directory)
2166794 openat(AT_FDCWD</home/riomus/runs/sfora-standalone-gpu-sha-build-source-v1>, "/usr/local/include/bits/uio_lim.h", O_RDONLY|O_NOCTTY) = -1 ENOENT (No such file or directory)
2166794 openat(AT_FDCWD</home/riomus/runs/sfora-standalone-gpu-sha-build-source-v1>, "/usr/include/aarch64-linux-gnu/bits/uio_lim.h", O_RDONLY|O_NOCTTY) = 4</usr/include/aarch64-linux-gnu/bits/uio_lim.h>
2166794 openat(AT_FDCWD</home/riomus/runs/sfora-standalone-gpu-sha-build-source-v1>, "/home/riomus/toolchains/cuda-13.4-wheel-env/lib/python3.12/site-packages/nvidia/cu13/bin/../include/stddef.h", O_RDONLY|O_NOCTTY) = -1 ENOENT (No such file or directory)
2166794 openat(AT_FDCWD</home/riomus/runs/sfora-standalone-gpu-sha-build-source-v1>, "/usr/include/c++/13/stddef.h", O_RDONLY|O_NOCTTY) = -1 ENOENT (No such file or directory)
2166794 openat(AT_FDCWD</home/riomus/runs/sfora-standalone-gpu-sha-build-source-v1>, "/usr/include/aarch64-linux-gnu/c++/13/stddef.h", O_RDONLY|O_NOCTTY) = -1 ENOENT (No such file or directory)
2166794 openat(AT_FDCWD</home/riomus/runs/sfora-standalone-gpu-sha-build-source-v1>, "/usr/include/c++/13/backward/stddef.h", O_RDONLY|O_NOCTTY) = -1 ENOENT (No such file or directory)
2166794 openat(AT_FDCWD</home/riomus/runs/sfora-standalone-gpu-sha-build-source-v1>, "/usr/lib/gcc/aarch64-linux-gnu/13/include/stddef.h", O_RDONLY|O_NOCTTY) = 4</usr/lib/gcc/aarch64-linux-gnu/13/include/stddef.h>
2166794 openat(AT_FDCWD</home/riomus/runs/sfora-standalone-gpu-sha-build-source-v1>, "/home/riomus/toolchains/cuda-13.4-wheel-env/lib/python3.12/site-packages/nvidia/cu13/bin/../include/surface_types.h", O_RDONLY|O_NOCTTY) = 4</home/riomus/toolchains/cuda-13.4-wheel-env/lib/python3.12/site-packages/nvidia/cu13/include/surface_types.h>
2166794 openat(AT_FDCWD</home/riomus/runs/sfora-standalone-gpu-sha-build-source-v1>, "/home/riomus/toolchains/cuda-13.4-wheel-env/lib/python3.12/site-packages/nvidia/cu13/bin/../include/texture_types.h", O_RDONLY|O_NOCTTY) = 4</home/riomus/toolchains/cuda-13.4-wheel-env/lib/python3.12/site-packages/nvidia/cu13/include/texture_types.h>
2166794 openat(AT_FDCWD</home/riomus/runs/sfora-standalone-gpu-sha-build-source-v1>, "/home/riomus/toolchains/cuda-13.4-wheel-env/lib/python3.12/site-packages/nvidia/cu13/bin/../include/library_types.h", O_RDONLY|O_NOCTTY) = 4</home/riomus/toolchains/cuda-13.4-wheel-env/lib/python3.12/site-packages/nvidia/cu13/include/library_types.h>
2166794 openat(AT_FDCWD</home/riomus/runs/sfora-standalone-gpu-sha-build-source-v1>, "/home/riomus/toolchains/cuda-13.4-wheel-env/lib/python3.12/site-packages/nvidia/cu13/bin/../include/channel_descriptor.h", O_RDONLY|O_NOCTTY) = 4</home/riomus/toolchains/cuda-13.4-wheel-env/lib/python3.12/site-packages/nvidia/cu13/include/channel_descriptor.h>
2166794 openat(AT_FDCWD</home/riomus/runs/sfora-standalone-gpu-sha-build-source-v1>, "/home/riomus/toolchains/cuda-13.4-wheel-env/lib/python3.12/site-packages/nvidia/cu13/bin/../include/cuda_runtime_api.h", O_RDONLY|O_NOCTTY) = 4</home/riomus/toolchains/cuda-13.4-wheel-env/lib/python3.12/site-packages/nvidia/cu13/include/cuda_runtime_api.h>
2166794 openat(AT_FDCWD</home/riomus/runs/sfora-standalone-gpu-sha-build-source-v1>, "/home/riomus/toolchains/cuda-13.4-wheel-env/lib/python3.12/site-packages/nvidia/cu13/bin/../include/crt/host_defines.h", O_RDONLY|O_NOCTTY) = 4</home/riomus/toolchains/cuda-13.4-wheel-env/lib/python3.12/site-packages/nvidia/cu13/include/crt/host_defines.h>
2166794 openat(AT_FDCWD</home/riomus/runs/sfora-standalone-gpu-sha-build-source-v1>, "/home/riomus/toolchains/cuda-13.4-wheel-env/lib/python3.12/site-packages/nvidia/cu13/bin/../include/builtin_types.h", O_RDONLY|O_NOCTTY) = 4</home/riomus/toolchains/cuda-13.4-wheel-env/lib/python3.12/site-packages/nvidia/cu13/include/builtin_types.h>
2166794 openat(AT_FDCWD</home/riomus/runs/sfora-standalone-gpu-sha-build-source-v1>, "/home/riomus/toolchains/cuda-13.4-wheel-env/lib/python3.12/site-packages/nvidia/cu13/bin/../include/cuda_device_runtime_api.h", O_RDONLY|O_NOCTTY) = 4</home/riomus/toolchains/cuda-13.4-wheel-env/lib/python3.12/site-packages/nvidia/cu13/include/cuda_device_runtime_api.h>
2166794 openat(AT_FDCWD</home/riomus/runs/sfora-standalone-gpu-sha-build-source-v1>, "/home/riomus/toolchains/cuda-13.4-wheel-env/lib/python3.12/site-packages/nvidia/cu13/bin/../include/stdlib.h", O_RDONLY|O_NOCTTY) = -1 ENOENT (No such file or directory)
2166794 openat(AT_FDCWD</home/riomus/runs/sfora-standalone-gpu-sha-build-source-v1>, "/usr/include/c++/13/stdlib.h", O_RDONLY|O_NOCTTY) = 4</usr/include/c++/13/stdlib.h>
2166794 openat(AT_FDCWD</home/riomus/runs/sfora-standalone-gpu-sha-build-source-v1>, "/home/riomus/toolchains/cuda-13.4-wheel-env/lib/python3.12/site-packages/nvidia/cu13/bin/../include/cstdlib", O_RDONLY|O_NOCTTY) = -1 ENOENT (No such file or directory)
2166794 openat(AT_FDCWD</home/riomus/runs/sfora-standalone-gpu-sha-build-source-v1>, "/usr/include/c++/13/cstdlib", O_RDONLY|O_NOCTTY) = 4</usr/include/c++/13/cstdlib>
2166794 openat(AT_FDCWD</home/riomus/runs/sfora-standalone-gpu-sha-build-source-v1>, "/home/riomus/toolchains/cuda-13.4-wheel-env/lib/python3.12/site-packages/nvidia/cu13/bin/../include/bits/c++config.h", O_RDONLY|O_NOCTTY) = -1 ENOENT (No such file or directory)
2166794 openat(AT_FDCWD</home/riomus/runs/sfora-standalone-gpu-sha-build-source-v1>, "/usr/include/c++/13/bits/c++config.h", O_RDONLY|O_NOCTTY) = -1 ENOENT (No such file or directory)
2166794 openat(AT_FDCWD</home/riomus/runs/sfora-standalone-gpu-sha-build-source-v1>, "/usr/include/aarch64-linux-gnu/c++/13/bits/c++config.h", O_RDONLY|O_NOCTTY) = 4</usr/include/aarch64-linux-gnu/c++/13/bits/c++config.h>
2166794 openat(AT_FDCWD</home/riomus/runs/sfora-standalone-gpu-sha-build-source-v1>, "/home/riomus/toolchains/cuda-13.4-wheel-env/lib/python3.12/site-packages/nvidia/cu13/bin/../include/bits/os_defines.h", O_RDONLY|O_NOCTTY) = -1 ENOENT (No such file or directory)
2166794 openat(AT_FDCWD</home/riomus/runs/sfora-standalone-gpu-sha-build-source-v1>, "/usr/include/c++/13/bits/os_defines.h", O_RDONLY|O_NOCTTY) = -1 ENOENT (No such file or directory)
2166794 openat(AT_FDCWD</home/riomus/runs/sfora-standalone-gpu-sha-build-source-v1>, "/usr/include/aarch64-linux-gnu/c++/13/bits/os_defines.h", O_RDONLY|O_NOCTTY) = 4</usr/include/aarch64-linux-gnu/c++/13/bits/os_defines.h>
2166794 openat(AT_FDCWD</home/riomus/runs/sfora-standalone-gpu-sha-build-source-v1>, "/home/riomus/toolchains/cuda-13.4-wheel-env/lib/python3.12/site-packages/nvidia/cu13/bin/../include/bits/cpu_defines.h", O_RDONLY|O_NOCTTY) = -1 ENOENT (No such file or directory)
2166794 openat(AT_FDCWD</home/riomus/runs/sfora-standalone-gpu-sha-build-source-v1>, "/usr/include/c++/13/bits/cpu_defines.h", O_RDONLY|O_NOCTTY) = -1 ENOENT (No such file or directory)
2166794 openat(AT_FDCWD</home/riomus/runs/sfora-standalone-gpu-sha-build-source-v1>, "/usr/include/aarch64-linux-gnu/c++/13/bits/cpu_defines.h", O_RDONLY|O_NOCTTY) = 4</usr/include/aarch64-linux-gnu/c++/13/bits/cpu_defines.h>
2166794 openat(AT_FDCWD</home/riomus/runs/sfora-standalone-gpu-sha-build-source-v1>, "/home/riomus/toolchains/cuda-13.4-wheel-env/lib/python3.12/site-packages/nvidia/cu13/bin/../include/pstl/pstl_config.h", O_RDONLY|O_NOCTTY) = -1 ENOENT (No such file or directory)
2166794 openat(AT_FDCWD</home/riomus/runs/sfora-standalone-gpu-sha-build-source-v1>, "/usr/include/c++/13/pstl/pstl_config.h", O_RDONLY|O_NOCTTY) = 4</usr/include/c++/13/pstl/pstl_config.h>
2166794 openat(AT_FDCWD</home/riomus/runs/sfora-standalone-gpu-sha-build-source-v1>, "/home/riomus/toolchains/cuda-13.4-wheel-env/lib/python3.12/site-packages/nvidia/cu13/bin/../include/tbb/tbb.h", O_RDONLY|O_NOCTTY) = -1 ENOENT (No such file or directory)
2166794 openat(AT_FDCWD</home/riomus/runs/sfora-standalone-gpu-sha-build-source-v1>, "/usr/include/c++/13/tbb/tbb.h", O_RDONLY|O_NOCTTY) = -1 ENOENT (No such file or directory)
2166794 openat(AT_FDCWD</home/riomus/runs/sfora-standalone-gpu-sha-build-source-v1>, "/usr/include/aarch64-linux-gnu/c++/13/tbb/tbb.h", O_RDONLY|O_NOCTTY) = -1 ENOENT (No such file or directory)
2166794 openat(AT_FDCWD</home/riomus/runs/sfora-standalone-gpu-sha-build-source-v1>, "/usr/include/c++/13/backward/tbb/tbb.h", O_RDONLY|O_NOCTTY) = -1 ENOENT (No such file or directory)
2166794 openat(AT_FDCWD</home/riomus/runs/sfora-standalone-gpu-sha-build-source-v1>, "/usr/lib/gcc/aarch64-linux-gnu/13/include/tbb/tbb.h", O_RDONLY|O_NOCTTY) = -1 ENOENT (No such file or directory)
2166794 openat(AT_FDCWD</home/riomus/runs/sfora-standalone-gpu-sha-build-source-v1>, "/usr/local/include/tbb/tbb.h", O_RDONLY|O_NOCTTY) = -1 ENOENT (No such file or directory)
2166794 openat(AT_FDCWD</home/riomus/runs/sfora-standalone-gpu-sha-build-source-v1>, "/usr/include/aarch64-linux-gnu/tbb/tbb.h", O_RDONLY|O_NOCTTY) = -1 ENOENT (No such file or directory)
2166794 openat(AT_FDCWD</home/riomus/runs/sfora-standalone-gpu-sha-build-source-v1>, "/usr/include/tbb/tbb.h", O_RDONLY|O_NOCTTY) = -1 ENOENT (No such file or directory)
2166794 openat(AT_FDCWD</home/riomus/runs/sfora-standalone-gpu-sha-build-source-v1>, "/usr/include/aarch64-linux-gnu/c++/13/stdlib.h", O_RDONLY|O_NOCTTY) = -1 ENOENT (No such file or directory)
2166794 openat(AT_FDCWD</home/riomus/runs/sfora-standalone-gpu-sha-build-source-v1>, "/usr/include/c++/13/backward/stdlib.h", O_RDONLY|O_NOCTTY) = -1 ENOENT (No such file or directory)
2166794 openat(AT_FDCWD</home/riomus/runs/sfora-standalone-gpu-sha-build-source-v1>, "/usr/lib/gcc/aarch64-linux-gnu/13/include/stdlib.h", O_RDONLY|O_NOCTTY) = -1 ENOENT (No such file or directory)
2166794 openat(AT_FDCWD</home/riomus/runs/sfora-standalone-gpu-sha-build-source-v1>, "/usr/local/include/stdlib.h", O_RDONLY|O_NOCTTY) = -1 ENOENT (No such file or directory)
2166794 openat(AT_FDCWD</home/riomus/runs/sfora-standalone-gpu-sha-build-source-v1>, "/usr/include/aarch64-linux-gnu/stdlib.h", O_RDONLY|O_NOCTTY) = -1 ENOENT (No such file or directory)
2166794 openat(AT_FDCWD</home/riomus/runs/sfora-standalone-gpu-sha-build-source-v1>, "/usr/include/stdlib.h", O_RDONLY|O_NOCTTY) = 4</usr/include/stdlib.h>
2166794 openat(AT_FDCWD</home/riomus/runs/sfora-standalone-gpu-sha-build-source-v1>, "/usr/include/aarch64-linux-gnu/bits/libc-header-start.h", O_RDONLY|O_NOCTTY) = 4</usr/include/aarch64-linux-gnu/bits/libc-header-start.h>
2166794 openat(AT_FDCWD</home/riomus/runs/sfora-standalone-gpu-sha-build-source-v1>, "/usr/lib/gcc/aarch64-linux-gnu/13/include/stddef.h", O_RDONLY|O_NOCTTY) = 4</usr/lib/gcc/aarch64-linux-gnu/13/include/stddef.h>
2166794 openat(AT_FDCWD</home/riomus/runs/sfora-standalone-gpu-sha-build-source-v1>, "/home/riomus/toolchains/cuda-13.4-wheel-env/lib/python3.12/site-packages/nvidia/cu13/bin/../include/bits/waitflags.h", O_RDONLY|O_NOCTTY) = -1 ENOENT (No such file or directory)
2166794 openat(AT_FDCWD</home/riomus/runs/sfora-standalone-gpu-sha-build-source-v1>, "/usr/include/c++/13/bits/waitflags.h", O_RDONLY|O_NOCTTY) = -1 ENOENT (No such file or directory)
2166794 openat(AT_FDCWD</home/riomus/runs/sfora-standalone-gpu-sha-build-source-v1>, "/usr/include/aarch64-linux-gnu/c++/13/bits/waitflags.h", O_RDONLY|O_NOCTTY) = -1 ENOENT (No such file or directory)
2166794 openat(AT_FDCWD</home/riomus/runs/sfora-standalone-gpu-sha-build-source-v1>, "/usr/include/c++/13/backward/bits/waitflags.h", O_RDONLY|O_NOCTTY) = -1 ENOENT (No such file or directory)
2166794 openat(AT_FDCWD</home/riomus/runs/sfora-standalone-gpu-sha-build-source-v1>, "/usr/lib/gcc/aarch64-linux-gnu/13/include/bits/waitflags.h", O_RDONLY|O_NOCTTY) = -1 ENOENT (No such file or directory)
2166794 openat(AT_FDCWD</home/riomus/runs/sfora-standalone-gpu-sha-build-source-v1>, "/usr/local/include/bits/waitflags.h", O_RDONLY|O_NOCTTY) = -1 ENOENT (No such file or directory)
2166794 openat(AT_FDCWD</home/riomus/runs/sfora-standalone-gpu-sha-build-source-v1>, "/usr/include/aarch64-linux-gnu/bits/waitflags.h", O_RDONLY|O_NOCTTY) = 4</usr/include/aarch64-linux-gnu/bits/waitflags.h>
2166794 openat(AT_FDCWD</home/riomus/runs/sfora-standalone-gpu-sha-build-source-v1>, "/home/riomus/toolchains/cuda-13.4-wheel-env/lib/python3.12/site-packages/nvidia/cu13/bin/../include/bits/waitstatus.h", O_RDONLY|O_NOCTTY) = -1 ENOENT (No such file or directory)
2166794 openat(AT_FDCWD</home/riomus/runs/sfora-standalone-gpu-sha-build-source-v1>, "/usr/include/c++/13/bits/waitstatus.h", O_RDONLY|O_NOCTTY) = -1 ENOENT (No such file or directory)
2166794 openat(AT_FDCWD</home/riomus/runs/sfora-standalone-gpu-sha-build-source-v1>, "/usr/include/aarch64-linux-gnu/c++/13/bits/waitstatus.h", O_RDONLY|O_NOCTTY) = -1 ENOENT (No such file or directory)
2166794 openat(AT_FDCWD</home/riomus/runs/sfora-standalone-gpu-sha-build-source-v1>, "/usr/include/c++/13/backward/bits/waitstatus.h", O_RDONLY|O_NOCTTY) = -1 ENOENT (No such file or directory)
2166794 openat(AT_FDCWD</home/riomus/runs/sfora-standalone-gpu-sha-build-source-v1>, "/usr/lib/gcc/aarch64-linux-gnu/13/include/bits/waitstatus.h", O_RDONLY|O_NOCTTY) = -1 ENOENT (No such file or directory)
2166794 openat(AT_FDCWD</home/riomus/runs/sfora-standalone-gpu-sha-build-source-v1>, "/usr/local/include/bits/waitstatus.h", O_RDONLY|O_NOCTTY) = -1 ENOENT (No such file or directory)
2166794 openat(AT_FDCWD</home/riomus/runs/sfora-standalone-gpu-sha-build-source-v1>, "/usr/include/aarch64-linux-gnu/bits/waitstatus.h", O_RDONLY|O_NOCTTY) = 4</usr/include/aarch64-linux-gnu/bits/waitstatus.h>
2166794 openat(AT_FDCWD</home/riomus/runs/sfora-standalone-gpu-sha-build-source-v1>, "/home/riomus/toolchains/cuda-13.4-wheel-env/lib/python3.12/site-packages/nvidia/cu13/bin/../include/bits/floatn.h", O_RDONLY|O_NOCTTY) = -1 ENOENT (No such file or directory)
2166794 openat(AT_FDCWD</home/riomus/runs/sfora-standalone-gpu-sha-build-source-v1>, "/usr/include/c++/13/bits/floatn.h", O_RDONLY|O_NOCTTY) = -1 ENOENT (No such file or directory)
2166794 openat(AT_FDCWD</home/riomus/runs/sfora-standalone-gpu-sha-build-source-v1>, "/usr/include/aarch64-linux-gnu/c++/13/bits/floatn.h", O_RDONLY|O_NOCTTY) = -1 ENOENT (No such file or directory)
2166794 openat(AT_FDCWD</home/riomus/runs/sfora-standalone-gpu-sha-build-source-v1>, "/usr/include/c++/13/backward/bits/floatn.h", O_RDONLY|O_NOCTTY) = -1 ENOENT (No such file or directory)
2166794 openat(AT_FDCWD</home/riomus/runs/sfora-standalone-gpu-sha-build-source-v1>, "/usr/lib/gcc/aarch64-linux-gnu/13/include/bits/floatn.h", O_RDONLY|O_NOCTTY) = -1 ENOENT (No such file or directory)
2166794 openat(AT_FDCWD</home/riomus/runs/sfora-standalone-gpu-sha-build-source-v1>, "/usr/local/include/bits/floatn.h", O_RDONLY|O_NOCTTY) = -1 ENOENT (No such file or directory)
2166794 openat(AT_FDCWD</home/riomus/runs/sfora-standalone-gpu-sha-build-source-v1>, "/usr/include/aarch64-linux-gnu/bits/floatn.h", O_RDONLY|O_NOCTTY) = 4</usr/include/aarch64-linux-gnu/bits/floatn.h>
2166794 openat(AT_FDCWD</home/riomus/runs/sfora-standalone-gpu-sha-build-source-v1>, "/usr/include/aarch64-linux-gnu/bits/long-double.h", O_RDONLY|O_NOCTTY) = 4</usr/include/aarch64-linux-gnu/bits/long-double.h>
2166794 openat(AT_FDCWD</home/riomus/runs/sfora-standalone-gpu-sha-build-source-v1>, "/home/riomus/toolchains/cuda-13.4-wheel-env/lib/python3.12/site-packages/nvidia/cu13/bin/../include/bits/floatn-common.h", O_RDONLY|O_NOCTTY) = -1 ENOENT (No such file or directory)
2166794 openat(AT_FDCWD</home/riomus/runs/sfora-standalone-gpu-sha-build-source-v1>, "/usr/include/c++/13/bits/floatn-common.h", O_RDONLY|O_NOCTTY) = -1 ENOENT (No such file or directory)
2166794 openat(AT_FDCWD</home/riomus/runs/sfora-standalone-gpu-sha-build-source-v1>, "/usr/include/aarch64-linux-gnu/c++/13/bits/floatn-common.h", O_RDONLY|O_NOCTTY) = -1 ENOENT (No such file or directory)
2166794 openat(AT_FDCWD</home/riomus/runs/sfora-standalone-gpu-sha-build-source-v1>, "/usr/include/c++/13/backward/bits/floatn-common.h", O_RDONLY|O_NOCTTY) = -1 ENOENT (No such file or directory)
2166794 openat(AT_FDCWD</home/riomus/runs/sfora-standalone-gpu-sha-build-source-v1>, "/usr/lib/gcc/aarch64-linux-gnu/13/include/bits/floatn-common.h", O_RDONLY|O_NOCTTY) = -1 ENOENT (No such file or directory)
2166794 openat(AT_FDCWD</home/riomus/runs/sfora-standalone-gpu-sha-build-source-v1>, "/usr/local/include/bits/floatn-common.h", O_RDONLY|O_NOCTTY) = -1 ENOENT (No such file or directory)
2166794 openat(AT_FDCWD</home/riomus/runs/sfora-standalone-gpu-sha-build-source-v1>, "/usr/include/aarch64-linux-gnu/bits/floatn-common.h", O_RDONLY|O_NOCTTY) = 4</usr/include/aarch64-linux-gnu/bits/floatn-common.h>
2166794 openat(AT_FDCWD</home/riomus/runs/sfora-standalone-gpu-sha-build-source-v1>, "/usr/include/aarch64-linux-gnu/bits/long-double.h", O_RDONLY|O_NOCTTY) = 4</usr/include/aarch64-linux-gnu/bits/long-double.h>
2166794 openat(AT_FDCWD</home/riomus/runs/sfora-standalone-gpu-sha-build-source-v1>, "/home/riomus/toolchains/cuda-13.4-wheel-env/lib/python3.12/site-packages/nvidia/cu13/bin/../include/sys/types.h", O_RDONLY|O_NOCTTY) = -1 ENOENT (No such file or directory)
2166794 openat(AT_FDCWD</home/riomus/runs/sfora-standalone-gpu-sha-build-source-v1>, "/usr/include/c++/13/sys/types.h", O_RDONLY|O_NOCTTY) = -1 ENOENT (No such file or directory)
2166794 openat(AT_FDCWD</home/riomus/runs/sfora-standalone-gpu-sha-build-source-v1>, "/usr/include/aarch64-linux-gnu/c++/13/sys/types.h", O_RDONLY|O_NOCTTY) = -1 ENOENT (No such file or directory)
2166794 openat(AT_FDCWD</home/riomus/runs/sfora-standalone-gpu-sha-build-source-v1>, "/usr/include/c++/13/backward/sys/types.h", O_RDONLY|O_NOCTTY) = -1 ENOENT (No such file or directory)
2166794 openat(AT_FDCWD</home/riomus/runs/sfora-standalone-gpu-sha-build-source-v1>, "/usr/lib/gcc/aarch64-linux-gnu/13/include/sys/types.h", O_RDONLY|O_NOCTTY) = -1 ENOENT (No such file or directory)
2166794 openat(AT_FDCWD</home/riomus/runs/sfora-standalone-gpu-sha-build-source-v1>, "/usr/local/include/sys/types.h", O_RDONLY|O_NOCTTY) = -1 ENOENT (No such file or directory)
2166794 openat(AT_FDCWD</home/riomus/runs/sfora-standalone-gpu-sha-build-source-v1>, "/usr/include/aarch64-linux-gnu/sys/types.h", O_RDONLY|O_NOCTTY) = 4</usr/include/aarch64-linux-gnu/sys/types.h>
2166794 openat(AT_FDCWD</home/riomus/runs/sfora-standalone-gpu-sha-build-source-v1>, "/home/riomus/toolchains/cuda-13.4-wheel-env/lib/python3.12/site-packages/nvidia/cu13/bin/../include/bits/types/clock_t.h", O_RDONLY|O_NOCTTY) = -1 ENOENT (No such file or directory)
2166794 openat(AT_FDCWD</home/riomus/runs/sfora-standalone-gpu-sha-build-source-v1>, "/usr/include/c++/13/bits/types/clock_t.h", O_RDONLY|O_NOCTTY) = -1 ENOENT (No such file or directory)
2166794 openat(AT_FDCWD</home/riomus/runs/sfora-standalone-gpu-sha-build-source-v1>, "/usr/include/aarch64-linux-gnu/c++/13/bits/types/clock_t.h", O_RDONLY|O_NOCTTY) = -1 ENOENT (No such file or directory)
2166794 openat(AT_FDCWD</home/riomus/runs/sfora-standalone-gpu-sha-build-source-v1>, "/usr/include/c++/13/backward/bits/types/clock_t.h", O_RDONLY|O_NOCTTY) = -1 ENOENT (No such file or directory)
2166794 openat(AT_FDCWD</home/riomus/runs/sfora-standalone-gpu-sha-build-source-v1>, "/usr/lib/gcc/aarch64-linux-gnu/13/include/bits/types/clock_t.h", O_RDONLY|O_NOCTTY) = -1 ENOENT (No such file or directory)
2166794 openat(AT_FDCWD</home/riomus/runs/sfora-standalone-gpu-sha-build-source-v1>, "/usr/local/include/bits/types/clock_t.h", O_RDONLY|O_NOCTTY) = -1 ENOENT (No such file or directory)
2166794 openat(AT_FDCWD</home/riomus/runs/sfora-standalone-gpu-sha-build-source-v1>, "/usr/include/aarch64-linux-gnu/bits/types/clock_t.h", O_RDONLY|O_NOCTTY) = 4</usr/include/aarch64-linux-gnu/bits/types/clock_t.h>
2166794 openat(AT_FDCWD</home/riomus/runs/sfora-standalone-gpu-sha-build-source-v1>, "/home/riomus/toolchains/cuda-13.4-wheel-env/lib/python3.12/site-packages/nvidia/cu13/bin/../include/bits/types/clockid_t.h", O_RDONLY|O_NOCTTY) = -1 ENOENT (No such file or directory)
2166794 openat(AT_FDCWD</home/riomus/runs/sfora-standalone-gpu-sha-build-source-v1>, "/usr/include/c++/13/bits/types/clockid_t.h", O_RDONLY|O_NOCTTY) = -1 ENOENT (No such file or directory)
2166794 openat(AT_FDCWD</home/riomus/runs/sfora-standalone-gpu-sha-build-source-v1>, "/usr/include/aarch64-linux-gnu/c++/13/bits/types/clockid_t.h", O_RDONLY|O_NOCTTY) = -1 ENOENT (No such file or directory)
2166794 openat(AT_FDCWD</home/riomus/runs/sfora-standalone-gpu-sha-build-source-v1>, "/usr/include/c++/13/backward/bits/types/clockid_t.h", O_RDONLY|O_NOCTTY) = -1 ENOENT (No such file or directory)
2166794 openat(AT_FDCWD</home/riomus/runs/sfora-standalone-gpu-sha-build-source-v1>, "/usr/lib/gcc/aarch64-linux-gnu/13/include/bits/types/clockid_t.h", O_RDONLY|O_NOCTTY) = -1 ENOENT (No such file or directory)
2166794 openat(AT_FDCWD</home/riomus/runs/sfora-standalone-gpu-sha-build-source-v1>, "/usr/local/include/bits/types/clockid_t.h", O_RDONLY|O_NOCTTY) = -1 ENOENT (No such file or directory)
2166794 openat(AT_FDCWD</home/riomus/runs/sfora-standalone-gpu-sha-build-source-v1>, "/usr/include/aarch64-linux-gnu/bits/types/clockid_t.h", O_RDONLY|O_NOCTTY) = 4</usr/include/aarch64-linux-gnu/bits/types/clockid_t.h>
2166794 openat(AT_FDCWD</home/riomus/runs/sfora-standalone-gpu-sha-build-source-v1>, "/home/riomus/toolchains/cuda-13.4-wheel-env/lib/python3.12/site-packages/nvidia/cu13/bin/../include/bits/types/time_t.h", O_RDONLY|O_NOCTTY) = -1 ENOENT (No such file or directory)
2166794 openat(AT_FDCWD</home/riomus/runs/sfora-standalone-gpu-sha-build-source-v1>, "/usr/include/c++/13/bits/types/time_t.h", O_RDONLY|O_NOCTTY) = -1 ENOENT (No such file or directory)
2166794 openat(AT_FDCWD</home/riomus/runs/sfora-standalone-gpu-sha-build-source-v1>, "/usr/include/aarch64-linux-gnu/c++/13/bits/types/time_t.h", O_RDONLY|O_NOCTTY) = -1 ENOENT (No such file or directory)
2166794 openat(AT_FDCWD</home/riomus/runs/sfora-standalone-gpu-sha-build-source-v1>, "/usr/include/c++/13/backward/bits/types/time_t.h", O_RDONLY|O_NOCTTY) = -1 ENOENT (No such file or directory)
2166794 openat(AT_FDCWD</home/riomus/runs/sfora-standalone-gpu-sha-build-source-v1>, "/usr/lib/gcc/aarch64-linux-gnu/13/include/bits/types/time_t.h", O_RDONLY|O_NOCTTY) = -1 ENOENT (No such file or directory)
2166794 openat(AT_FDCWD</home/riomus/runs/sfora-standalone-gpu-sha-build-source-v1>, "/usr/local/include/bits/types/time_t.h", O_RDONLY|O_NOCTTY) = -1 ENOENT (No such file or directory)
2166794 openat(AT_FDCWD</home/riomus/runs/sfora-standalone-gpu-sha-build-source-v1>, "/usr/include/aarch64-linux-gnu/bits/types/time_t.h", O_RDONLY|O_NOCTTY) = 4</usr/include/aarch64-linux-gnu/bits/types/time_t.h>
2166794 openat(AT_FDCWD</home/riomus/runs/sfora-standalone-gpu-sha-build-source-v1>, "/home/riomus/toolchains/cuda-13.4-wheel-env/lib/python3.12/site-packages/nvidia/cu13/bin/../include/bits/types/timer_t.h", O_RDONLY|O_NOCTTY) = -1 ENOENT (No such file or directory)
2166794 openat(AT_FDCWD</home/riomus/runs/sfora-standalone-gpu-sha-build-source-v1>, "/usr/include/c++/13/bits/types/timer_t.h", O_RDONLY|O_NOCTTY) = -1 ENOENT (No such file or directory)
2166794 openat(AT_FDCWD</home/riomus/runs/sfora-standalone-gpu-sha-build-source-v1>, "/usr/include/aarch64-linux-gnu/c++/13/bits/types/timer_t.h", O_RDONLY|O_NOCTTY) = -1 ENOENT (No such file or directory)
2166794 openat(AT_FDCWD</home/riomus/runs/sfora-standalone-gpu-sha-build-source-v1>, "/usr/include/c++/13/backward/bits/types/timer_t.h", O_RDONLY|O_NOCTTY) = -1 ENOENT (No such file or directory)
2166794 openat(AT_FDCWD</home/riomus/runs/sfora-standalone-gpu-sha-build-source-v1>, "/usr/lib/gcc/aarch64-linux-gnu/13/include/bits/types/timer_t.h", O_RDONLY|O_NOCTTY) = -1 ENOENT (No such file or directory)
2166794 openat(AT_FDCWD</home/riomus/runs/sfora-standalone-gpu-sha-build-source-v1>, "/usr/local/include/bits/types/timer_t.h", O_RDONLY|O_NOCTTY) = -1 ENOENT (No such file or directory)
2166794 openat(AT_FDCWD</home/riomus/runs/sfora-standalone-gpu-sha-build-source-v1>, "/usr/include/aarch64-linux-gnu/bits/types/timer_t.h", O_RDONLY|O_NOCTTY) = 4</usr/include/aarch64-linux-gnu/bits/types/timer_t.h>
2166794 openat(AT_FDCWD</home/riomus/runs/sfora-standalone-gpu-sha-build-source-v1>, "/usr/lib/gcc/aarch64-linux-gnu/13/include/stddef.h", O_RDONLY|O_NOCTTY) = 4</usr/lib/gcc/aarch64-linux-gnu/13/include/stddef.h>
2166794 openat(AT_FDCWD</home/riomus/runs/sfora-standalone-gpu-sha-build-source-v1>, "/home/riomus/toolchains/cuda-13.4-wheel-env/lib/python3.12/site-packages/nvidia/cu13/bin/../include/bits/stdint-intn.h", O_RDONLY|O_NOCTTY) = -1 ENOENT (No such file or directory)
2166794 openat(AT_FDCWD</home/riomus/runs/sfora-standalone-gpu-sha-build-source-v1>, "/usr/include/c++/13/bits/stdint-intn.h", O_RDONLY|O_NOCTTY) = -1 ENOENT (No such file or directory)
2166794 openat(AT_FDCWD</home/riomus/runs/sfora-standalone-gpu-sha-build-source-v1>, "/usr/include/aarch64-linux-gnu/c++/13/bits/stdint-intn.h", O_RDONLY|O_NOCTTY) = -1 ENOENT (No such file or directory)
2166794 openat(AT_FDCWD</home/riomus/runs/sfora-standalone-gpu-sha-build-source-v1>, "/usr/include/c++/13/backward/bits/stdint-intn.h", O_RDONLY|O_NOCTTY) = -1 ENOENT (No such file or directory)
2166794 openat(AT_FDCWD</home/riomus/runs/sfora-standalone-gpu-sha-build-source-v1>, "/usr/lib/gcc/aarch64-linux-gnu/13/include/bits/stdint-intn.h", O_RDONLY|O_NOCTTY) = -1 ENOENT (No such file or directory)
2166794 openat(AT_FDCWD</home/riomus/runs/sfora-standalone-gpu-sha-build-source-v1>, "/usr/local/include/bits/stdint-intn.h", O_RDONLY|O_NOCTTY) = -1 ENOENT (No such file or directory)
2166794 openat(AT_FDCWD</home/riomus/runs/sfora-standalone-gpu-sha-build-source-v1>, "/usr/include/aarch64-linux-gnu/bits/stdint-intn.h", O_RDONLY|O_NOCTTY) = 4</usr/include/aarch64-linux-gnu/bits/stdint-intn.h>
2166794 openat(AT_FDCWD</home/riomus/runs/sfora-standalone-gpu-sha-build-source-v1>, "/home/riomus/toolchains/cuda-13.4-wheel-env/lib/python3.12/site-packages/nvidia/cu13/bin/../include/endian.h", O_RDONLY|O_NOCTTY) = -1 ENOENT (No such file or directory)
2166794 openat(AT_FDCWD</home/riomus/runs/sfora-standalone-gpu-sha-build-source-v1>, "/usr/include/c++/13/endian.h", O_RDONLY|O_NOCTTY) = -1 ENOENT (No such file or directory)
2166794 openat(AT_FDCWD</home/riomus/runs/sfora-standalone-gpu-sha-build-source-v1>, "/usr/include/aarch64-linux-gnu/c++/13/endian.h", O_RDONLY|O_NOCTTY) = -1 ENOENT (No such file or directory)
2166794 openat(AT_FDCWD</home/riomus/runs/sfora-standalone-gpu-sha-build-source-v1>, "/usr/include/c++/13/backward/endian.h", O_RDONLY|O_NOCTTY) = -1 ENOENT (No such file or directory)
2166794 openat(AT_FDCWD</home/riomus/runs/sfora-standalone-gpu-sha-build-source-v1>, "/usr/lib/gcc/aarch64-linux-gnu/13/include/endian.h", O_RDONLY|O_NOCTTY) = -1 ENOENT (No such file or directory)
2166794 openat(AT_FDCWD</home/riomus/runs/sfora-standalone-gpu-sha-build-source-v1>, "/usr/local/include/endian.h", O_RDONLY|O_NOCTTY) = -1 ENOENT (No such file or directory)
2166794 openat(AT_FDCWD</home/riomus/runs/sfora-standalone-gpu-sha-build-source-v1>, "/usr/include/aarch64-linux-gnu/endian.h", O_RDONLY|O_NOCTTY) = -1 ENOENT (No such file or directory)
2166794 openat(AT_FDCWD</home/riomus/runs/sfora-standalone-gpu-sha-build-source-v1>, "/usr/include/endian.h", O_RDONLY|O_NOCTTY) = 4</usr/include/endian.h>
2166794 openat(AT_FDCWD</home/riomus/runs/sfora-standalone-gpu-sha-build-source-v1>, "/home/riomus/toolchains/cuda-13.4-wheel-env/lib/python3.12/site-packages/nvidia/cu13/bin/../include/bits/byteswap.h", O_RDONLY|O_NOCTTY) = -1 ENOENT (No such file or directory)
2166794 openat(AT_FDCWD</home/riomus/runs/sfora-standalone-gpu-sha-build-source-v1>, "/usr/include/c++/13/bits/byteswap.h", O_RDONLY|O_NOCTTY) = -1 ENOENT (No such file or directory)
2166794 openat(AT_FDCWD</home/riomus/runs/sfora-standalone-gpu-sha-build-source-v1>, "/usr/include/aarch64-linux-gnu/c++/13/bits/byteswap.h", O_RDONLY|O_NOCTTY) = -1 ENOENT (No such file or directory)
2166794 openat(AT_FDCWD</home/riomus/runs/sfora-standalone-gpu-sha-build-source-v1>, "/usr/include/c++/13/backward/bits/byteswap.h", O_RDONLY|O_NOCTTY) = -1 ENOENT (No such file or directory)
2166794 openat(AT_FDCWD</home/riomus/runs/sfora-standalone-gpu-sha-build-source-v1>, "/usr/lib/gcc/aarch64-linux-gnu/13/include/bits/byteswap.h", O_RDONLY|O_NOCTTY) = -1 ENOENT (No such file or directory)
2166794 openat(AT_FDCWD</home/riomus/runs/sfora-standalone-gpu-sha-build-source-v1>, "/usr/local/include/bits/byteswap.h", O_RDONLY|O_NOCTTY) = -1 ENOENT (No such file or directory)
2166794 openat(AT_FDCWD</home/riomus/runs/sfora-standalone-gpu-sha-build-source-v1>, "/usr/include/aarch64-linux-gnu/bits/byteswap.h", O_RDONLY|O_NOCTTY) = 4</usr/include/aarch64-linux-gnu/bits/byteswap.h>
2166794 openat(AT_FDCWD</home/riomus/runs/sfora-standalone-gpu-sha-build-source-v1>, "/home/riomus/toolchains/cuda-13.4-wheel-env/lib/python3.12/site-packages/nvidia/cu13/bin/../include/bits/uintn-identity.h", O_RDONLY|O_NOCTTY) = -1 ENOENT (No such file or directory)
2166794 openat(AT_FDCWD</home/riomus/runs/sfora-standalone-gpu-sha-build-source-v1>, "/usr/include/c++/13/bits/uintn-identity.h", O_RDONLY|O_NOCTTY) = -1 ENOENT (No such file or directory)
2166794 openat(AT_FDCWD</home/riomus/runs/sfora-standalone-gpu-sha-build-source-v1>, "/usr/include/aarch64-linux-gnu/c++/13/bits/uintn-identity.h", O_RDONLY|O_NOCTTY) = -1 ENOENT (No such file or directory)
2166794 openat(AT_FDCWD</home/riomus/runs/sfora-standalone-gpu-sha-build-source-v1>, "/usr/include/c++/13/backward/bits/uintn-identity.h", O_RDONLY|O_NOCTTY) = -1 ENOENT (No such file or directory)
2166794 openat(AT_FDCWD</home/riomus/runs/sfora-standalone-gpu-sha-build-source-v1>, "/usr/lib/gcc/aarch64-linux-gnu/13/include/bits/uintn-identity.h", O_RDONLY|O_NOCTTY) = -1 ENOENT (No such file or directory)
2166794 openat(AT_FDCWD</home/riomus/runs/sfora-standalone-gpu-sha-build-source-v1>, "/usr/local/include/bits/uintn-identity.h", O_RDONLY|O_NOCTTY) = -1 ENOENT (No such file or directory)
2166794 openat(AT_FDCWD</home/riomus/runs/sfora-standalone-gpu-sha-build-source-v1>, "/usr/include/aarch64-linux-gnu/bits/uintn-identity.h", O_RDONLY|O_NOCTTY) = 4</usr/include/aarch64-linux-gnu/bits/uintn-identity.h>
2166794 openat(AT_FDCWD</home/riomus/runs/sfora-standalone-gpu-sha-build-source-v1>, "/home/riomus/toolchains/cuda-13.4-wheel-env/lib/python3.12/site-packages/nvidia/cu13/bin/../include/sys/select.h", O_RDONLY|O_NOCTTY) = -1 ENOENT (No such file or directory)
2166794 openat(AT_FDCWD</home/riomus/runs/sfora-standalone-gpu-sha-build-source-v1>, "/usr/include/c++/13/sys/select.h", O_RDONLY|O_NOCTTY) = -1 ENOENT (No such file or directory)
2166794 openat(AT_FDCWD</home/riomus/runs/sfora-standalone-gpu-sha-build-source-v1>, "/usr/include/aarch64-linux-gnu/c++/13/sys/select.h", O_RDONLY|O_NOCTTY) = -1 ENOENT (No such file or directory)
2166794 openat(AT_FDCWD</home/riomus/runs/sfora-standalone-gpu-sha-build-source-v1>, "/usr/include/c++/13/backward/sys/select.h", O_RDONLY|O_NOCTTY) = -1 ENOENT (No such file or directory)
2166794 openat(AT_FDCWD</home/riomus/runs/sfora-standalone-gpu-sha-build-source-v1>, "/usr/lib/gcc/aarch64-linux-gnu/13/include/sys/select.h", O_RDONLY|O_NOCTTY) = -1 ENOENT (No such file or directory)
2166794 openat(AT_FDCWD</home/riomus/runs/sfora-standalone-gpu-sha-build-source-v1>, "/usr/local/include/sys/select.h", O_RDONLY|O_NOCTTY) = -1 ENOENT (No such file or directory)
2166794 openat(AT_FDCWD</home/riomus/runs/sfora-standalone-gpu-sha-build-source-v1>, "/usr/include/aarch64-linux-gnu/sys/select.h", O_RDONLY|O_NOCTTY) = 4</usr/include/aarch64-linux-gnu/sys/select.h>
2166794 openat(AT_FDCWD</home/riomus/runs/sfora-standalone-gpu-sha-build-source-v1>, "/home/riomus/toolchains/cuda-13.4-wheel-env/lib/python3.12/site-packages/nvidia/cu13/bin/../include/bits/select.h", O_RDONLY|O_NOCTTY) = -1 ENOENT (No such file or directory)
2166794 openat(AT_FDCWD</home/riomus/runs/sfora-standalone-gpu-sha-build-source-v1>, "/usr/include/c++/13/bits/select.h", O_RDONLY|O_NOCTTY) = -1 ENOENT (No such file or directory)
2166794 openat(AT_FDCWD</home/riomus/runs/sfora-standalone-gpu-sha-build-source-v1>, "/usr/include/aarch64-linux-gnu/c++/13/bits/select.h", O_RDONLY|O_NOCTTY) = -1 ENOENT (No such file or directory)
2166794 openat(AT_FDCWD</home/riomus/runs/sfora-standalone-gpu-sha-build-source-v1>, "/usr/include/c++/13/backward/bits/select.h", O_RDONLY|O_NOCTTY) = -1 ENOENT (No such file or directory)
2166794 openat(AT_FDCWD</home/riomus/runs/sfora-standalone-gpu-sha-build-source-v1>, "/usr/lib/gcc/aarch64-linux-gnu/13/include/bits/select.h", O_RDONLY|O_NOCTTY) = -1 ENOENT (No such file or directory)
2166794 openat(AT_FDCWD</home/riomus/runs/sfora-standalone-gpu-sha-build-source-v1>, "/usr/local/include/bits/select.h", O_RDONLY|O_NOCTTY) = -1 ENOENT (No such file or directory)
2166794 openat(AT_FDCWD</home/riomus/runs/sfora-standalone-gpu-sha-build-source-v1>, "/usr/include/aarch64-linux-gnu/bits/select.h", O_RDONLY|O_NOCTTY) = 4</usr/include/aarch64-linux-gnu/bits/select.h>
2166794 openat(AT_FDCWD</home/riomus/runs/sfora-standalone-gpu-sha-build-source-v1>, "/home/riomus/toolchains/cuda-13.4-wheel-env/lib/python3.12/site-packages/nvidia/cu13/bin/../include/bits/types/sigset_t.h", O_RDONLY|O_NOCTTY) = -1 ENOENT (No such file or directory)
2166794 openat(AT_FDCWD</home/riomus/runs/sfora-standalone-gpu-sha-build-source-v1>, "/usr/include/c++/13/bits/types/sigset_t.h", O_RDONLY|O_NOCTTY) = -1 ENOENT (No such file or directory)
2166794 openat(AT_FDCWD</home/riomus/runs/sfora-standalone-gpu-sha-build-source-v1>, "/usr/include/aarch64-linux-gnu/c++/13/bits/types/sigset_t.h", O_RDONLY|O_NOCTTY) = -1 ENOENT (No such file or directory)
2166794 openat(AT_FDCWD</home/riomus/runs/sfora-standalone-gpu-sha-build-source-v1>, "/usr/include/c++/13/backward/bits/types/sigset_t.h", O_RDONLY|O_NOCTTY) = -1 ENOENT (No such file or directory)
2166794 openat(AT_FDCWD</home/riomus/runs/sfora-standalone-gpu-sha-build-source-v1>, "/usr/lib/gcc/aarch64-linux-gnu/13/include/bits/types/sigset_t.h", O_RDONLY|O_NOCTTY) = -1 ENOENT (No such file or directory)
2166794 openat(AT_FDCWD</home/riomus/runs/sfora-standalone-gpu-sha-build-source-v1>, "/usr/local/include/bits/types/sigset_t.h", O_RDONLY|O_NOCTTY) = -1 ENOENT (No such file or directory)
2166794 openat(AT_FDCWD</home/riomus/runs/sfora-standalone-gpu-sha-build-source-v1>, "/usr/include/aarch64-linux-gnu/bits/types/sigset_t.h", O_RDONLY|O_NOCTTY) = 4</usr/include/aarch64-linux-gnu/bits/types/sigset_t.h>
2166794 openat(AT_FDCWD</home/riomus/runs/sfora-standalone-gpu-sha-build-source-v1>, "/home/riomus/toolchains/cuda-13.4-wheel-env/lib/python3.12/site-packages/nvidia/cu13/bin/../include/bits/types/__sigset_t.h", O_RDONLY|O_NOCTTY) = -1 ENOENT (No such file or directory)
2166794 openat(AT_FDCWD</home/riomus/runs/sfora-standalone-gpu-sha-build-source-v1>, "/usr/include/c++/13/bits/types/__sigset_t.h", O_RDONLY|O_NOCTTY) = -1 ENOENT (No such file or directory)
2166794 openat(AT_FDCWD</home/riomus/runs/sfora-standalone-gpu-sha-build-source-v1>, "/usr/include/aarch64-linux-gnu/c++/13/bits/types/__sigset_t.h", O_RDONLY|O_NOCTTY) = -1 ENOENT (No such file or directory)
2166794 openat(AT_FDCWD</home/riomus/runs/sfora-standalone-gpu-sha-build-source-v1>, "/usr/include/c++/13/backward/bits/types/__sigset_t.h", O_RDONLY|O_NOCTTY) = -1 ENOENT (No such file or directory)
2166794 openat(AT_FDCWD</home/riomus/runs/sfora-standalone-gpu-sha-build-source-v1>, "/usr/lib/gcc/aarch64-linux-gnu/13/include/bits/types/__sigset_t.h", O_RDONLY|O_NOCTTY) = -1 ENOENT (No such file or directory)
2166794 openat(AT_FDCWD</home/riomus/runs/sfora-standalone-gpu-sha-build-source-v1>, "/usr/local/include/bits/types/__sigset_t.h", O_RDONLY|O_NOCTTY) = -1 ENOENT (No such file or directory)
2166794 openat(AT_FDCWD</home/riomus/runs/sfora-standalone-gpu-sha-build-source-v1>, "/usr/include/aarch64-linux-gnu/bits/types/__sigset_t.h", O_RDONLY|O_NOCTTY) = 4</usr/include/aarch64-linux-gnu/bits/types/__sigset_t.h>
2166794 openat(AT_FDCWD</home/riomus/runs/sfora-standalone-gpu-sha-build-source-v1>, "/home/riomus/toolchains/cuda-13.4-wheel-env/lib/python3.12/site-packages/nvidia/cu13/bin/../include/bits/types/struct_timeval.h", O_RDONLY|O_NOCTTY) = -1 ENOENT (No such file or directory)
2166794 openat(AT_FDCWD</home/riomus/runs/sfora-standalone-gpu-sha-build-source-v1>, "/usr/include/c++/13/bits/types/struct_timeval.h", O_RDONLY|O_NOCTTY) = -1 ENOENT (No such file or directory)
2166794 openat(AT_FDCWD</home/riomus/runs/sfora-standalone-gpu-sha-build-source-v1>, "/usr/include/aarch64-linux-gnu/c++/13/bits/types/struct_timeval.h", O_RDONLY|O_NOCTTY) = -1 ENOENT (No such file or directory)
2166794 openat(AT_FDCWD</home/riomus/runs/sfora-standalone-gpu-sha-build-source-v1>, "/usr/include/c++/13/backward/bits/types/struct_timeval.h", O_RDONLY|O_NOCTTY) = -1 ENOENT (No such file or directory)
2166794 openat(AT_FDCWD</home/riomus/runs/sfora-standalone-gpu-sha-build-source-v1>, "/usr/lib/gcc/aarch64-linux-gnu/13/include/bits/types/struct_timeval.h", O_RDONLY|O_NOCTTY) = -1 ENOENT (No such file or directory)
2166794 openat(AT_FDCWD</home/riomus/runs/sfora-standalone-gpu-sha-build-source-v1>, "/usr/local/include/bits/types/struct_timeval.h", O_RDONLY|O_NOCTTY) = -1 ENOENT (No such file or directory)
2166794 openat(AT_FDCWD</home/riomus/runs/sfora-standalone-gpu-sha-build-source-v1>, "/usr/include/aarch64-linux-gnu/bits/types/struct_timeval.h", O_RDONLY|O_NOCTTY) = 4</usr/include/aarch64-linux-gnu/bits/types/struct_timeval.h>
2166794 openat(AT_FDCWD</home/riomus/runs/sfora-standalone-gpu-sha-build-source-v1>, "/home/riomus/toolchains/cuda-13.4-wheel-env/lib/python3.12/site-packages/nvidia/cu13/bin/../include/bits/types/struct_timespec.h", O_RDONLY|O_NOCTTY) = -1 ENOENT (No such file or directory)
2166794 openat(AT_FDCWD</home/riomus/runs/sfora-standalone-gpu-sha-build-source-v1>, "/usr/include/c++/13/bits/types/struct_timespec.h", O_RDONLY|O_NOCTTY) = -1 ENOENT (No such file or directory)
2166794 openat(AT_FDCWD</home/riomus/runs/sfora-standalone-gpu-sha-build-source-v1>, "/usr/include/aarch64-linux-gnu/c++/13/bits/types/struct_timespec.h", O_RDONLY|O_NOCTTY) = -1 ENOENT (No such file or directory)
2166794 openat(AT_FDCWD</home/riomus/runs/sfora-standalone-gpu-sha-build-source-v1>, "/usr/include/c++/13/backward/bits/types/struct_timespec.h", O_RDONLY|O_NOCTTY) = -1 ENOENT (No such file or directory)
2166794 openat(AT_FDCWD</home/riomus/runs/sfora-standalone-gpu-sha-build-source-v1>, "/usr/lib/gcc/aarch64-linux-gnu/13/include/bits/types/struct_timespec.h", O_RDONLY|O_NOCTTY) = -1 ENOENT (No such file or directory)
2166794 openat(AT_FDCWD</home/riomus/runs/sfora-standalone-gpu-sha-build-source-v1>, "/usr/local/include/bits/types/struct_timespec.h", O_RDONLY|O_NOCTTY) = -1 ENOENT (No such file or directory)
2166794 openat(AT_FDCWD</home/riomus/runs/sfora-standalone-gpu-sha-build-source-v1>, "/usr/include/aarch64-linux-gnu/bits/types/struct_timespec.h", O_RDONLY|O_NOCTTY) = 4</usr/include/aarch64-linux-gnu/bits/types/struct_timespec.h>
2166794 openat(AT_FDCWD</home/riomus/runs/sfora-standalone-gpu-sha-build-source-v1>, "/home/riomus/toolchains/cuda-13.4-wheel-env/lib/python3.12/site-packages/nvidia/cu13/bin/../include/bits/select2.h", O_RDONLY|O_NOCTTY) = -1 ENOENT (No such file or directory)
2166794 openat(AT_FDCWD</home/riomus/runs/sfora-standalone-gpu-sha-build-source-v1>, "/usr/include/c++/13/bits/select2.h", O_RDONLY|O_NOCTTY) = -1 ENOENT (No such file or directory)
2166794 openat(AT_FDCWD</home/riomus/runs/sfora-standalone-gpu-sha-build-source-v1>, "/usr/include/aarch64-linux-gnu/c++/13/bits/select2.h", O_RDONLY|O_NOCTTY) = -1 ENOENT (No such file or directory)
2166794 openat(AT_FDCWD</home/riomus/runs/sfora-standalone-gpu-sha-build-source-v1>, "/usr/include/c++/13/backward/bits/select2.h", O_RDONLY|O_NOCTTY) = -1 ENOENT (No such file or directory)
2166794 openat(AT_FDCWD</home/riomus/runs/sfora-standalone-gpu-sha-build-source-v1>, "/usr/lib/gcc/aarch64-linux-gnu/13/include/bits/select2.h", O_RDONLY|O_NOCTTY) = -1 ENOENT (No such file or directory)
2166794 openat(AT_FDCWD</home/riomus/runs/sfora-standalone-gpu-sha-build-source-v1>, "/usr/local/include/bits/select2.h", O_RDONLY|O_NOCTTY) = -1 ENOENT (No such file or directory)
2166794 openat(AT_FDCWD</home/riomus/runs/sfora-standalone-gpu-sha-build-source-v1>, "/usr/include/aarch64-linux-gnu/bits/select2.h", O_RDONLY|O_NOCTTY) = 4</usr/include/aarch64-linux-gnu/bits/select2.h>
2166794 openat(AT_FDCWD</home/riomus/runs/sfora-standalone-gpu-sha-build-source-v1>, "/home/riomus/toolchains/cuda-13.4-wheel-env/lib/python3.12/site-packages/nvidia/cu13/bin/../include/bits/select-decl.h", O_RDONLY|O_NOCTTY) = -1 ENOENT (No such file or directory)
2166794 openat(AT_FDCWD</home/riomus/runs/sfora-standalone-gpu-sha-build-source-v1>, "/usr/include/c++/13/bits/select-decl.h", O_RDONLY|O_NOCTTY) = -1 ENOENT (No such file or directory)
2166794 openat(AT_FDCWD</home/riomus/runs/sfora-standalone-gpu-sha-build-source-v1>, "/usr/include/aarch64-linux-gnu/c++/13/bits/select-decl.h", O_RDONLY|O_NOCTTY) = -1 ENOENT (No such file or directory)
2166794 openat(AT_FDCWD</home/riomus/runs/sfora-standalone-gpu-sha-build-source-v1>, "/usr/include/c++/13/backward/bits/select-decl.h", O_RDONLY|O_NOCTTY) = -1 ENOENT (No such file or directory)
2166794 openat(AT_FDCWD</home/riomus/runs/sfora-standalone-gpu-sha-build-source-v1>, "/usr/lib/gcc/aarch64-linux-gnu/13/include/bits/select-decl.h", O_RDONLY|O_NOCTTY) = -1 ENOENT (No such file or directory)
2166794 openat(AT_FDCWD</home/riomus/runs/sfora-standalone-gpu-sha-build-source-v1>, "/usr/local/include/bits/select-decl.h", O_RDONLY|O_NOCTTY) = -1 ENOENT (No such file or directory)
2166794 openat(AT_FDCWD</home/riomus/runs/sfora-standalone-gpu-sha-build-source-v1>, "/usr/include/aarch64-linux-gnu/bits/select-decl.h", O_RDONLY|O_NOCTTY) = 4</usr/include/aarch64-linux-gnu/bits/select-decl.h>
2166794 openat(AT_FDCWD</home/riomus/runs/sfora-standalone-gpu-sha-build-source-v1>, "/home/riomus/toolchains/cuda-13.4-wheel-env/lib/python3.12/site-packages/nvidia/cu13/bin/../include/bits/pthreadtypes.h", O_RDONLY|O_NOCTTY) = -1 ENOENT (No such file or directory)
2166794 openat(AT_FDCWD</home/riomus/runs/sfora-standalone-gpu-sha-build-source-v1>, "/usr/include/c++/13/bits/pthreadtypes.h", O_RDONLY|O_NOCTTY) = -1 ENOENT (No such file or directory)
2166794 openat(AT_FDCWD</home/riomus/runs/sfora-standalone-gpu-sha-build-source-v1>, "/usr/include/aarch64-linux-gnu/c++/13/bits/pthreadtypes.h", O_RDONLY|O_NOCTTY) = -1 ENOENT (No such file or directory)
2166794 openat(AT_FDCWD</home/riomus/runs/sfora-standalone-gpu-sha-build-source-v1>, "/usr/include/c++/13/backward/bits/pthreadtypes.h", O_RDONLY|O_NOCTTY) = -1 ENOENT (No such file or directory)
2166794 openat(AT_FDCWD</home/riomus/runs/sfora-standalone-gpu-sha-build-source-v1>, "/usr/lib/gcc/aarch64-linux-gnu/13/include/bits/pthreadtypes.h", O_RDONLY|O_NOCTTY) = -1 ENOENT (No such file or directory)
2166794 openat(AT_FDCWD</home/riomus/runs/sfora-standalone-gpu-sha-build-source-v1>, "/usr/local/include/bits/pthreadtypes.h", O_RDONLY|O_NOCTTY) = -1 ENOENT (No such file or directory)
2166794 openat(AT_FDCWD</home/riomus/runs/sfora-standalone-gpu-sha-build-source-v1>, "/usr/include/aarch64-linux-gnu/bits/pthreadtypes.h", O_RDONLY|O_NOCTTY) = 4</usr/include/aarch64-linux-gnu/bits/pthreadtypes.h>
2166794 openat(AT_FDCWD</home/riomus/runs/sfora-standalone-gpu-sha-build-source-v1>, "/home/riomus/toolchains/cuda-13.4-wheel-env/lib/python3.12/site-packages/nvidia/cu13/bin/../include/bits/thread-shared-types.h", O_RDONLY|O_NOCTTY) = -1 ENOENT (No such file or directory)
2166794 openat(AT_FDCWD</home/riomus/runs/sfora-standalone-gpu-sha-build-source-v1>, "/usr/include/c++/13/bits/thread-shared-types.h", O_RDONLY|O_NOCTTY) = -1 ENOENT (No such file or directory)
2166794 openat(AT_FDCWD</home/riomus/runs/sfora-standalone-gpu-sha-build-source-v1>, "/usr/include/aarch64-linux-gnu/c++/13/bits/thread-shared-types.h", O_RDONLY|O_NOCTTY) = -1 ENOENT (No such file or directory)
2166794 openat(AT_FDCWD</home/riomus/runs/sfora-standalone-gpu-sha-build-source-v1>, "/usr/include/c++/13/backward/bits/thread-shared-types.h", O_RDONLY|O_NOCTTY) = -1 ENOENT (No such file or directory)
2166794 openat(AT_FDCWD</home/riomus/runs/sfora-standalone-gpu-sha-build-source-v1>, "/usr/lib/gcc/aarch64-linux-gnu/13/include/bits/thread-shared-types.h", O_RDONLY|O_NOCTTY) = -1 ENOENT (No such file or directory)
2166794 openat(AT_FDCWD</home/riomus/runs/sfora-standalone-gpu-sha-build-source-v1>, "/usr/local/include/bits/thread-shared-types.h", O_RDONLY|O_NOCTTY) = -1 ENOENT (No such file or directory)
2166794 openat(AT_FDCWD</home/riomus/runs/sfora-standalone-gpu-sha-build-source-v1>, "/usr/include/aarch64-linux-gnu/bits/thread-shared-types.h", O_RDONLY|O_NOCTTY) = 4</usr/include/aarch64-linux-gnu/bits/thread-shared-types.h>
2166794 openat(AT_FDCWD</home/riomus/runs/sfora-standalone-gpu-sha-build-source-v1>, "/home/riomus/toolchains/cuda-13.4-wheel-env/lib/python3.12/site-packages/nvidia/cu13/bin/../include/bits/pthreadtypes-arch.h", O_RDONLY|O_NOCTTY) = -1 ENOENT (No such file or directory)
2166794 openat(AT_FDCWD</home/riomus/runs/sfora-standalone-gpu-sha-build-source-v1>, "/usr/include/c++/13/bits/pthreadtypes-arch.h", O_RDONLY|O_NOCTTY) = -1 ENOENT (No such file or directory)
2166794 openat(AT_FDCWD</home/riomus/runs/sfora-standalone-gpu-sha-build-source-v1>, "/usr/include/aarch64-linux-gnu/c++/13/bits/pthreadtypes-arch.h", O_RDONLY|O_NOCTTY) = -1 ENOENT (No such file or directory)
2166794 openat(AT_FDCWD</home/riomus/runs/sfora-standalone-gpu-sha-build-source-v1>, "/usr/include/c++/13/backward/bits/pthreadtypes-arch.h", O_RDONLY|O_NOCTTY) = -1 ENOENT (No such file or directory)
2166794 openat(AT_FDCWD</home/riomus/runs/sfora-standalone-gpu-sha-build-source-v1>, "/usr/lib/gcc/aarch64-linux-gnu/13/include/bits/pthreadtypes-arch.h", O_RDONLY|O_NOCTTY) = -1 ENOENT (No such file or directory)
2166794 openat(AT_FDCWD</home/riomus/runs/sfora-standalone-gpu-sha-build-source-v1>, "/usr/local/include/bits/pthreadtypes-arch.h", O_RDONLY|O_NOCTTY) = -1 ENOENT (No such file or directory)
2166794 openat(AT_FDCWD</home/riomus/runs/sfora-standalone-gpu-sha-build-source-v1>, "/usr/include/aarch64-linux-gnu/bits/pthreadtypes-arch.h", O_RDONLY|O_NOCTTY) = 4</usr/include/aarch64-linux-gnu/bits/pthreadtypes-arch.h>
2166794 openat(AT_FDCWD</home/riomus/runs/sfora-standalone-gpu-sha-build-source-v1>, "/home/riomus/toolchains/cuda-13.4-wheel-env/lib/python3.12/site-packages/nvidia/cu13/bin/../include/bits/atomic_wide_counter.h", O_RDONLY|O_NOCTTY) = -1 ENOENT (No such file or directory)
2166794 openat(AT_FDCWD</home/riomus/runs/sfora-standalone-gpu-sha-build-source-v1>, "/usr/include/c++/13/bits/atomic_wide_counter.h", O_RDONLY|O_NOCTTY) = -1 ENOENT (No such file or directory)
2166794 openat(AT_FDCWD</home/riomus/runs/sfora-standalone-gpu-sha-build-source-v1>, "/usr/include/aarch64-linux-gnu/c++/13/bits/atomic_wide_counter.h", O_RDONLY|O_NOCTTY) = -1 ENOENT (No such file or directory)
2166794 openat(AT_FDCWD</home/riomus/runs/sfora-standalone-gpu-sha-build-source-v1>, "/usr/include/c++/13/backward/bits/atomic_wide_counter.h", O_RDONLY|O_NOCTTY) = -1 ENOENT (No such file or directory)
2166794 openat(AT_FDCWD</home/riomus/runs/sfora-standalone-gpu-sha-build-source-v1>, "/usr/lib/gcc/aarch64-linux-gnu/13/include/bits/atomic_wide_counter.h", O_RDONLY|O_NOCTTY) = -1 ENOENT (No such file or directory)
2166794 openat(AT_FDCWD</home/riomus/runs/sfora-standalone-gpu-sha-build-source-v1>, "/usr/local/include/bits/atomic_wide_counter.h", O_RDONLY|O_NOCTTY) = -1 ENOENT (No such file or directory)
2166794 openat(AT_FDCWD</home/riomus/runs/sfora-standalone-gpu-sha-build-source-v1>, "/usr/include/aarch64-linux-gnu/bits/atomic_wide_counter.h", O_RDONLY|O_NOCTTY) = 4</usr/include/aarch64-linux-gnu/bits/atomic_wide_counter.h>
2166794 openat(AT_FDCWD</home/riomus/runs/sfora-standalone-gpu-sha-build-source-v1>, "/home/riomus/toolchains/cuda-13.4-wheel-env/lib/python3.12/site-packages/nvidia/cu13/bin/../include/bits/struct_mutex.h", O_RDONLY|O_NOCTTY) = -1 ENOENT (No such file or directory)
2166794 openat(AT_FDCWD</home/riomus/runs/sfora-standalone-gpu-sha-build-source-v1>, "/usr/include/c++/13/bits/struct_mutex.h", O_RDONLY|O_NOCTTY) = -1 ENOENT (No such file or directory)
2166794 openat(AT_FDCWD</home/riomus/runs/sfora-standalone-gpu-sha-build-source-v1>, "/usr/include/aarch64-linux-gnu/c++/13/bits/struct_mutex.h", O_RDONLY|O_NOCTTY) = -1 ENOENT (No such file or directory)
2166794 openat(AT_FDCWD</home/riomus/runs/sfora-standalone-gpu-sha-build-source-v1>, "/usr/include/c++/13/backward/bits/struct_mutex.h", O_RDONLY|O_NOCTTY) = -1 ENOENT (No such file or directory)
2166794 openat(AT_FDCWD</home/riomus/runs/sfora-standalone-gpu-sha-build-source-v1>, "/usr/lib/gcc/aarch64-linux-gnu/13/include/bits/struct_mutex.h", O_RDONLY|O_NOCTTY) = -1 ENOENT (No such file or directory)
2166794 openat(AT_FDCWD</home/riomus/runs/sfora-standalone-gpu-sha-build-source-v1>, "/usr/local/include/bits/struct_mutex.h", O_RDONLY|O_NOCTTY) = -1 ENOENT (No such file or directory)
2166794 openat(AT_FDCWD</home/riomus/runs/sfora-standalone-gpu-sha-build-source-v1>, "/usr/include/aarch64-linux-gnu/bits/struct_mutex.h", O_RDONLY|O_NOCTTY) = 4</usr/include/aarch64-linux-gnu/bits/struct_mutex.h>
2166794 openat(AT_FDCWD</home/riomus/runs/sfora-standalone-gpu-sha-build-source-v1>, "/home/riomus/toolchains/cuda-13.4-wheel-env/lib/python3.12/site-packages/nvidia/cu13/bin/../include/bits/struct_rwlock.h", O_RDONLY|O_NOCTTY) = -1 ENOENT (No such file or directory)
2166794 openat(AT_FDCWD</home/riomus/runs/sfora-standalone-gpu-sha-build-source-v1>, "/usr/include/c++/13/bits/struct_rwlock.h", O_RDONLY|O_NOCTTY) = -1 ENOENT (No such file or directory)
2166794 openat(AT_FDCWD</home/riomus/runs/sfora-standalone-gpu-sha-build-source-v1>, "/usr/include/aarch64-linux-gnu/c++/13/bits/struct_rwlock.h", O_RDONLY|O_NOCTTY) = -1 ENOENT (No such file or directory)
2166794 openat(AT_FDCWD</home/riomus/runs/sfora-standalone-gpu-sha-build-source-v1>, "/usr/include/c++/13/backward/bits/struct_rwlock.h", O_RDONLY|O_NOCTTY) = -1 ENOENT (No such file or directory)
2166794 openat(AT_FDCWD</home/riomus/runs/sfora-standalone-gpu-sha-build-source-v1>, "/usr/lib/gcc/aarch64-linux-gnu/13/include/bits/struct_rwlock.h", O_RDONLY|O_NOCTTY) = -1 ENOENT (No such file or directory)
2166794 openat(AT_FDCWD</home/riomus/runs/sfora-standalone-gpu-sha-build-source-v1>, "/usr/local/include/bits/struct_rwlock.h", O_RDONLY|O_NOCTTY) = -1 ENOENT (No such file or directory)
2166794 openat(AT_FDCWD</home/riomus/runs/sfora-standalone-gpu-sha-build-source-v1>, "/usr/include/aarch64-linux-gnu/bits/struct_rwlock.h", O_RDONLY|O_NOCTTY) = 4</usr/include/aarch64-linux-gnu/bits/struct_rwlock.h>
2166794 openat(AT_FDCWD</home/riomus/runs/sfora-standalone-gpu-sha-build-source-v1>, "/home/riomus/toolchains/cuda-13.4-wheel-env/lib/python3.12/site-packages/nvidia/cu13/bin/../include/alloca.h", O_RDONLY|O_NOCTTY) = -1 ENOENT (No such file or directory)
2166794 openat(AT_FDCWD</home/riomus/runs/sfora-standalone-gpu-sha-build-source-v1>, "/usr/include/c++/13/alloca.h", O_RDONLY|O_NOCTTY) = -1 ENOENT (No such file or directory)
2166794 openat(AT_FDCWD</home/riomus/runs/sfora-standalone-gpu-sha-build-source-v1>, "/usr/include/aarch64-linux-gnu/c++/13/alloca.h", O_RDONLY|O_NOCTTY) = -1 ENOENT (No such file or directory)
2166794 openat(AT_FDCWD</home/riomus/runs/sfora-standalone-gpu-sha-build-source-v1>, "/usr/include/c++/13/backward/alloca.h", O_RDONLY|O_NOCTTY) = -1 ENOENT (No such file or directory)
2166794 openat(AT_FDCWD</home/riomus/runs/sfora-standalone-gpu-sha-build-source-v1>, "/usr/lib/gcc/aarch64-linux-gnu/13/include/alloca.h", O_RDONLY|O_NOCTTY) = -1 ENOENT (No such file or directory)
2166794 openat(AT_FDCWD</home/riomus/runs/sfora-standalone-gpu-sha-build-source-v1>, "/usr/local/include/alloca.h", O_RDONLY|O_NOCTTY) = -1 ENOENT (No such file or directory)
2166794 openat(AT_FDCWD</home/riomus/runs/sfora-standalone-gpu-sha-build-source-v1>, "/usr/include/aarch64-linux-gnu/alloca.h", O_RDONLY|O_NOCTTY) = -1 ENOENT (No such file or directory)
2166794 openat(AT_FDCWD</home/riomus/runs/sfora-standalone-gpu-sha-build-source-v1>, "/usr/include/alloca.h", O_RDONLY|O_NOCTTY) = 4</usr/include/alloca.h>
2166794 openat(AT_FDCWD</home/riomus/runs/sfora-standalone-gpu-sha-build-source-v1>, "/usr/lib/gcc/aarch64-linux-gnu/13/include/stddef.h", O_RDONLY|O_NOCTTY) = 4</usr/lib/gcc/aarch64-linux-gnu/13/include/stddef.h>
2166794 openat(AT_FDCWD</home/riomus/runs/sfora-standalone-gpu-sha-build-source-v1>, "/home/riomus/toolchains/cuda-13.4-wheel-env/lib/python3.12/site-packages/nvidia/cu13/bin/../include/bits/stdlib-bsearch.h", O_RDONLY|O_NOCTTY) = -1 ENOENT (No such file or directory)
2166794 openat(AT_FDCWD</home/riomus/runs/sfora-standalone-gpu-sha-build-source-v1>, "/usr/include/c++/13/bits/stdlib-bsearch.h", O_RDONLY|O_NOCTTY) = -1 ENOENT (No such file or directory)
2166794 openat(AT_FDCWD</home/riomus/runs/sfora-standalone-gpu-sha-build-source-v1>, "/usr/include/aarch64-linux-gnu/c++/13/bits/stdlib-bsearch.h", O_RDONLY|O_NOCTTY) = -1 ENOENT (No such file or directory)
2166794 openat(AT_FDCWD</home/riomus/runs/sfora-standalone-gpu-sha-build-source-v1>, "/usr/include/c++/13/backward/bits/stdlib-bsearch.h", O_RDONLY|O_NOCTTY) = -1 ENOENT (No such file or directory)
2166794 openat(AT_FDCWD</home/riomus/runs/sfora-standalone-gpu-sha-build-source-v1>, "/usr/lib/gcc/aarch64-linux-gnu/13/include/bits/stdlib-bsearch.h", O_RDONLY|O_NOCTTY) = -1 ENOENT (No such file or directory)
2166794 openat(AT_FDCWD</home/riomus/runs/sfora-standalone-gpu-sha-build-source-v1>, "/usr/local/include/bits/stdlib-bsearch.h", O_RDONLY|O_NOCTTY) = -1 ENOENT (No such file or directory)
2166794 openat(AT_FDCWD</home/riomus/runs/sfora-standalone-gpu-sha-build-source-v1>, "/usr/include/aarch64-linux-gnu/bits/stdlib-bsearch.h", O_RDONLY|O_NOCTTY) = 4</usr/include/aarch64-linux-gnu/bits/stdlib-bsearch.h>
2166794 openat(AT_FDCWD</home/riomus/runs/sfora-standalone-gpu-sha-build-source-v1>, "/home/riomus/toolchains/cuda-13.4-wheel-env/lib/python3.12/site-packages/nvidia/cu13/bin/../include/bits/stdlib-float.h", O_RDONLY|O_NOCTTY) = -1 ENOENT (No such file or directory)
2166794 openat(AT_FDCWD</home/riomus/runs/sfora-standalone-gpu-sha-build-source-v1>, "/usr/include/c++/13/bits/stdlib-float.h", O_RDONLY|O_NOCTTY) = -1 ENOENT (No such file or directory)
2166794 openat(AT_FDCWD</home/riomus/runs/sfora-standalone-gpu-sha-build-source-v1>, "/usr/include/aarch64-linux-gnu/c++/13/bits/stdlib-float.h", O_RDONLY|O_NOCTTY) = -1 ENOENT (No such file or directory)
2166794 openat(AT_FDCWD</home/riomus/runs/sfora-standalone-gpu-sha-build-source-v1>, "/usr/include/c++/13/backward/bits/stdlib-float.h", O_RDONLY|O_NOCTTY) = -1 ENOENT (No such file or directory)
2166794 openat(AT_FDCWD</home/riomus/runs/sfora-standalone-gpu-sha-build-source-v1>, "/usr/lib/gcc/aarch64-linux-gnu/13/include/bits/stdlib-float.h", O_RDONLY|O_NOCTTY) = -1 ENOENT (No such file or directory)
2166794 openat(AT_FDCWD</home/riomus/runs/sfora-standalone-gpu-sha-build-source-v1>, "/usr/local/include/bits/stdlib-float.h", O_RDONLY|O_NOCTTY) = -1 ENOENT (No such file or directory)
2166794 openat(AT_FDCWD</home/riomus/runs/sfora-standalone-gpu-sha-build-source-v1>, "/usr/include/aarch64-linux-gnu/bits/stdlib-float.h", O_RDONLY|O_NOCTTY) = 4</usr/include/aarch64-linux-gnu/bits/stdlib-float.h>
2166794 openat(AT_FDCWD</home/riomus/runs/sfora-standalone-gpu-sha-build-source-v1>, "/home/riomus/toolchains/cuda-13.4-wheel-env/lib/python3.12/site-packages/nvidia/cu13/bin/../include/bits/stdlib.h", O_RDONLY|O_NOCTTY) = -1 ENOENT (No such file or directory)
2166794 openat(AT_FDCWD</home/riomus/runs/sfora-standalone-gpu-sha-build-source-v1>, "/usr/include/c++/13/bits/stdlib.h", O_RDONLY|O_NOCTTY) = -1 ENOENT (No such file or directory)
2166794 openat(AT_FDCWD</home/riomus/runs/sfora-standalone-gpu-sha-build-source-v1>, "/usr/include/aarch64-linux-gnu/c++/13/bits/stdlib.h", O_RDONLY|O_NOCTTY) = -1 ENOENT (No such file or directory)
2166794 openat(AT_FDCWD</home/riomus/runs/sfora-standalone-gpu-sha-build-source-v1>, "/usr/include/c++/13/backward/bits/stdlib.h", O_RDONLY|O_NOCTTY) = -1 ENOENT (No such file or directory)
2166794 openat(AT_FDCWD</home/riomus/runs/sfora-standalone-gpu-sha-build-source-v1>, "/usr/lib/gcc/aarch64-linux-gnu/13/include/bits/stdlib.h", O_RDONLY|O_NOCTTY) = -1 ENOENT (No such file or directory)
2166794 openat(AT_FDCWD</home/riomus/runs/sfora-standalone-gpu-sha-build-source-v1>, "/usr/local/include/bits/stdlib.h", O_RDONLY|O_NOCTTY) = -1 ENOENT (No such file or directory)
2166794 openat(AT_FDCWD</home/riomus/runs/sfora-standalone-gpu-sha-build-source-v1>, "/usr/include/aarch64-linux-gnu/bits/stdlib.h", O_RDONLY|O_NOCTTY) = 4</usr/include/aarch64-linux-gnu/bits/stdlib.h>
2166794 openat(AT_FDCWD</home/riomus/runs/sfora-standalone-gpu-sha-build-source-v1>, "/home/riomus/toolchains/cuda-13.4-wheel-env/lib/python3.12/site-packages/nvidia/cu13/bin/../include/bits/std_abs.h", O_RDONLY|O_NOCTTY) = -1 ENOENT (No such file or directory)
2166794 openat(AT_FDCWD</home/riomus/runs/sfora-standalone-gpu-sha-build-source-v1>, "/usr/include/c++/13/bits/std_abs.h", O_RDONLY|O_NOCTTY) = 4</usr/include/c++/13/bits/std_abs.h>
2166794 openat(AT_FDCWD</home/riomus/runs/sfora-standalone-gpu-sha-build-source-v1>, "/home/riomus/toolchains/cuda-13.4-wheel-env/lib/python3.12/site-packages/nvidia/cu13/bin/../include/crt/host_defines.h", O_RDONLY|O_NOCTTY) = 4</home/riomus/toolchains/cuda-13.4-wheel-env/lib/python3.12/site-packages/nvidia/cu13/include/crt/host_defines.h>
2166794 openat(AT_FDCWD</home/riomus/runs/sfora-standalone-gpu-sha-build-source-v1>, "/home/riomus/toolchains/cuda-13.4-wheel-env/lib/python3.12/site-packages/nvidia/cu13/bin/../include/driver_functions.h", O_RDONLY|O_NOCTTY) = 4</home/riomus/toolchains/cuda-13.4-wheel-env/lib/python3.12/site-packages/nvidia/cu13/include/driver_functions.h>
2166794 openat(AT_FDCWD</home/riomus/runs/sfora-standalone-gpu-sha-build-source-v1>, "/home/riomus/toolchains/cuda-13.4-wheel-env/lib/python3.12/site-packages/nvidia/cu13/bin/../include/builtin_types.h", O_RDONLY|O_NOCTTY) = 4</home/riomus/toolchains/cuda-13.4-wheel-env/lib/python3.12/site-packages/nvidia/cu13/include/builtin_types.h>
2166794 openat(AT_FDCWD</home/riomus/runs/sfora-standalone-gpu-sha-build-source-v1>, "/home/riomus/toolchains/cuda-13.4-wheel-env/lib/python3.12/site-packages/nvidia/cu13/bin/../include/crt/host_defines.h", O_RDONLY|O_NOCTTY) = 4</home/riomus/toolchains/cuda-13.4-wheel-env/lib/python3.12/site-packages/nvidia/cu13/include/crt/host_defines.h>
2166794 openat(AT_FDCWD</home/riomus/runs/sfora-standalone-gpu-sha-build-source-v1>, "/home/riomus/toolchains/cuda-13.4-wheel-env/lib/python3.12/site-packages/nvidia/cu13/bin/../include/crt/host_defines.h", O_RDONLY|O_NOCTTY) = 4</home/riomus/toolchains/cuda-13.4-wheel-env/lib/python3.12/site-packages/nvidia/cu13/include/crt/host_defines.h>
2166794 openat(AT_FDCWD</home/riomus/runs/sfora-standalone-gpu-sha-build-source-v1>, "/home/riomus/toolchains/cuda-13.4-wheel-env/lib/python3.12/site-packages/nvidia/cu13/bin/../include/vector_functions.h", O_RDONLY|O_NOCTTY) = 4</home/riomus/toolchains/cuda-13.4-wheel-env/lib/python3.12/site-packages/nvidia/cu13/include/vector_functions.h>
2166794 openat(AT_FDCWD</home/riomus/runs/sfora-standalone-gpu-sha-build-source-v1>, "/home/riomus/toolchains/cuda-13.4-wheel-env/lib/python3.12/site-packages/nvidia/cu13/bin/../include/vector_functions.hpp", O_RDONLY|O_NOCTTY) = 4</home/riomus/toolchains/cuda-13.4-wheel-env/lib/python3.12/site-packages/nvidia/cu13/include/vector_functions.hpp>
2166794 openat(AT_FDCWD</home/riomus/runs/sfora-standalone-gpu-sha-build-source-v1>, "/home/riomus/toolchains/cuda-13.4-wheel-env/lib/python3.12/site-packages/nvidia/cu13/bin/../include/crt/common_functions.h", O_RDONLY|O_NOCTTY) = 4</home/riomus/toolchains/cuda-13.4-wheel-env/lib/python3.12/site-packages/nvidia/cu13/include/crt/common_functions.h>
2166794 openat(AT_FDCWD</home/riomus/runs/sfora-standalone-gpu-sha-build-source-v1>, "/home/riomus/toolchains/cuda-13.4-wheel-env/lib/python3.12/site-packages/nvidia/cu13/bin/../include/crt/builtin_types.h", O_RDONLY|O_NOCTTY) = -1 ENOENT (No such file or directory)
2166794 openat(AT_FDCWD</home/riomus/runs/sfora-standalone-gpu-sha-build-source-v1>, "/home/riomus/toolchains/cuda-13.4-wheel-env/lib/python3.12/site-packages/nvidia/cu13/bin/../include/builtin_types.h", O_RDONLY|O_NOCTTY) = 4</home/riomus/toolchains/cuda-13.4-wheel-env/lib/python3.12/site-packages/nvidia/cu13/include/builtin_types.h>
2166794 openat(AT_FDCWD</home/riomus/runs/sfora-standalone-gpu-sha-build-source-v1>, "/home/riomus/toolchains/cuda-13.4-wheel-env/lib/python3.12/site-packages/nvidia/cu13/bin/../include/crt/host_defines.h", O_RDONLY|O_NOCTTY) = 4</home/riomus/toolchains/cuda-13.4-wheel-env/lib/python3.12/site-packages/nvidia/cu13/include/crt/host_defines.h>
2166794 openat(AT_FDCWD</home/riomus/runs/sfora-standalone-gpu-sha-build-source-v1>, "/home/riomus/toolchains/cuda-13.4-wheel-env/lib/python3.12/site-packages/nvidia/cu13/bin/../include/string.h", O_RDONLY|O_NOCTTY) = -1 ENOENT (No such file or directory)
2166794 openat(AT_FDCWD</home/riomus/runs/sfora-standalone-gpu-sha-build-source-v1>, "/usr/include/c++/13/string.h", O_RDONLY|O_NOCTTY) = -1 ENOENT (No such file or directory)
2166794 openat(AT_FDCWD</home/riomus/runs/sfora-standalone-gpu-sha-build-source-v1>, "/usr/include/aarch64-linux-gnu/c++/13/string.h", O_RDONLY|O_NOCTTY) = -1 ENOENT (No such file or directory)
2166794 openat(AT_FDCWD</home/riomus/runs/sfora-standalone-gpu-sha-build-source-v1>, "/usr/include/c++/13/backward/string.h", O_RDONLY|O_NOCTTY) = -1 ENOENT (No such file or directory)
2166794 openat(AT_FDCWD</home/riomus/runs/sfora-standalone-gpu-sha-build-source-v1>, "/usr/lib/gcc/aarch64-linux-gnu/13/include/string.h", O_RDONLY|O_NOCTTY) = -1 ENOENT (No such file or directory)
2166794 openat(AT_FDCWD</home/riomus/runs/sfora-standalone-gpu-sha-build-source-v1>, "/usr/local/include/string.h", O_RDONLY|O_NOCTTY) = -1 ENOENT (No such file or directory)
2166794 openat(AT_FDCWD</home/riomus/runs/sfora-standalone-gpu-sha-build-source-v1>, "/usr/include/aarch64-linux-gnu/string.h", O_RDONLY|O_NOCTTY) = -1 ENOENT (No such file or directory)
2166794 openat(AT_FDCWD</home/riomus/runs/sfora-standalone-gpu-sha-build-source-v1>, "/usr/include/string.h", O_RDONLY|O_NOCTTY) = 4</usr/include/string.h>
2166794 openat(AT_FDCWD</home/riomus/runs/sfora-standalone-gpu-sha-build-source-v1>, "/usr/include/aarch64-linux-gnu/bits/libc-header-start.h", O_RDONLY|O_NOCTTY) = 4</usr/include/aarch64-linux-gnu/bits/libc-header-start.h>
2166794 openat(AT_FDCWD</home/riomus/runs/sfora-standalone-gpu-sha-build-source-v1>, "/usr/lib/gcc/aarch64-linux-gnu/13/include/stddef.h", O_RDONLY|O_NOCTTY) = 4</usr/lib/gcc/aarch64-linux-gnu/13/include/stddef.h>
2166794 openat(AT_FDCWD</home/riomus/runs/sfora-standalone-gpu-sha-build-source-v1>, "/home/riomus/toolchains/cuda-13.4-wheel-env/lib/python3.12/site-packages/nvidia/cu13/bin/../include/strings.h", O_RDONLY|O_NOCTTY) = -1 ENOENT (No such file or directory)
2166794 openat(AT_FDCWD</home/riomus/runs/sfora-standalone-gpu-sha-build-source-v1>, "/usr/include/c++/13/strings.h", O_RDONLY|O_NOCTTY) = -1 ENOENT (No such file or directory)
2166794 openat(AT_FDCWD</home/riomus/runs/sfora-standalone-gpu-sha-build-source-v1>, "/usr/include/aarch64-linux-gnu/c++/13/strings.h", O_RDONLY|O_NOCTTY) = -1 ENOENT (No such file or directory)
2166794 openat(AT_FDCWD</home/riomus/runs/sfora-standalone-gpu-sha-build-source-v1>, "/usr/include/c++/13/backward/strings.h", O_RDONLY|O_NOCTTY) = -1 ENOENT (No such file or directory)
2166794 openat(AT_FDCWD</home/riomus/runs/sfora-standalone-gpu-sha-build-source-v1>, "/usr/lib/gcc/aarch64-linux-gnu/13/include/strings.h", O_RDONLY|O_NOCTTY) = -1 ENOENT (No such file or directory)
2166794 openat(AT_FDCWD</home/riomus/runs/sfora-standalone-gpu-sha-build-source-v1>, "/usr/local/include/strings.h", O_RDONLY|O_NOCTTY) = -1 ENOENT (No such file or directory)
2166794 openat(AT_FDCWD</home/riomus/runs/sfora-standalone-gpu-sha-build-source-v1>, "/usr/include/aarch64-linux-gnu/strings.h", O_RDONLY|O_NOCTTY) = -1 ENOENT (No such file or directory)
2166794 openat(AT_FDCWD</home/riomus/runs/sfora-standalone-gpu-sha-build-source-v1>, "/usr/include/strings.h", O_RDONLY|O_NOCTTY) = 4</usr/include/strings.h>
2166794 openat(AT_FDCWD</home/riomus/runs/sfora-standalone-gpu-sha-build-source-v1>, "/usr/lib/gcc/aarch64-linux-gnu/13/include/stddef.h", O_RDONLY|O_NOCTTY) = 4</usr/lib/gcc/aarch64-linux-gnu/13/include/stddef.h>
2166794 openat(AT_FDCWD</home/riomus/runs/sfora-standalone-gpu-sha-build-source-v1>, "/home/riomus/toolchains/cuda-13.4-wheel-env/lib/python3.12/site-packages/nvidia/cu13/bin/../include/bits/strings_fortified.h", O_RDONLY|O_NOCTTY) = -1 ENOENT (No such file or directory)
2166794 openat(AT_FDCWD</home/riomus/runs/sfora-standalone-gpu-sha-build-source-v1>, "/usr/include/c++/13/bits/strings_fortified.h", O_RDONLY|O_NOCTTY) = -1 ENOENT (No such file or directory)
2166794 openat(AT_FDCWD</home/riomus/runs/sfora-standalone-gpu-sha-build-source-v1>, "/usr/include/aarch64-linux-gnu/c++/13/bits/strings_fortified.h", O_RDONLY|O_NOCTTY) = -1 ENOENT (No such file or directory)
2166794 openat(AT_FDCWD</home/riomus/runs/sfora-standalone-gpu-sha-build-source-v1>, "/usr/include/c++/13/backward/bits/strings_fortified.h", O_RDONLY|O_NOCTTY) = -1 ENOENT (No such file or directory)
2166794 openat(AT_FDCWD</home/riomus/runs/sfora-standalone-gpu-sha-build-source-v1>, "/usr/lib/gcc/aarch64-linux-gnu/13/include/bits/strings_fortified.h", O_RDONLY|O_NOCTTY) = -1 ENOENT (No such file or directory)
2166794 openat(AT_FDCWD</home/riomus/runs/sfora-standalone-gpu-sha-build-source-v1>, "/usr/local/include/bits/strings_fortified.h", O_RDONLY|O_NOCTTY) = -1 ENOENT (No such file or directory)
2166794 openat(AT_FDCWD</home/riomus/runs/sfora-standalone-gpu-sha-build-source-v1>, "/usr/include/aarch64-linux-gnu/bits/strings_fortified.h", O_RDONLY|O_NOCTTY) = 4</usr/include/aarch64-linux-gnu/bits/strings_fortified.h>
2166794 openat(AT_FDCWD</home/riomus/runs/sfora-standalone-gpu-sha-build-source-v1>, "/home/riomus/toolchains/cuda-13.4-wheel-env/lib/python3.12/site-packages/nvidia/cu13/bin/../include/bits/string_fortified.h", O_RDONLY|O_NOCTTY) = -1 ENOENT (No such file or directory)
2166794 openat(AT_FDCWD</home/riomus/runs/sfora-standalone-gpu-sha-build-source-v1>, "/usr/include/c++/13/bits/string_fortified.h", O_RDONLY|O_NOCTTY) = -1 ENOENT (No such file or directory)
2166794 openat(AT_FDCWD</home/riomus/runs/sfora-standalone-gpu-sha-build-source-v1>, "/usr/include/aarch64-linux-gnu/c++/13/bits/string_fortified.h", O_RDONLY|O_NOCTTY) = -1 ENOENT (No such file or directory)
2166794 openat(AT_FDCWD</home/riomus/runs/sfora-standalone-gpu-sha-build-source-v1>, "/usr/include/c++/13/backward/bits/string_fortified.h", O_RDONLY|O_NOCTTY) = -1 ENOENT (No such file or directory)
2166794 openat(AT_FDCWD</home/riomus/runs/sfora-standalone-gpu-sha-build-source-v1>, "/usr/lib/gcc/aarch64-linux-gnu/13/include/bits/string_fortified.h", O_RDONLY|O_NOCTTY) = -1 ENOENT (No such file or directory)
2166794 openat(AT_FDCWD</home/riomus/runs/sfora-standalone-gpu-sha-build-source-v1>, "/usr/local/include/bits/string_fortified.h", O_RDONLY|O_NOCTTY) = -1 ENOENT (No such file or directory)
2166794 openat(AT_FDCWD</home/riomus/runs/sfora-standalone-gpu-sha-build-source-v1>, "/usr/include/aarch64-linux-gnu/bits/string_fortified.h", O_RDONLY|O_NOCTTY) = 4</usr/include/aarch64-linux-gnu/bits/string_fortified.h>
2166794 openat(AT_FDCWD</home/riomus/runs/sfora-standalone-gpu-sha-build-source-v1>, "/home/riomus/toolchains/cuda-13.4-wheel-env/lib/python3.12/site-packages/nvidia/cu13/bin/../include/time.h", O_RDONLY|O_NOCTTY) = -1 ENOENT (No such file or directory)
2166794 openat(AT_FDCWD</home/riomus/runs/sfora-standalone-gpu-sha-build-source-v1>, "/usr/include/c++/13/time.h", O_RDONLY|O_NOCTTY) = -1 ENOENT (No such file or directory)
2166794 openat(AT_FDCWD</home/riomus/runs/sfora-standalone-gpu-sha-build-source-v1>, "/usr/include/aarch64-linux-gnu/c++/13/time.h", O_RDONLY|O_NOCTTY) = -1 ENOENT (No such file or directory)
2166794 openat(AT_FDCWD</home/riomus/runs/sfora-standalone-gpu-sha-build-source-v1>, "/usr/include/c++/13/backward/time.h", O_RDONLY|O_NOCTTY) = -1 ENOENT (No such file or directory)
2166794 openat(AT_FDCWD</home/riomus/runs/sfora-standalone-gpu-sha-build-source-v1>, "/usr/lib/gcc/aarch64-linux-gnu/13/include/time.h", O_RDONLY|O_NOCTTY) = -1 ENOENT (No such file or directory)
2166794 openat(AT_FDCWD</home/riomus/runs/sfora-standalone-gpu-sha-build-source-v1>, "/usr/local/include/time.h", O_RDONLY|O_NOCTTY) = -1 ENOENT (No such file or directory)
2166794 openat(AT_FDCWD</home/riomus/runs/sfora-standalone-gpu-sha-build-source-v1>, "/usr/include/aarch64-linux-gnu/time.h", O_RDONLY|O_NOCTTY) = -1 ENOENT (No such file or directory)
2166794 openat(AT_FDCWD</home/riomus/runs/sfora-standalone-gpu-sha-build-source-v1>, "/usr/include/time.h", O_RDONLY|O_NOCTTY) = 4</usr/include/time.h>
2166794 openat(AT_FDCWD</home/riomus/runs/sfora-standalone-gpu-sha-build-source-v1>, "/usr/lib/gcc/aarch64-linux-gnu/13/include/stddef.h", O_RDONLY|O_NOCTTY) = 4</usr/lib/gcc/aarch64-linux-gnu/13/include/stddef.h>
2166794 openat(AT_FDCWD</home/riomus/runs/sfora-standalone-gpu-sha-build-source-v1>, "/home/riomus/toolchains/cuda-13.4-wheel-env/lib/python3.12/site-packages/nvidia/cu13/bin/../include/bits/time.h", O_RDONLY|O_NOCTTY) = -1 ENOENT (No such file or directory)
2166794 openat(AT_FDCWD</home/riomus/runs/sfora-standalone-gpu-sha-build-source-v1>, "/usr/include/c++/13/bits/time.h", O_RDONLY|O_NOCTTY) = -1 ENOENT (No such file or directory)
2166794 openat(AT_FDCWD</home/riomus/runs/sfora-standalone-gpu-sha-build-source-v1>, "/usr/include/aarch64-linux-gnu/c++/13/bits/time.h", O_RDONLY|O_NOCTTY) = -1 ENOENT (No such file or directory)
2166794 openat(AT_FDCWD</home/riomus/runs/sfora-standalone-gpu-sha-build-source-v1>, "/usr/include/c++/13/backward/bits/time.h", O_RDONLY|O_NOCTTY) = -1 ENOENT (No such file or directory)
2166794 openat(AT_FDCWD</home/riomus/runs/sfora-standalone-gpu-sha-build-source-v1>, "/usr/lib/gcc/aarch64-linux-gnu/13/include/bits/time.h", O_RDONLY|O_NOCTTY) = -1 ENOENT (No such file or directory)
2166794 openat(AT_FDCWD</home/riomus/runs/sfora-standalone-gpu-sha-build-source-v1>, "/usr/local/include/bits/time.h", O_RDONLY|O_NOCTTY) = -1 ENOENT (No such file or directory)
2166794 openat(AT_FDCWD</home/riomus/runs/sfora-standalone-gpu-sha-build-source-v1>, "/usr/include/aarch64-linux-gnu/bits/time.h", O_RDONLY|O_NOCTTY) = 4</usr/include/aarch64-linux-gnu/bits/time.h>
2166794 openat(AT_FDCWD</home/riomus/runs/sfora-standalone-gpu-sha-build-source-v1>, "/home/riomus/toolchains/cuda-13.4-wheel-env/lib/python3.12/site-packages/nvidia/cu13/bin/../include/bits/timex.h", O_RDONLY|O_NOCTTY) = -1 ENOENT (No such file or directory)
2166794 openat(AT_FDCWD</home/riomus/runs/sfora-standalone-gpu-sha-build-source-v1>, "/usr/include/c++/13/bits/timex.h", O_RDONLY|O_NOCTTY) = -1 ENOENT (No such file or directory)
2166794 openat(AT_FDCWD</home/riomus/runs/sfora-standalone-gpu-sha-build-source-v1>, "/usr/include/aarch64-linux-gnu/c++/13/bits/timex.h", O_RDONLY|O_NOCTTY) = -1 ENOENT (No such file or directory)
2166794 openat(AT_FDCWD</home/riomus/runs/sfora-standalone-gpu-sha-build-source-v1>, "/usr/include/c++/13/backward/bits/timex.h", O_RDONLY|O_NOCTTY) = -1 ENOENT (No such file or directory)
2166794 openat(AT_FDCWD</home/riomus/runs/sfora-standalone-gpu-sha-build-source-v1>, "/usr/lib/gcc/aarch64-linux-gnu/13/include/bits/timex.h", O_RDONLY|O_NOCTTY) = -1 ENOENT (No such file or directory)
2166794 openat(AT_FDCWD</home/riomus/runs/sfora-standalone-gpu-sha-build-source-v1>, "/usr/local/include/bits/timex.h", O_RDONLY|O_NOCTTY) = -1 ENOENT (No such file or directory)
2166794 openat(AT_FDCWD</home/riomus/runs/sfora-standalone-gpu-sha-build-source-v1>, "/usr/include/aarch64-linux-gnu/bits/timex.h", O_RDONLY|O_NOCTTY) = 4</usr/include/aarch64-linux-gnu/bits/timex.h>
2166794 openat(AT_FDCWD</home/riomus/runs/sfora-standalone-gpu-sha-build-source-v1>, "/home/riomus/toolchains/cuda-13.4-wheel-env/lib/python3.12/site-packages/nvidia/cu13/bin/../include/bits/types/struct_tm.h", O_RDONLY|O_NOCTTY) = -1 ENOENT (No such file or directory)
2166794 openat(AT_FDCWD</home/riomus/runs/sfora-standalone-gpu-sha-build-source-v1>, "/usr/include/c++/13/bits/types/struct_tm.h", O_RDONLY|O_NOCTTY) = -1 ENOENT (No such file or directory)
2166794 openat(AT_FDCWD</home/riomus/runs/sfora-standalone-gpu-sha-build-source-v1>, "/usr/include/aarch64-linux-gnu/c++/13/bits/types/struct_tm.h", O_RDONLY|O_NOCTTY) = -1 ENOENT (No such file or directory)
2166794 openat(AT_FDCWD</home/riomus/runs/sfora-standalone-gpu-sha-build-source-v1>, "/usr/include/c++/13/backward/bits/types/struct_tm.h", O_RDONLY|O_NOCTTY) = -1 ENOENT (No such file or directory)
2166794 openat(AT_FDCWD</home/riomus/runs/sfora-standalone-gpu-sha-build-source-v1>, "/usr/lib/gcc/aarch64-linux-gnu/13/include/bits/types/struct_tm.h", O_RDONLY|O_NOCTTY) = -1 ENOENT (No such file or directory)
2166794 openat(AT_FDCWD</home/riomus/runs/sfora-standalone-gpu-sha-build-source-v1>, "/usr/local/include/bits/types/struct_tm.h", O_RDONLY|O_NOCTTY) = -1 ENOENT (No such file or directory)
2166794 openat(AT_FDCWD</home/riomus/runs/sfora-standalone-gpu-sha-build-source-v1>, "/usr/include/aarch64-linux-gnu/bits/types/struct_tm.h", O_RDONLY|O_NOCTTY) = 4</usr/include/aarch64-linux-gnu/bits/types/struct_tm.h>
2166794 openat(AT_FDCWD</home/riomus/runs/sfora-standalone-gpu-sha-build-source-v1>, "/home/riomus/toolchains/cuda-13.4-wheel-env/lib/python3.12/site-packages/nvidia/cu13/bin/../include/bits/types/struct_itimerspec.h", O_RDONLY|O_NOCTTY) = -1 ENOENT (No such file or directory)
2166794 openat(AT_FDCWD</home/riomus/runs/sfora-standalone-gpu-sha-build-source-v1>, "/usr/include/c++/13/bits/types/struct_itimerspec.h", O_RDONLY|O_NOCTTY) = -1 ENOENT (No such file or directory)
2166794 openat(AT_FDCWD</home/riomus/runs/sfora-standalone-gpu-sha-build-source-v1>, "/usr/include/aarch64-linux-gnu/c++/13/bits/types/struct_itimerspec.h", O_RDONLY|O_NOCTTY) = -1 ENOENT (No such file or directory)
2166794 openat(AT_FDCWD</home/riomus/runs/sfora-standalone-gpu-sha-build-source-v1>, "/usr/include/c++/13/backward/bits/types/struct_itimerspec.h", O_RDONLY|O_NOCTTY) = -1 ENOENT (No such file or directory)
2166794 openat(AT_FDCWD</home/riomus/runs/sfora-standalone-gpu-sha-build-source-v1>, "/usr/lib/gcc/aarch64-linux-gnu/13/include/bits/types/struct_itimerspec.h", O_RDONLY|O_NOCTTY) = -1 ENOENT (No such file or directory)
2166794 openat(AT_FDCWD</home/riomus/runs/sfora-standalone-gpu-sha-build-source-v1>, "/usr/local/include/bits/types/struct_itimerspec.h", O_RDONLY|O_NOCTTY) = -1 ENOENT (No such file or directory)
2166794 openat(AT_FDCWD</home/riomus/runs/sfora-standalone-gpu-sha-build-source-v1>, "/usr/include/aarch64-linux-gnu/bits/types/struct_itimerspec.h", O_RDONLY|O_NOCTTY) = 4</usr/include/aarch64-linux-gnu/bits/types/struct_itimerspec.h>
2166794 openat(AT_FDCWD</home/riomus/runs/sfora-standalone-gpu-sha-build-source-v1>, "/home/riomus/toolchains/cuda-13.4-wheel-env/lib/python3.12/site-packages/nvidia/cu13/bin/../include/new", O_RDONLY|O_NOCTTY) = -1 ENOENT (No such file or directory)
2166794 openat(AT_FDCWD</home/riomus/runs/sfora-standalone-gpu-sha-build-source-v1>, "/usr/include/c++/13/new", O_RDONLY|O_NOCTTY) = 4</usr/include/c++/13/new>
2166794 openat(AT_FDCWD</home/riomus/runs/sfora-standalone-gpu-sha-build-source-v1>, "/home/riomus/toolchains/cuda-13.4-wheel-env/lib/python3.12/site-packages/nvidia/cu13/bin/../include/bits/exception.h", O_RDONLY|O_NOCTTY) = -1 ENOENT (No such file or directory)
2166794 openat(AT_FDCWD</home/riomus/runs/sfora-standalone-gpu-sha-build-source-v1>, "/usr/include/c++/13/bits/exception.h", O_RDONLY|O_NOCTTY) = 4</usr/include/c++/13/bits/exception.h>
2166794 openat(AT_FDCWD</home/riomus/runs/sfora-standalone-gpu-sha-build-source-v1>, "/home/riomus/toolchains/cuda-13.4-wheel-env/lib/python3.12/site-packages/nvidia/cu13/bin/../include/stdio.h", O_RDONLY|O_NOCTTY) = -1 ENOENT (No such file or directory)
2166794 openat(AT_FDCWD</home/riomus/runs/sfora-standalone-gpu-sha-build-source-v1>, "/usr/include/c++/13/stdio.h", O_RDONLY|O_NOCTTY) = -1 ENOENT (No such file or directory)
2166794 openat(AT_FDCWD</home/riomus/runs/sfora-standalone-gpu-sha-build-source-v1>, "/usr/include/aarch64-linux-gnu/c++/13/stdio.h", O_RDONLY|O_NOCTTY) = -1 ENOENT (No such file or directory)
2166794 openat(AT_FDCWD</home/riomus/runs/sfora-standalone-gpu-sha-build-source-v1>, "/usr/include/c++/13/backward/stdio.h", O_RDONLY|O_NOCTTY) = -1 ENOENT (No such file or directory)
2166794 openat(AT_FDCWD</home/riomus/runs/sfora-standalone-gpu-sha-build-source-v1>, "/usr/lib/gcc/aarch64-linux-gnu/13/include/stdio.h", O_RDONLY|O_NOCTTY) = -1 ENOENT (No such file or directory)
2166794 openat(AT_FDCWD</home/riomus/runs/sfora-standalone-gpu-sha-build-source-v1>, "/usr/local/include/stdio.h", O_RDONLY|O_NOCTTY) = -1 ENOENT (No such file or directory)
2166794 openat(AT_FDCWD</home/riomus/runs/sfora-standalone-gpu-sha-build-source-v1>, "/usr/include/aarch64-linux-gnu/stdio.h", O_RDONLY|O_NOCTTY) = -1 ENOENT (No such file or directory)
2166794 openat(AT_FDCWD</home/riomus/runs/sfora-standalone-gpu-sha-build-source-v1>, "/usr/include/stdio.h", O_RDONLY|O_NOCTTY) = 4</usr/include/stdio.h>
2166794 openat(AT_FDCWD</home/riomus/runs/sfora-standalone-gpu-sha-build-source-v1>, "/usr/include/aarch64-linux-gnu/bits/libc-header-start.h", O_RDONLY|O_NOCTTY) = 4</usr/include/aarch64-linux-gnu/bits/libc-header-start.h>
2166794 openat(AT_FDCWD</home/riomus/runs/sfora-standalone-gpu-sha-build-source-v1>, "/usr/lib/gcc/aarch64-linux-gnu/13/include/stddef.h", O_RDONLY|O_NOCTTY) = 4</usr/lib/gcc/aarch64-linux-gnu/13/include/stddef.h>
2166794 openat(AT_FDCWD</home/riomus/runs/sfora-standalone-gpu-sha-build-source-v1>, "/home/riomus/toolchains/cuda-13.4-wheel-env/lib/python3.12/site-packages/nvidia/cu13/bin/../include/stdarg.h", O_RDONLY|O_NOCTTY) = -1 ENOENT (No such file or directory)
2166794 openat(AT_FDCWD</home/riomus/runs/sfora-standalone-gpu-sha-build-source-v1>, "/usr/include/c++/13/stdarg.h", O_RDONLY|O_NOCTTY) = -1 ENOENT (No such file or directory)
2166794 openat(AT_FDCWD</home/riomus/runs/sfora-standalone-gpu-sha-build-source-v1>, "/usr/include/aarch64-linux-gnu/c++/13/stdarg.h", O_RDONLY|O_NOCTTY) = -1 ENOENT (No such file or directory)
2166794 openat(AT_FDCWD</home/riomus/runs/sfora-standalone-gpu-sha-build-source-v1>, "/usr/include/c++/13/backward/stdarg.h", O_RDONLY|O_NOCTTY) = -1 ENOENT (No such file or directory)
2166794 openat(AT_FDCWD</home/riomus/runs/sfora-standalone-gpu-sha-build-source-v1>, "/usr/lib/gcc/aarch64-linux-gnu/13/include/stdarg.h", O_RDONLY|O_NOCTTY) = 4</usr/lib/gcc/aarch64-linux-gnu/13/include/stdarg.h>
2166794 openat(AT_FDCWD</home/riomus/runs/sfora-standalone-gpu-sha-build-source-v1>, "/home/riomus/toolchains/cuda-13.4-wheel-env/lib/python3.12/site-packages/nvidia/cu13/bin/../include/bits/types/__fpos_t.h", O_RDONLY|O_NOCTTY) = -1 ENOENT (No such file or directory)
2166794 openat(AT_FDCWD</home/riomus/runs/sfora-standalone-gpu-sha-build-source-v1>, "/usr/include/c++/13/bits/types/__fpos_t.h", O_RDONLY|O_NOCTTY) = -1 ENOENT (No such file or directory)
2166794 openat(AT_FDCWD</home/riomus/runs/sfora-standalone-gpu-sha-build-source-v1>, "/usr/include/aarch64-linux-gnu/c++/13/bits/types/__fpos_t.h", O_RDONLY|O_NOCTTY) = -1 ENOENT (No such file or directory)
2166794 openat(AT_FDCWD</home/riomus/runs/sfora-standalone-gpu-sha-build-source-v1>, "/usr/include/c++/13/backward/bits/types/__fpos_t.h", O_RDONLY|O_NOCTTY) = -1 ENOENT (No such file or directory)
2166794 openat(AT_FDCWD</home/riomus/runs/sfora-standalone-gpu-sha-build-source-v1>, "/usr/lib/gcc/aarch64-linux-gnu/13/include/bits/types/__fpos_t.h", O_RDONLY|O_NOCTTY) = -1 ENOENT (No such file or directory)
2166794 openat(AT_FDCWD</home/riomus/runs/sfora-standalone-gpu-sha-build-source-v1>, "/usr/local/include/bits/types/__fpos_t.h", O_RDONLY|O_NOCTTY) = -1 ENOENT (No such file or directory)
2166794 openat(AT_FDCWD</home/riomus/runs/sfora-standalone-gpu-sha-build-source-v1>, "/usr/include/aarch64-linux-gnu/bits/types/__fpos_t.h", O_RDONLY|O_NOCTTY) = 4</usr/include/aarch64-linux-gnu/bits/types/__fpos_t.h>
2166794 openat(AT_FDCWD</home/riomus/runs/sfora-standalone-gpu-sha-build-source-v1>, "/home/riomus/toolchains/cuda-13.4-wheel-env/lib/python3.12/site-packages/nvidia/cu13/bin/../include/bits/types/__mbstate_t.h", O_RDONLY|O_NOCTTY) = -1 ENOENT (No such file or directory)
2166794 openat(AT_FDCWD</home/riomus/runs/sfora-standalone-gpu-sha-build-source-v1>, "/usr/include/c++/13/bits/types/__mbstate_t.h", O_RDONLY|O_NOCTTY) = -1 ENOENT (No such file or directory)
2166794 openat(AT_FDCWD</home/riomus/runs/sfora-standalone-gpu-sha-build-source-v1>, "/usr/include/aarch64-linux-gnu/c++/13/bits/types/__mbstate_t.h", O_RDONLY|O_NOCTTY) = -1 ENOENT (No such file or directory)
2166794 openat(AT_FDCWD</home/riomus/runs/sfora-standalone-gpu-sha-build-source-v1>, "/usr/include/c++/13/backward/bits/types/__mbstate_t.h", O_RDONLY|O_NOCTTY) = -1 ENOENT (No such file or directory)
2166794 openat(AT_FDCWD</home/riomus/runs/sfora-standalone-gpu-sha-build-source-v1>, "/usr/lib/gcc/aarch64-linux-gnu/13/include/bits/types/__mbstate_t.h", O_RDONLY|O_NOCTTY) = -1 ENOENT (No such file or directory)
2166794 openat(AT_FDCWD</home/riomus/runs/sfora-standalone-gpu-sha-build-source-v1>, "/usr/local/include/bits/types/__mbstate_t.h", O_RDONLY|O_NOCTTY) = -1 ENOENT (No such file or directory)
2166794 openat(AT_FDCWD</home/riomus/runs/sfora-standalone-gpu-sha-build-source-v1>, "/usr/include/aarch64-linux-gnu/bits/types/__mbstate_t.h", O_RDONLY|O_NOCTTY) = 4</usr/include/aarch64-linux-gnu/bits/types/__mbstate_t.h>
2166794 openat(AT_FDCWD</home/riomus/runs/sfora-standalone-gpu-sha-build-source-v1>, "/home/riomus/toolchains/cuda-13.4-wheel-env/lib/python3.12/site-packages/nvidia/cu13/bin/../include/bits/types/__fpos64_t.h", O_RDONLY|O_NOCTTY) = -1 ENOENT (No such file or directory)
2166794 openat(AT_FDCWD</home/riomus/runs/sfora-standalone-gpu-sha-build-source-v1>, "/usr/include/c++/13/bits/types/__fpos64_t.h", O_RDONLY|O_NOCTTY) = -1 ENOENT (No such file or directory)
2166794 openat(AT_FDCWD</home/riomus/runs/sfora-standalone-gpu-sha-build-source-v1>, "/usr/include/aarch64-linux-gnu/c++/13/bits/types/__fpos64_t.h", O_RDONLY|O_NOCTTY) = -1 ENOENT (No such file or directory)
2166794 openat(AT_FDCWD</home/riomus/runs/sfora-standalone-gpu-sha-build-source-v1>, "/usr/include/c++/13/backward/bits/types/__fpos64_t.h", O_RDONLY|O_NOCTTY) = -1 ENOENT (No such file or directory)
2166794 openat(AT_FDCWD</home/riomus/runs/sfora-standalone-gpu-sha-build-source-v1>, "/usr/lib/gcc/aarch64-linux-gnu/13/include/bits/types/__fpos64_t.h", O_RDONLY|O_NOCTTY) = -1 ENOENT (No such file or directory)
2166794 openat(AT_FDCWD</home/riomus/runs/sfora-standalone-gpu-sha-build-source-v1>, "/usr/local/include/bits/types/__fpos64_t.h", O_RDONLY|O_NOCTTY) = -1 ENOENT (No such file or directory)
2166794 openat(AT_FDCWD</home/riomus/runs/sfora-standalone-gpu-sha-build-source-v1>, "/usr/include/aarch64-linux-gnu/bits/types/__fpos64_t.h", O_RDONLY|O_NOCTTY) = 4</usr/include/aarch64-linux-gnu/bits/types/__fpos64_t.h>
2166794 openat(AT_FDCWD</home/riomus/runs/sfora-standalone-gpu-sha-build-source-v1>, "/home/riomus/toolchains/cuda-13.4-wheel-env/lib/python3.12/site-packages/nvidia/cu13/bin/../include/bits/types/__FILE.h", O_RDONLY|O_NOCTTY) = -1 ENOENT (No such file or directory)
2166794 openat(AT_FDCWD</home/riomus/runs/sfora-standalone-gpu-sha-build-source-v1>, "/usr/include/c++/13/bits/types/__FILE.h", O_RDONLY|O_NOCTTY) = -1 ENOENT (No such file or directory)
2166794 openat(AT_FDCWD</home/riomus/runs/sfora-standalone-gpu-sha-build-source-v1>, "/usr/include/aarch64-linux-gnu/c++/13/bits/types/__FILE.h", O_RDONLY|O_NOCTTY) = -1 ENOENT (No such file or directory)
2166794 openat(AT_FDCWD</home/riomus/runs/sfora-standalone-gpu-sha-build-source-v1>, "/usr/include/c++/13/backward/bits/types/__FILE.h", O_RDONLY|O_NOCTTY) = -1 ENOENT (No such file or directory)
2166794 openat(AT_FDCWD</home/riomus/runs/sfora-standalone-gpu-sha-build-source-v1>, "/usr/lib/gcc/aarch64-linux-gnu/13/include/bits/types/__FILE.h", O_RDONLY|O_NOCTTY) = -1 ENOENT (No such file or directory)
2166794 openat(AT_FDCWD</home/riomus/runs/sfora-standalone-gpu-sha-build-source-v1>, "/usr/local/include/bits/types/__FILE.h", O_RDONLY|O_NOCTTY) = -1 ENOENT (No such file or directory)
2166794 openat(AT_FDCWD</home/riomus/runs/sfora-standalone-gpu-sha-build-source-v1>, "/usr/include/aarch64-linux-gnu/bits/types/__FILE.h", O_RDONLY|O_NOCTTY) = 4</usr/include/aarch64-linux-gnu/bits/types/__FILE.h>
2166794 openat(AT_FDCWD</home/riomus/runs/sfora-standalone-gpu-sha-build-source-v1>, "/home/riomus/toolchains/cuda-13.4-wheel-env/lib/python3.12/site-packages/nvidia/cu13/bin/../include/bits/types/FILE.h", O_RDONLY|O_NOCTTY) = -1 ENOENT (No such file or directory)
2166794 openat(AT_FDCWD</home/riomus/runs/sfora-standalone-gpu-sha-build-source-v1>, "/usr/include/c++/13/bits/types/FILE.h", O_RDONLY|O_NOCTTY) = -1 ENOENT (No such file or directory)
2166794 openat(AT_FDCWD</home/riomus/runs/sfora-standalone-gpu-sha-build-source-v1>, "/usr/include/aarch64-linux-gnu/c++/13/bits/types/FILE.h", O_RDONLY|O_NOCTTY) = -1 ENOENT (No such file or directory)
2166794 openat(AT_FDCWD</home/riomus/runs/sfora-standalone-gpu-sha-build-source-v1>, "/usr/include/c++/13/backward/bits/types/FILE.h", O_RDONLY|O_NOCTTY) = -1 ENOENT (No such file or directory)
2166794 openat(AT_FDCWD</home/riomus/runs/sfora-standalone-gpu-sha-build-source-v1>, "/usr/lib/gcc/aarch64-linux-gnu/13/include/bits/types/FILE.h", O_RDONLY|O_NOCTTY) = -1 ENOENT (No such file or directory)
2166794 openat(AT_FDCWD</home/riomus/runs/sfora-standalone-gpu-sha-build-source-v1>, "/usr/local/include/bits/types/FILE.h", O_RDONLY|O_NOCTTY) = -1 ENOENT (No such file or directory)
2166794 openat(AT_FDCWD</home/riomus/runs/sfora-standalone-gpu-sha-build-source-v1>, "/usr/include/aarch64-linux-gnu/bits/types/FILE.h", O_RDONLY|O_NOCTTY) = 4</usr/include/aarch64-linux-gnu/bits/types/FILE.h>
2166794 openat(AT_FDCWD</home/riomus/runs/sfora-standalone-gpu-sha-build-source-v1>, "/home/riomus/toolchains/cuda-13.4-wheel-env/lib/python3.12/site-packages/nvidia/cu13/bin/../include/bits/types/struct_FILE.h", O_RDONLY|O_NOCTTY) = -1 ENOENT (No such file or directory)
2166794 openat(AT_FDCWD</home/riomus/runs/sfora-standalone-gpu-sha-build-source-v1>, "/usr/include/c++/13/bits/types/struct_FILE.h", O_RDONLY|O_NOCTTY) = -1 ENOENT (No such file or directory)
2166794 openat(AT_FDCWD</home/riomus/runs/sfora-standalone-gpu-sha-build-source-v1>, "/usr/include/aarch64-linux-gnu/c++/13/bits/types/struct_FILE.h", O_RDONLY|O_NOCTTY) = -1 ENOENT (No such file or directory)
2166794 openat(AT_FDCWD</home/riomus/runs/sfora-standalone-gpu-sha-build-source-v1>, "/usr/include/c++/13/backward/bits/types/struct_FILE.h", O_RDONLY|O_NOCTTY) = -1 ENOENT (No such file or directory)
2166794 openat(AT_FDCWD</home/riomus/runs/sfora-standalone-gpu-sha-build-source-v1>, "/usr/lib/gcc/aarch64-linux-gnu/13/include/bits/types/struct_FILE.h", O_RDONLY|O_NOCTTY) = -1 ENOENT (No such file or directory)
2166794 openat(AT_FDCWD</home/riomus/runs/sfora-standalone-gpu-sha-build-source-v1>, "/usr/local/include/bits/types/struct_FILE.h", O_RDONLY|O_NOCTTY) = -1 ENOENT (No such file or directory)
2166794 openat(AT_FDCWD</home/riomus/runs/sfora-standalone-gpu-sha-build-source-v1>, "/usr/include/aarch64-linux-gnu/bits/types/struct_FILE.h", O_RDONLY|O_NOCTTY) = 4</usr/include/aarch64-linux-gnu/bits/types/struct_FILE.h>
2166794 openat(AT_FDCWD</home/riomus/runs/sfora-standalone-gpu-sha-build-source-v1>, "/home/riomus/toolchains/cuda-13.4-wheel-env/lib/python3.12/site-packages/nvidia/cu13/bin/../include/bits/types/cookie_io_functions_t.h", O_RDONLY|O_NOCTTY) = -1 ENOENT (No such file or directory)
2166794 openat(AT_FDCWD</home/riomus/runs/sfora-standalone-gpu-sha-build-source-v1>, "/usr/include/c++/13/bits/types/cookie_io_functions_t.h", O_RDONLY|O_NOCTTY) = -1 ENOENT (No such file or directory)
2166794 openat(AT_FDCWD</home/riomus/runs/sfora-standalone-gpu-sha-build-source-v1>, "/usr/include/aarch64-linux-gnu/c++/13/bits/types/cookie_io_functions_t.h", O_RDONLY|O_NOCTTY) = -1 ENOENT (No such file or directory)
2166794 openat(AT_FDCWD</home/riomus/runs/sfora-standalone-gpu-sha-build-source-v1>, "/usr/include/c++/13/backward/bits/types/cookie_io_functions_t.h", O_RDONLY|O_NOCTTY) = -1 ENOENT (No such file or directory)
2166794 openat(AT_FDCWD</home/riomus/runs/sfora-standalone-gpu-sha-build-source-v1>, "/usr/lib/gcc/aarch64-linux-gnu/13/include/bits/types/cookie_io_functions_t.h", O_RDONLY|O_NOCTTY) = -1 ENOENT (No such file or directory)
2166794 openat(AT_FDCWD</home/riomus/runs/sfora-standalone-gpu-sha-build-source-v1>, "/usr/local/include/bits/types/cookie_io_functions_t.h", O_RDONLY|O_NOCTTY) = -1 ENOENT (No such file or directory)
2166794 openat(AT_FDCWD</home/riomus/runs/sfora-standalone-gpu-sha-build-source-v1>, "/usr/include/aarch64-linux-gnu/bits/types/cookie_io_functions_t.h", O_RDONLY|O_NOCTTY) = 4</usr/include/aarch64-linux-gnu/bits/types/cookie_io_functions_t.h>
2166794 openat(AT_FDCWD</home/riomus/runs/sfora-standalone-gpu-sha-build-source-v1>, "/home/riomus/toolchains/cuda-13.4-wheel-env/lib/python3.12/site-packages/nvidia/cu13/bin/../include/bits/stdio_lim.h", O_RDONLY|O_NOCTTY) = -1 ENOENT (No such file or directory)
2166794 openat(AT_FDCWD</home/riomus/runs/sfora-standalone-gpu-sha-build-source-v1>, "/usr/include/c++/13/bits/stdio_lim.h", O_RDONLY|O_NOCTTY) = -1 ENOENT (No such file or directory)
2166794 openat(AT_FDCWD</home/riomus/runs/sfora-standalone-gpu-sha-build-source-v1>, "/usr/include/aarch64-linux-gnu/c++/13/bits/stdio_lim.h", O_RDONLY|O_NOCTTY) = -1 ENOENT (No such file or directory)
2166794 openat(AT_FDCWD</home/riomus/runs/sfora-standalone-gpu-sha-build-source-v1>, "/usr/include/c++/13/backward/bits/stdio_lim.h", O_RDONLY|O_NOCTTY) = -1 ENOENT (No such file or directory)
2166794 openat(AT_FDCWD</home/riomus/runs/sfora-standalone-gpu-sha-build-source-v1>, "/usr/lib/gcc/aarch64-linux-gnu/13/include/bits/stdio_lim.h", O_RDONLY|O_NOCTTY) = -1 ENOENT (No such file or directory)
2166794 openat(AT_FDCWD</home/riomus/runs/sfora-standalone-gpu-sha-build-source-v1>, "/usr/local/include/bits/stdio_lim.h", O_RDONLY|O_NOCTTY) = -1 ENOENT (No such file or directory)
2166794 openat(AT_FDCWD</home/riomus/runs/sfora-standalone-gpu-sha-build-source-v1>, "/usr/include/aarch64-linux-gnu/bits/stdio_lim.h", O_RDONLY|O_NOCTTY) = 4</usr/include/aarch64-linux-gnu/bits/stdio_lim.h>
2166794 openat(AT_FDCWD</home/riomus/runs/sfora-standalone-gpu-sha-build-source-v1>, "/home/riomus/toolchains/cuda-13.4-wheel-env/lib/python3.12/site-packages/nvidia/cu13/bin/../include/bits/stdio2-decl.h", O_RDONLY|O_NOCTTY) = -1 ENOENT (No such file or directory)
2166794 openat(AT_FDCWD</home/riomus/runs/sfora-standalone-gpu-sha-build-source-v1>, "/usr/include/c++/13/bits/stdio2-decl.h", O_RDONLY|O_NOCTTY) = -1 ENOENT (No such file or directory)
2166794 openat(AT_FDCWD</home/riomus/runs/sfora-standalone-gpu-sha-build-source-v1>, "/usr/include/aarch64-linux-gnu/c++/13/bits/stdio2-decl.h", O_RDONLY|O_NOCTTY) = -1 ENOENT (No such file or directory)
2166794 openat(AT_FDCWD</home/riomus/runs/sfora-standalone-gpu-sha-build-source-v1>, "/usr/include/c++/13/backward/bits/stdio2-decl.h", O_RDONLY|O_NOCTTY) = -1 ENOENT (No such file or directory)
2166794 openat(AT_FDCWD</home/riomus/runs/sfora-standalone-gpu-sha-build-source-v1>, "/usr/lib/gcc/aarch64-linux-gnu/13/include/bits/stdio2-decl.h", O_RDONLY|O_NOCTTY) = -1 ENOENT (No such file or directory)
2166794 openat(AT_FDCWD</home/riomus/runs/sfora-standalone-gpu-sha-build-source-v1>, "/usr/local/include/bits/stdio2-decl.h", O_RDONLY|O_NOCTTY) = -1 ENOENT (No such file or directory)
2166794 openat(AT_FDCWD</home/riomus/runs/sfora-standalone-gpu-sha-build-source-v1>, "/usr/include/aarch64-linux-gnu/bits/stdio2-decl.h", O_RDONLY|O_NOCTTY) = 4</usr/include/aarch64-linux-gnu/bits/stdio2-decl.h>
2166794 openat(AT_FDCWD</home/riomus/runs/sfora-standalone-gpu-sha-build-source-v1>, "/home/riomus/toolchains/cuda-13.4-wheel-env/lib/python3.12/site-packages/nvidia/cu13/bin/../include/bits/stdio.h", O_RDONLY|O_NOCTTY) = -1 ENOENT (No such file or directory)
2166794 openat(AT_FDCWD</home/riomus/runs/sfora-standalone-gpu-sha-build-source-v1>, "/usr/include/c++/13/bits/stdio.h", O_RDONLY|O_NOCTTY) = -1 ENOENT (No such file or directory)
2166794 openat(AT_FDCWD</home/riomus/runs/sfora-standalone-gpu-sha-build-source-v1>, "/usr/include/aarch64-linux-gnu/c++/13/bits/stdio.h", O_RDONLY|O_NOCTTY) = -1 ENOENT (No such file or directory)
2166794 openat(AT_FDCWD</home/riomus/runs/sfora-standalone-gpu-sha-build-source-v1>, "/usr/include/c++/13/backward/bits/stdio.h", O_RDONLY|O_NOCTTY) = -1 ENOENT (No such file or directory)
2166794 openat(AT_FDCWD</home/riomus/runs/sfora-standalone-gpu-sha-build-source-v1>, "/usr/lib/gcc/aarch64-linux-gnu/13/include/bits/stdio.h", O_RDONLY|O_NOCTTY) = -1 ENOENT (No such file or directory)
2166794 openat(AT_FDCWD</home/riomus/runs/sfora-standalone-gpu-sha-build-source-v1>, "/usr/local/include/bits/stdio.h", O_RDONLY|O_NOCTTY) = -1 ENOENT (No such file or directory)
2166794 openat(AT_FDCWD</home/riomus/runs/sfora-standalone-gpu-sha-build-source-v1>, "/usr/include/aarch64-linux-gnu/bits/stdio.h", O_RDONLY|O_NOCTTY) = 4</usr/include/aarch64-linux-gnu/bits/stdio.h>
2166794 openat(AT_FDCWD</home/riomus/runs/sfora-standalone-gpu-sha-build-source-v1>, "/home/riomus/toolchains/cuda-13.4-wheel-env/lib/python3.12/site-packages/nvidia/cu13/bin/../include/bits/stdio2.h", O_RDONLY|O_NOCTTY) = -1 ENOENT (No such file or directory)
2166794 openat(AT_FDCWD</home/riomus/runs/sfora-standalone-gpu-sha-build-source-v1>, "/usr/include/c++/13/bits/stdio2.h", O_RDONLY|O_NOCTTY) = -1 ENOENT (No such file or directory)
2166794 openat(AT_FDCWD</home/riomus/runs/sfora-standalone-gpu-sha-build-source-v1>, "/usr/include/aarch64-linux-gnu/c++/13/bits/stdio2.h", O_RDONLY|O_NOCTTY) = -1 ENOENT (No such file or directory)
2166794 openat(AT_FDCWD</home/riomus/runs/sfora-standalone-gpu-sha-build-source-v1>, "/usr/include/c++/13/backward/bits/stdio2.h", O_RDONLY|O_NOCTTY) = -1 ENOENT (No such file or directory)
2166794 openat(AT_FDCWD</home/riomus/runs/sfora-standalone-gpu-sha-build-source-v1>, "/usr/lib/gcc/aarch64-linux-gnu/13/include/bits/stdio2.h", O_RDONLY|O_NOCTTY) = -1 ENOENT (No such file or directory)
2166794 openat(AT_FDCWD</home/riomus/runs/sfora-standalone-gpu-sha-build-source-v1>, "/usr/local/include/bits/stdio2.h", O_RDONLY|O_NOCTTY) = -1 ENOENT (No such file or directory)
2166794 openat(AT_FDCWD</home/riomus/runs/sfora-standalone-gpu-sha-build-source-v1>, "/usr/include/aarch64-linux-gnu/bits/stdio2.h", O_RDONLY|O_NOCTTY) = 4</usr/include/aarch64-linux-gnu/bits/stdio2.h>
2166794 openat(AT_FDCWD</home/riomus/runs/sfora-standalone-gpu-sha-build-source-v1>, "/usr/include/c++/13/stdlib.h", O_RDONLY|O_NOCTTY) = 4</usr/include/c++/13/stdlib.h>
2166794 openat(AT_FDCWD</home/riomus/runs/sfora-standalone-gpu-sha-build-source-v1>, "/home/riomus/toolchains/cuda-13.4-wheel-env/lib/python3.12/site-packages/nvidia/cu13/bin/../include/assert.h", O_RDONLY|O_NOCTTY) = -1 ENOENT (No such file or directory)
2166794 openat(AT_FDCWD</home/riomus/runs/sfora-standalone-gpu-sha-build-source-v1>, "/usr/include/c++/13/assert.h", O_RDONLY|O_NOCTTY) = -1 ENOENT (No such file or directory)
2166794 openat(AT_FDCWD</home/riomus/runs/sfora-standalone-gpu-sha-build-source-v1>, "/usr/include/aarch64-linux-gnu/c++/13/assert.h", O_RDONLY|O_NOCTTY) = -1 ENOENT (No such file or directory)
2166794 openat(AT_FDCWD</home/riomus/runs/sfora-standalone-gpu-sha-build-source-v1>, "/usr/include/c++/13/backward/assert.h", O_RDONLY|O_NOCTTY) = -1 ENOENT (No such file or directory)
2166794 openat(AT_FDCWD</home/riomus/runs/sfora-standalone-gpu-sha-build-source-v1>, "/usr/lib/gcc/aarch64-linux-gnu/13/include/assert.h", O_RDONLY|O_NOCTTY) = -1 ENOENT (No such file or directory)
2166794 openat(AT_FDCWD</home/riomus/runs/sfora-standalone-gpu-sha-build-source-v1>, "/usr/local/include/assert.h", O_RDONLY|O_NOCTTY) = -1 ENOENT (No such file or directory)
2166794 openat(AT_FDCWD</home/riomus/runs/sfora-standalone-gpu-sha-build-source-v1>, "/usr/include/aarch64-linux-gnu/assert.h", O_RDONLY|O_NOCTTY) = -1 ENOENT (No such file or directory)
2166794 openat(AT_FDCWD</home/riomus/runs/sfora-standalone-gpu-sha-build-source-v1>, "/usr/include/assert.h", O_RDONLY|O_NOCTTY) = 4</usr/include/assert.h>
2166794 openat(AT_FDCWD</home/riomus/runs/sfora-standalone-gpu-sha-build-source-v1>, "/home/riomus/toolchains/cuda-13.4-wheel-env/lib/python3.12/site-packages/nvidia/cu13/bin/../include/crt/math_functions.h", O_RDONLY|O_NOCTTY) = 4</home/riomus/toolchains/cuda-13.4-wheel-env/lib/python3.12/site-packages/nvidia/cu13/include/crt/math_functions.h>
2166794 openat(AT_FDCWD</home/riomus/runs/sfora-standalone-gpu-sha-build-source-v1>, "/home/riomus/toolchains/cuda-13.4-wheel-env/lib/python3.12/site-packages/nvidia/cu13/bin/../include/builtin_types.h", O_RDONLY|O_NOCTTY) = 4</home/riomus/toolchains/cuda-13.4-wheel-env/lib/python3.12/site-packages/nvidia/cu13/include/builtin_types.h>
2166794 openat(AT_FDCWD</home/riomus/runs/sfora-standalone-gpu-sha-build-source-v1>, "/home/riomus/toolchains/cuda-13.4-wheel-env/lib/python3.12/site-packages/nvidia/cu13/bin/../include/crt/host_defines.h", O_RDONLY|O_NOCTTY) = 4</home/riomus/toolchains/cuda-13.4-wheel-env/lib/python3.12/site-packages/nvidia/cu13/include/crt/host_defines.h>
2166794 openat(AT_FDCWD</home/riomus/runs/sfora-standalone-gpu-sha-build-source-v1>, "/home/riomus/toolchains/cuda-13.4-wheel-env/lib/python3.12/site-packages/nvidia/cu13/bin/../include/math.h", O_RDONLY|O_NOCTTY) = -1 ENOENT (No such file or directory)
2166794 openat(AT_FDCWD</home/riomus/runs/sfora-standalone-gpu-sha-build-source-v1>, "/usr/include/c++/13/math.h", O_RDONLY|O_NOCTTY) = 4</usr/include/c++/13/math.h>
2166794 openat(AT_FDCWD</home/riomus/runs/sfora-standalone-gpu-sha-build-source-v1>, "/home/riomus/toolchains/cuda-13.4-wheel-env/lib/python3.12/site-packages/nvidia/cu13/bin/../include/cmath", O_RDONLY|O_NOCTTY) = -1 ENOENT (No such file or directory)
2166794 openat(AT_FDCWD</home/riomus/runs/sfora-standalone-gpu-sha-build-source-v1>, "/usr/include/c++/13/cmath", O_RDONLY|O_NOCTTY) = 4</usr/include/c++/13/cmath>
2166794 openat(AT_FDCWD</home/riomus/runs/sfora-standalone-gpu-sha-build-source-v1>, "/home/riomus/toolchains/cuda-13.4-wheel-env/lib/python3.12/site-packages/nvidia/cu13/bin/../include/bits/requires_hosted.h", O_RDONLY|O_NOCTTY) = -1 ENOENT (No such file or directory)
2166794 openat(AT_FDCWD</home/riomus/runs/sfora-standalone-gpu-sha-build-source-v1>, "/usr/include/c++/13/bits/requires_hosted.h", O_RDONLY|O_NOCTTY) = 4</usr/include/c++/13/bits/requires_hosted.h>
2166794 openat(AT_FDCWD</home/riomus/runs/sfora-standalone-gpu-sha-build-source-v1>, "/home/riomus/toolchains/cuda-13.4-wheel-env/lib/python3.12/site-packages/nvidia/cu13/bin/../include/bits/cpp_type_traits.h", O_RDONLY|O_NOCTTY) = -1 ENOENT (No such file or directory)
2166794 openat(AT_FDCWD</home/riomus/runs/sfora-standalone-gpu-sha-build-source-v1>, "/usr/include/c++/13/bits/cpp_type_traits.h", O_RDONLY|O_NOCTTY) = 4</usr/include/c++/13/bits/cpp_type_traits.h>
2166794 openat(AT_FDCWD</home/riomus/runs/sfora-standalone-gpu-sha-build-source-v1>, "/home/riomus/toolchains/cuda-13.4-wheel-env/lib/python3.12/site-packages/nvidia/cu13/bin/../include/ext/type_traits.h", O_RDONLY|O_NOCTTY) = -1 ENOENT (No such file or directory)
2166794 openat(AT_FDCWD</home/riomus/runs/sfora-standalone-gpu-sha-build-source-v1>, "/usr/include/c++/13/ext/type_traits.h", O_RDONLY|O_NOCTTY) = 4</usr/include/c++/13/ext/type_traits.h>
2166794 openat(AT_FDCWD</home/riomus/runs/sfora-standalone-gpu-sha-build-source-v1>, "/usr/include/aarch64-linux-gnu/c++/13/math.h", O_RDONLY|O_NOCTTY) = -1 ENOENT (No such file or directory)
2166794 openat(AT_FDCWD</home/riomus/runs/sfora-standalone-gpu-sha-build-source-v1>, "/usr/include/c++/13/backward/math.h", O_RDONLY|O_NOCTTY) = -1 ENOENT (No such file or directory)
2166794 openat(AT_FDCWD</home/riomus/runs/sfora-standalone-gpu-sha-build-source-v1>, "/usr/lib/gcc/aarch64-linux-gnu/13/include/math.h", O_RDONLY|O_NOCTTY) = -1 ENOENT (No such file or directory)
2166794 openat(AT_FDCWD</home/riomus/runs/sfora-standalone-gpu-sha-build-source-v1>, "/usr/local/include/math.h", O_RDONLY|O_NOCTTY) = -1 ENOENT (No such file or directory)
2166794 openat(AT_FDCWD</home/riomus/runs/sfora-standalone-gpu-sha-build-source-v1>, "/usr/include/aarch64-linux-gnu/math.h", O_RDONLY|O_NOCTTY) = -1 ENOENT (No such file or directory)
2166794 openat(AT_FDCWD</home/riomus/runs/sfora-standalone-gpu-sha-build-source-v1>, "/usr/include/math.h", O_RDONLY|O_NOCTTY) = 4</usr/include/math.h>
2166794 openat(AT_FDCWD</home/riomus/runs/sfora-standalone-gpu-sha-build-source-v1>, "/usr/include/aarch64-linux-gnu/bits/libc-header-start.h", O_RDONLY|O_NOCTTY) = 4</usr/include/aarch64-linux-gnu/bits/libc-header-start.h>
2166794 openat(AT_FDCWD</home/riomus/runs/sfora-standalone-gpu-sha-build-source-v1>, "/home/riomus/toolchains/cuda-13.4-wheel-env/lib/python3.12/site-packages/nvidia/cu13/bin/../include/bits/math-vector.h", O_RDONLY|O_NOCTTY) = -1 ENOENT (No such file or directory)
2166794 openat(AT_FDCWD</home/riomus/runs/sfora-standalone-gpu-sha-build-source-v1>, "/usr/include/c++/13/bits/math-vector.h", O_RDONLY|O_NOCTTY) = -1 ENOENT (No such file or directory)
2166794 openat(AT_FDCWD</home/riomus/runs/sfora-standalone-gpu-sha-build-source-v1>, "/usr/include/aarch64-linux-gnu/c++/13/bits/math-vector.h", O_RDONLY|O_NOCTTY) = -1 ENOENT (No such file or directory)
2166794 openat(AT_FDCWD</home/riomus/runs/sfora-standalone-gpu-sha-build-source-v1>, "/usr/include/c++/13/backward/bits/math-vector.h", O_RDONLY|O_NOCTTY) = -1 ENOENT (No such file or directory)
2166794 openat(AT_FDCWD</home/riomus/runs/sfora-standalone-gpu-sha-build-source-v1>, "/usr/lib/gcc/aarch64-linux-gnu/13/include/bits/math-vector.h", O_RDONLY|O_NOCTTY) = -1 ENOENT (No such file or directory)
2166794 openat(AT_FDCWD</home/riomus/runs/sfora-standalone-gpu-sha-build-source-v1>, "/usr/local/include/bits/math-vector.h", O_RDONLY|O_NOCTTY) = -1 ENOENT (No such file or directory)
2166794 openat(AT_FDCWD</home/riomus/runs/sfora-standalone-gpu-sha-build-source-v1>, "/usr/include/aarch64-linux-gnu/bits/math-vector.h", O_RDONLY|O_NOCTTY) = 4</usr/include/aarch64-linux-gnu/bits/math-vector.h>
2166794 openat(AT_FDCWD</home/riomus/runs/sfora-standalone-gpu-sha-build-source-v1>, "/home/riomus/toolchains/cuda-13.4-wheel-env/lib/python3.12/site-packages/nvidia/cu13/bin/../include/bits/libm-simd-decl-stubs.h", O_RDONLY|O_NOCTTY) = -1 ENOENT (No such file or directory)
2166794 openat(AT_FDCWD</home/riomus/runs/sfora-standalone-gpu-sha-build-source-v1>, "/usr/include/c++/13/bits/libm-simd-decl-stubs.h", O_RDONLY|O_NOCTTY) = -1 ENOENT (No such file or directory)
2166794 openat(AT_FDCWD</home/riomus/runs/sfora-standalone-gpu-sha-build-source-v1>, "/usr/include/aarch64-linux-gnu/c++/13/bits/libm-simd-decl-stubs.h", O_RDONLY|O_NOCTTY) = -1 ENOENT (No such file or directory)
2166794 openat(AT_FDCWD</home/riomus/runs/sfora-standalone-gpu-sha-build-source-v1>, "/usr/include/c++/13/backward/bits/libm-simd-decl-stubs.h", O_RDONLY|O_NOCTTY) = -1 ENOENT (No such file or directory)
2166794 openat(AT_FDCWD</home/riomus/runs/sfora-standalone-gpu-sha-build-source-v1>, "/usr/lib/gcc/aarch64-linux-gnu/13/include/bits/libm-simd-decl-stubs.h", O_RDONLY|O_NOCTTY) = -1 ENOENT (No such file or directory)
2166794 openat(AT_FDCWD</home/riomus/runs/sfora-standalone-gpu-sha-build-source-v1>, "/usr/local/include/bits/libm-simd-decl-stubs.h", O_RDONLY|O_NOCTTY) = -1 ENOENT (No such file or directory)
2166794 openat(AT_FDCWD</home/riomus/runs/sfora-standalone-gpu-sha-build-source-v1>, "/usr/include/aarch64-linux-gnu/bits/libm-simd-decl-stubs.h", O_RDONLY|O_NOCTTY) = 4</usr/include/aarch64-linux-gnu/bits/libm-simd-decl-stubs.h>
2166794 openat(AT_FDCWD</home/riomus/runs/sfora-standalone-gpu-sha-build-source-v1>, "/home/riomus/toolchains/cuda-13.4-wheel-env/lib/python3.12/site-packages/nvidia/cu13/bin/../include/bits/flt-eval-method.h", O_RDONLY|O_NOCTTY) = -1 ENOENT (No such file or directory)
2166794 openat(AT_FDCWD</home/riomus/runs/sfora-standalone-gpu-sha-build-source-v1>, "/usr/include/c++/13/bits/flt-eval-method.h", O_RDONLY|O_NOCTTY) = -1 ENOENT (No such file or directory)
2166794 openat(AT_FDCWD</home/riomus/runs/sfora-standalone-gpu-sha-build-source-v1>, "/usr/include/aarch64-linux-gnu/c++/13/bits/flt-eval-method.h", O_RDONLY|O_NOCTTY) = -1 ENOENT (No such file or directory)
2166794 openat(AT_FDCWD</home/riomus/runs/sfora-standalone-gpu-sha-build-source-v1>, "/usr/include/c++/13/backward/bits/flt-eval-method.h", O_RDONLY|O_NOCTTY) = -1 ENOENT (No such file or directory)
2166794 openat(AT_FDCWD</home/riomus/runs/sfora-standalone-gpu-sha-build-source-v1>, "/usr/lib/gcc/aarch64-linux-gnu/13/include/bits/flt-eval-method.h", O_RDONLY|O_NOCTTY) = -1 ENOENT (No such file or directory)
2166794 openat(AT_FDCWD</home/riomus/runs/sfora-standalone-gpu-sha-build-source-v1>, "/usr/local/include/bits/flt-eval-method.h", O_RDONLY|O_NOCTTY) = -1 ENOENT (No such file or directory)
2166794 openat(AT_FDCWD</home/riomus/runs/sfora-standalone-gpu-sha-build-source-v1>, "/usr/include/aarch64-linux-gnu/bits/flt-eval-method.h", O_RDONLY|O_NOCTTY) = 4</usr/include/aarch64-linux-gnu/bits/flt-eval-method.h>
2166794 openat(AT_FDCWD</home/riomus/runs/sfora-standalone-gpu-sha-build-source-v1>, "/home/riomus/toolchains/cuda-13.4-wheel-env/lib/python3.12/site-packages/nvidia/cu13/bin/../include/bits/fp-logb.h", O_RDONLY|O_NOCTTY) = -1 ENOENT (No such file or directory)
2166794 openat(AT_FDCWD</home/riomus/runs/sfora-standalone-gpu-sha-build-source-v1>, "/usr/include/c++/13/bits/fp-logb.h", O_RDONLY|O_NOCTTY) = -1 ENOENT (No such file or directory)
2166794 openat(AT_FDCWD</home/riomus/runs/sfora-standalone-gpu-sha-build-source-v1>, "/usr/include/aarch64-linux-gnu/c++/13/bits/fp-logb.h", O_RDONLY|O_NOCTTY) = -1 ENOENT (No such file or directory)
2166794 openat(AT_FDCWD</home/riomus/runs/sfora-standalone-gpu-sha-build-source-v1>, "/usr/include/c++/13/backward/bits/fp-logb.h", O_RDONLY|O_NOCTTY) = -1 ENOENT (No such file or directory)
2166794 openat(AT_FDCWD</home/riomus/runs/sfora-standalone-gpu-sha-build-source-v1>, "/usr/lib/gcc/aarch64-linux-gnu/13/include/bits/fp-logb.h", O_RDONLY|O_NOCTTY) = -1 ENOENT (No such file or directory)
2166794 openat(AT_FDCWD</home/riomus/runs/sfora-standalone-gpu-sha-build-source-v1>, "/usr/local/include/bits/fp-logb.h", O_RDONLY|O_NOCTTY) = -1 ENOENT (No such file or directory)
2166794 openat(AT_FDCWD</home/riomus/runs/sfora-standalone-gpu-sha-build-source-v1>, "/usr/include/aarch64-linux-gnu/bits/fp-logb.h", O_RDONLY|O_NOCTTY) = 4</usr/include/aarch64-linux-gnu/bits/fp-logb.h>
2166794 openat(AT_FDCWD</home/riomus/runs/sfora-standalone-gpu-sha-build-source-v1>, "/home/riomus/toolchains/cuda-13.4-wheel-env/lib/python3.12/site-packages/nvidia/cu13/bin/../include/bits/fp-fast.h", O_RDONLY|O_NOCTTY) = -1 ENOENT (No such file or directory)
2166794 openat(AT_FDCWD</home/riomus/runs/sfora-standalone-gpu-sha-build-source-v1>, "/usr/include/c++/13/bits/fp-fast.h", O_RDONLY|O_NOCTTY) = -1 ENOENT (No such file or directory)
2166794 openat(AT_FDCWD</home/riomus/runs/sfora-standalone-gpu-sha-build-source-v1>, "/usr/include/aarch64-linux-gnu/c++/13/bits/fp-fast.h", O_RDONLY|O_NOCTTY) = -1 ENOENT (No such file or directory)
2166794 openat(AT_FDCWD</home/riomus/runs/sfora-standalone-gpu-sha-build-source-v1>, "/usr/include/c++/13/backward/bits/fp-fast.h", O_RDONLY|O_NOCTTY) = -1 ENOENT (No such file or directory)
2166794 openat(AT_FDCWD</home/riomus/runs/sfora-standalone-gpu-sha-build-source-v1>, "/usr/lib/gcc/aarch64-linux-gnu/13/include/bits/fp-fast.h", O_RDONLY|O_NOCTTY) = -1 ENOENT (No such file or directory)
2166794 openat(AT_FDCWD</home/riomus/runs/sfora-standalone-gpu-sha-build-source-v1>, "/usr/local/include/bits/fp-fast.h", O_RDONLY|O_NOCTTY) = -1 ENOENT (No such file or directory)
2166794 openat(AT_FDCWD</home/riomus/runs/sfora-standalone-gpu-sha-build-source-v1>, "/usr/include/aarch64-linux-gnu/bits/fp-fast.h", O_RDONLY|O_NOCTTY) = 4</usr/include/aarch64-linux-gnu/bits/fp-fast.h>
2166794 openat(AT_FDCWD</home/riomus/runs/sfora-standalone-gpu-sha-build-source-v1>, "/home/riomus/toolchains/cuda-13.4-wheel-env/lib/python3.12/site-packages/nvidia/cu13/bin/../include/bits/mathcalls-helper-functions.h", O_RDONLY|O_NOCTTY) = -1 ENOENT (No such file or directory)
2166794 openat(AT_FDCWD</home/riomus/runs/sfora-standalone-gpu-sha-build-source-v1>, "/usr/include/c++/13/bits/mathcalls-helper-functions.h", O_RDONLY|O_NOCTTY) = -1 ENOENT (No such file or directory)
2166794 openat(AT_FDCWD</home/riomus/runs/sfora-standalone-gpu-sha-build-source-v1>, "/usr/include/aarch64-linux-gnu/c++/13/bits/mathcalls-helper-functions.h", O_RDONLY|O_NOCTTY) = -1 ENOENT (No such file or directory)
2166794 openat(AT_FDCWD</home/riomus/runs/sfora-standalone-gpu-sha-build-source-v1>, "/usr/include/c++/13/backward/bits/mathcalls-helper-functions.h", O_RDONLY|O_NOCTTY) = -1 ENOENT (No such file or directory)
2166794 openat(AT_FDCWD</home/riomus/runs/sfora-standalone-gpu-sha-build-source-v1>, "/usr/lib/gcc/aarch64-linux-gnu/13/include/bits/mathcalls-helper-functions.h", O_RDONLY|O_NOCTTY) = -1 ENOENT (No such file or directory)
2166794 openat(AT_FDCWD</home/riomus/runs/sfora-standalone-gpu-sha-build-source-v1>, "/usr/local/include/bits/mathcalls-helper-functions.h", O_RDONLY|O_NOCTTY) = -1 ENOENT (No such file or directory)
2166794 openat(AT_FDCWD</home/riomus/runs/sfora-standalone-gpu-sha-build-source-v1>, "/usr/include/aarch64-linux-gnu/bits/mathcalls-helper-functions.h", O_RDONLY|O_NOCTTY) = 4</usr/include/aarch64-linux-gnu/bits/mathcalls-helper-functions.h>
2166794 openat(AT_FDCWD</home/riomus/runs/sfora-standalone-gpu-sha-build-source-v1>, "/home/riomus/toolchains/cuda-13.4-wheel-env/lib/python3.12/site-packages/nvidia/cu13/bin/../include/bits/mathcalls.h", O_RDONLY|O_NOCTTY) = -1 ENOENT (No such file or directory)
2166794 openat(AT_FDCWD</home/riomus/runs/sfora-standalone-gpu-sha-build-source-v1>, "/usr/include/c++/13/bits/mathcalls.h", O_RDONLY|O_NOCTTY) = -1 ENOENT (No such file or directory)
2166794 openat(AT_FDCWD</home/riomus/runs/sfora-standalone-gpu-sha-build-source-v1>, "/usr/include/aarch64-linux-gnu/c++/13/bits/mathcalls.h", O_RDONLY|O_NOCTTY) = -1 ENOENT (No such file or directory)
2166794 openat(AT_FDCWD</home/riomus/runs/sfora-standalone-gpu-sha-build-source-v1>, "/usr/include/c++/13/backward/bits/mathcalls.h", O_RDONLY|O_NOCTTY) = -1 ENOENT (No such file or directory)
2166794 openat(AT_FDCWD</home/riomus/runs/sfora-standalone-gpu-sha-build-source-v1>, "/usr/lib/gcc/aarch64-linux-gnu/13/include/bits/mathcalls.h", O_RDONLY|O_NOCTTY) = -1 ENOENT (No such file or directory)
2166794 openat(AT_FDCWD</home/riomus/runs/sfora-standalone-gpu-sha-build-source-v1>, "/usr/local/include/bits/mathcalls.h", O_RDONLY|O_NOCTTY) = -1 ENOENT (No such file or directory)
2166794 openat(AT_FDCWD</home/riomus/runs/sfora-standalone-gpu-sha-build-source-v1>, "/usr/include/aarch64-linux-gnu/bits/mathcalls.h", O_RDONLY|O_NOCTTY) = 4</usr/include/aarch64-linux-gnu/bits/mathcalls.h>
2166794 openat(AT_FDCWD</home/riomus/runs/sfora-standalone-gpu-sha-build-source-v1>, "/usr/include/aarch64-linux-gnu/bits/mathcalls-helper-functions.h", O_RDONLY|O_NOCTTY) = 4</usr/include/aarch64-linux-gnu/bits/mathcalls-helper-functions.h>
2166794 openat(AT_FDCWD</home/riomus/runs/sfora-standalone-gpu-sha-build-source-v1>, "/usr/include/aarch64-linux-gnu/bits/mathcalls.h", O_RDONLY|O_NOCTTY) = 4</usr/include/aarch64-linux-gnu/bits/mathcalls.h>
2166794 openat(AT_FDCWD</home/riomus/runs/sfora-standalone-gpu-sha-build-source-v1>, "/usr/include/aarch64-linux-gnu/bits/mathcalls-helper-functions.h", O_RDONLY|O_NOCTTY) = 4</usr/include/aarch64-linux-gnu/bits/mathcalls-helper-functions.h>
2166794 openat(AT_FDCWD</home/riomus/runs/sfora-standalone-gpu-sha-build-source-v1>, "/usr/include/aarch64-linux-gnu/bits/mathcalls.h", O_RDONLY|O_NOCTTY) = 4</usr/include/aarch64-linux-gnu/bits/mathcalls.h>
2166794 openat(AT_FDCWD</home/riomus/runs/sfora-standalone-gpu-sha-build-source-v1>, "/usr/include/aarch64-linux-gnu/bits/mathcalls.h", O_RDONLY|O_NOCTTY) = 4</usr/include/aarch64-linux-gnu/bits/mathcalls.h>
2166794 openat(AT_FDCWD</home/riomus/runs/sfora-standalone-gpu-sha-build-source-v1>, "/usr/include/aarch64-linux-gnu/bits/mathcalls.h", O_RDONLY|O_NOCTTY) = 4</usr/include/aarch64-linux-gnu/bits/mathcalls.h>
2166794 openat(AT_FDCWD</home/riomus/runs/sfora-standalone-gpu-sha-build-source-v1>, "/usr/include/aarch64-linux-gnu/bits/mathcalls.h", O_RDONLY|O_NOCTTY) = 4</usr/include/aarch64-linux-gnu/bits/mathcalls.h>
2166794 openat(AT_FDCWD</home/riomus/runs/sfora-standalone-gpu-sha-build-source-v1>, "/usr/include/aarch64-linux-gnu/bits/mathcalls.h", O_RDONLY|O_NOCTTY) = 4</usr/include/aarch64-linux-gnu/bits/mathcalls.h>
2166794 openat(AT_FDCWD</home/riomus/runs/sfora-standalone-gpu-sha-build-source-v1>, "/usr/include/aarch64-linux-gnu/bits/mathcalls.h", O_RDONLY|O_NOCTTY) = 4</usr/include/aarch64-linux-gnu/bits/mathcalls.h>
2166794 openat(AT_FDCWD</home/riomus/runs/sfora-standalone-gpu-sha-build-source-v1>, "/home/riomus/toolchains/cuda-13.4-wheel-env/lib/python3.12/site-packages/nvidia/cu13/bin/../include/bits/mathcalls-narrow.h", O_RDONLY|O_NOCTTY) = -1 ENOENT (No such file or directory)
2166794 openat(AT_FDCWD</home/riomus/runs/sfora-standalone-gpu-sha-build-source-v1>, "/usr/include/c++/13/bits/mathcalls-narrow.h", O_RDONLY|O_NOCTTY) = -1 ENOENT (No such file or directory)
2166794 openat(AT_FDCWD</home/riomus/runs/sfora-standalone-gpu-sha-build-source-v1>, "/usr/include/aarch64-linux-gnu/c++/13/bits/mathcalls-narrow.h", O_RDONLY|O_NOCTTY) = -1 ENOENT (No such file or directory)
2166794 openat(AT_FDCWD</home/riomus/runs/sfora-standalone-gpu-sha-build-source-v1>, "/usr/include/c++/13/backward/bits/mathcalls-narrow.h", O_RDONLY|O_NOCTTY) = -1 ENOENT (No such file or directory)
2166794 openat(AT_FDCWD</home/riomus/runs/sfora-standalone-gpu-sha-build-source-v1>, "/usr/lib/gcc/aarch64-linux-gnu/13/include/bits/mathcalls-narrow.h", O_RDONLY|O_NOCTTY) = -1 ENOENT (No such file or directory)
2166794 openat(AT_FDCWD</home/riomus/runs/sfora-standalone-gpu-sha-build-source-v1>, "/usr/local/include/bits/mathcalls-narrow.h", O_RDONLY|O_NOCTTY) = -1 ENOENT (No such file or directory)
2166794 openat(AT_FDCWD</home/riomus/runs/sfora-standalone-gpu-sha-build-source-v1>, "/usr/include/aarch64-linux-gnu/bits/mathcalls-narrow.h", O_RDONLY|O_NOCTTY) = 4</usr/include/aarch64-linux-gnu/bits/mathcalls-narrow.h>
2166794 openat(AT_FDCWD</home/riomus/runs/sfora-standalone-gpu-sha-build-source-v1>, "/usr/include/aarch64-linux-gnu/bits/mathcalls-narrow.h", O_RDONLY|O_NOCTTY) = 4</usr/include/aarch64-linux-gnu/bits/mathcalls-narrow.h>
2166794 openat(AT_FDCWD</home/riomus/runs/sfora-standalone-gpu-sha-build-source-v1>, "/usr/include/aarch64-linux-gnu/bits/mathcalls-narrow.h", O_RDONLY|O_NOCTTY) = 4</usr/include/aarch64-linux-gnu/bits/mathcalls-narrow.h>
2166794 openat(AT_FDCWD</home/riomus/runs/sfora-standalone-gpu-sha-build-source-v1>, "/usr/include/aarch64-linux-gnu/bits/mathcalls-narrow.h", O_RDONLY|O_NOCTTY) = 4</usr/include/aarch64-linux-gnu/bits/mathcalls-narrow.h>
2166794 openat(AT_FDCWD</home/riomus/runs/sfora-standalone-gpu-sha-build-source-v1>, "/usr/include/aarch64-linux-gnu/bits/mathcalls-narrow.h", O_RDONLY|O_NOCTTY) = 4</usr/include/aarch64-linux-gnu/bits/mathcalls-narrow.h>
2166794 openat(AT_FDCWD</home/riomus/runs/sfora-standalone-gpu-sha-build-source-v1>, "/usr/include/aarch64-linux-gnu/bits/mathcalls-narrow.h", O_RDONLY|O_NOCTTY) = 4</usr/include/aarch64-linux-gnu/bits/mathcalls-narrow.h>
2166794 openat(AT_FDCWD</home/riomus/runs/sfora-standalone-gpu-sha-build-source-v1>, "/usr/include/aarch64-linux-gnu/bits/mathcalls-narrow.h", O_RDONLY|O_NOCTTY) = 4</usr/include/aarch64-linux-gnu/bits/mathcalls-narrow.h>
2166794 openat(AT_FDCWD</home/riomus/runs/sfora-standalone-gpu-sha-build-source-v1>, "/usr/include/aarch64-linux-gnu/bits/mathcalls-narrow.h", O_RDONLY|O_NOCTTY) = 4</usr/include/aarch64-linux-gnu/bits/mathcalls-narrow.h>
2166794 openat(AT_FDCWD</home/riomus/runs/sfora-standalone-gpu-sha-build-source-v1>, "/usr/include/aarch64-linux-gnu/bits/mathcalls-narrow.h", O_RDONLY|O_NOCTTY) = 4</usr/include/aarch64-linux-gnu/bits/mathcalls-narrow.h>
2166794 openat(AT_FDCWD</home/riomus/runs/sfora-standalone-gpu-sha-build-source-v1>, "/usr/include/aarch64-linux-gnu/bits/mathcalls-narrow.h", O_RDONLY|O_NOCTTY) = 4</usr/include/aarch64-linux-gnu/bits/mathcalls-narrow.h>
2166794 openat(AT_FDCWD</home/riomus/runs/sfora-standalone-gpu-sha-build-source-v1>, "/usr/include/aarch64-linux-gnu/bits/mathcalls-narrow.h", O_RDONLY|O_NOCTTY) = 4</usr/include/aarch64-linux-gnu/bits/mathcalls-narrow.h>
2166794 openat(AT_FDCWD</home/riomus/runs/sfora-standalone-gpu-sha-build-source-v1>, "/usr/include/aarch64-linux-gnu/bits/mathcalls-narrow.h", O_RDONLY|O_NOCTTY) = 4</usr/include/aarch64-linux-gnu/bits/mathcalls-narrow.h>
2166794 openat(AT_FDCWD</home/riomus/runs/sfora-standalone-gpu-sha-build-source-v1>, "/usr/include/aarch64-linux-gnu/bits/mathcalls-narrow.h", O_RDONLY|O_NOCTTY) = 4</usr/include/aarch64-linux-gnu/bits/mathcalls-narrow.h>
2166794 openat(AT_FDCWD</home/riomus/runs/sfora-standalone-gpu-sha-build-source-v1>, "/home/riomus/toolchains/cuda-13.4-wheel-env/lib/python3.12/site-packages/nvidia/cu13/bin/../include/bits/iscanonical.h", O_RDONLY|O_NOCTTY) = -1 ENOENT (No such file or directory)
2166794 openat(AT_FDCWD</home/riomus/runs/sfora-standalone-gpu-sha-build-source-v1>, "/usr/include/c++/13/bits/iscanonical.h", O_RDONLY|O_NOCTTY) = -1 ENOENT (No such file or directory)
2166794 openat(AT_FDCWD</home/riomus/runs/sfora-standalone-gpu-sha-build-source-v1>, "/usr/include/aarch64-linux-gnu/c++/13/bits/iscanonical.h", O_RDONLY|O_NOCTTY) = -1 ENOENT (No such file or directory)
2166794 openat(AT_FDCWD</home/riomus/runs/sfora-standalone-gpu-sha-build-source-v1>, "/usr/include/c++/13/backward/bits/iscanonical.h", O_RDONLY|O_NOCTTY) = -1 ENOENT (No such file or directory)
2166794 openat(AT_FDCWD</home/riomus/runs/sfora-standalone-gpu-sha-build-source-v1>, "/usr/lib/gcc/aarch64-linux-gnu/13/include/bits/iscanonical.h", O_RDONLY|O_NOCTTY) = -1 ENOENT (No such file or directory)
2166794 openat(AT_FDCWD</home/riomus/runs/sfora-standalone-gpu-sha-build-source-v1>, "/usr/local/include/bits/iscanonical.h", O_RDONLY|O_NOCTTY) = -1 ENOENT (No such file or directory)
2166794 openat(AT_FDCWD</home/riomus/runs/sfora-standalone-gpu-sha-build-source-v1>, "/usr/include/aarch64-linux-gnu/bits/iscanonical.h", O_RDONLY|O_NOCTTY) = 4</usr/include/aarch64-linux-gnu/bits/iscanonical.h>
2166794 openat(AT_FDCWD</home/riomus/runs/sfora-standalone-gpu-sha-build-source-v1>, "/home/riomus/toolchains/cuda-13.4-wheel-env/lib/python3.12/site-packages/nvidia/cu13/bin/../include/bits/specfun.h", O_RDONLY|O_NOCTTY) = -1 ENOENT (No such file or directory)
2166794 openat(AT_FDCWD</home/riomus/runs/sfora-standalone-gpu-sha-build-source-v1>, "/usr/include/c++/13/bits/specfun.h", O_RDONLY|O_NOCTTY) = 4</usr/include/c++/13/bits/specfun.h>
2166794 openat(AT_FDCWD</home/riomus/runs/sfora-standalone-gpu-sha-build-source-v1>, "/home/riomus/toolchains/cuda-13.4-wheel-env/lib/python3.12/site-packages/nvidia/cu13/bin/../include/bits/stl_algobase.h", O_RDONLY|O_NOCTTY) = -1 ENOENT (No such file or directory)
2166794 openat(AT_FDCWD</home/riomus/runs/sfora-standalone-gpu-sha-build-source-v1>, "/usr/include/c++/13/bits/stl_algobase.h", O_RDONLY|O_NOCTTY) = 4</usr/include/c++/13/bits/stl_algobase.h>
2166794 openat(AT_FDCWD</home/riomus/runs/sfora-standalone-gpu-sha-build-source-v1>, "/home/riomus/toolchains/cuda-13.4-wheel-env/lib/python3.12/site-packages/nvidia/cu13/bin/../include/bits/functexcept.h", O_RDONLY|O_NOCTTY) = -1 ENOENT (No such file or directory)
2166794 openat(AT_FDCWD</home/riomus/runs/sfora-standalone-gpu-sha-build-source-v1>, "/usr/include/c++/13/bits/functexcept.h", O_RDONLY|O_NOCTTY) = 4</usr/include/c++/13/bits/functexcept.h>
2166794 openat(AT_FDCWD</home/riomus/runs/sfora-standalone-gpu-sha-build-source-v1>, "/home/riomus/toolchains/cuda-13.4-wheel-env/lib/python3.12/site-packages/nvidia/cu13/bin/../include/bits/exception_defines.h", O_RDONLY|O_NOCTTY) = -1 ENOENT (No such file or directory)
2166794 openat(AT_FDCWD</home/riomus/runs/sfora-standalone-gpu-sha-build-source-v1>, "/usr/include/c++/13/bits/exception_defines.h", O_RDONLY|O_NOCTTY) = 4</usr/include/c++/13/bits/exception_defines.h>
2166794 openat(AT_FDCWD</home/riomus/runs/sfora-standalone-gpu-sha-build-source-v1>, "/home/riomus/toolchains/cuda-13.4-wheel-env/lib/python3.12/site-packages/nvidia/cu13/bin/../include/ext/numeric_traits.h", O_RDONLY|O_NOCTTY) = -1 ENOENT (No such file or directory)
2166794 openat(AT_FDCWD</home/riomus/runs/sfora-standalone-gpu-sha-build-source-v1>, "/usr/include/c++/13/ext/numeric_traits.h", O_RDONLY|O_NOCTTY) = 4</usr/include/c++/13/ext/numeric_traits.h>
2166794 openat(AT_FDCWD</home/riomus/runs/sfora-standalone-gpu-sha-build-source-v1>, "/home/riomus/toolchains/cuda-13.4-wheel-env/lib/python3.12/site-packages/nvidia/cu13/bin/../include/bits/stl_pair.h", O_RDONLY|O_NOCTTY) = -1 ENOENT (No such file or directory)
2166794 openat(AT_FDCWD</home/riomus/runs/sfora-standalone-gpu-sha-build-source-v1>, "/usr/include/c++/13/bits/stl_pair.h", O_RDONLY|O_NOCTTY) = 4</usr/include/c++/13/bits/stl_pair.h>
2166794 openat(AT_FDCWD</home/riomus/runs/sfora-standalone-gpu-sha-build-source-v1>, "/home/riomus/toolchains/cuda-13.4-wheel-env/lib/python3.12/site-packages/nvidia/cu13/bin/../include/type_traits", O_RDONLY|O_NOCTTY) = -1 ENOENT (No such file or directory)
2166794 openat(AT_FDCWD</home/riomus/runs/sfora-standalone-gpu-sha-build-source-v1>, "/usr/include/c++/13/type_traits", O_RDONLY|O_NOCTTY) = 4</usr/include/c++/13/type_traits>
2166794 openat(AT_FDCWD</home/riomus/runs/sfora-standalone-gpu-sha-build-source-v1>, "/home/riomus/toolchains/cuda-13.4-wheel-env/lib/python3.12/site-packages/nvidia/cu13/bin/../include/bits/move.h", O_RDONLY|O_NOCTTY) = -1 ENOENT (No such file or directory)
2166794 openat(AT_FDCWD</home/riomus/runs/sfora-standalone-gpu-sha-build-source-v1>, "/usr/include/c++/13/bits/move.h", O_RDONLY|O_NOCTTY) = 4</usr/include/c++/13/bits/move.h>
2166794 openat(AT_FDCWD</home/riomus/runs/sfora-standalone-gpu-sha-build-source-v1>, "/home/riomus/toolchains/cuda-13.4-wheel-env/lib/python3.12/site-packages/nvidia/cu13/bin/../include/bits/utility.h", O_RDONLY|O_NOCTTY) = -1 ENOENT (No such file or directory)
2166794 openat(AT_FDCWD</home/riomus/runs/sfora-standalone-gpu-sha-build-source-v1>, "/usr/include/c++/13/bits/utility.h", O_RDONLY|O_NOCTTY) = 4</usr/include/c++/13/bits/utility.h>
2166794 openat(AT_FDCWD</home/riomus/runs/sfora-standalone-gpu-sha-build-source-v1>, "/home/riomus/toolchains/cuda-13.4-wheel-env/lib/python3.12/site-packages/nvidia/cu13/bin/../include/bits/stl_iterator_base_types.h", O_RDONLY|O_NOCTTY) = -1 ENOENT (No such file or directory)
2166794 openat(AT_FDCWD</home/riomus/runs/sfora-standalone-gpu-sha-build-source-v1>, "/usr/include/c++/13/bits/stl_iterator_base_types.h", O_RDONLY|O_NOCTTY) = 4</usr/include/c++/13/bits/stl_iterator_base_types.h>
2166794 openat(AT_FDCWD</home/riomus/runs/sfora-standalone-gpu-sha-build-source-v1>, "/home/riomus/toolchains/cuda-13.4-wheel-env/lib/python3.12/site-packages/nvidia/cu13/bin/../include/bits/stl_iterator_base_funcs.h", O_RDONLY|O_NOCTTY) = -1 ENOENT (No such file or directory)
2166794 openat(AT_FDCWD</home/riomus/runs/sfora-standalone-gpu-sha-build-source-v1>, "/usr/include/c++/13/bits/stl_iterator_base_funcs.h", O_RDONLY|O_NOCTTY) = 4</usr/include/c++/13/bits/stl_iterator_base_funcs.h>
2166794 openat(AT_FDCWD</home/riomus/runs/sfora-standalone-gpu-sha-build-source-v1>, "/home/riomus/toolchains/cuda-13.4-wheel-env/lib/python3.12/site-packages/nvidia/cu13/bin/../include/bits/concept_check.h", O_RDONLY|O_NOCTTY) = -1 ENOENT (No such file or directory)
2166794 openat(AT_FDCWD</home/riomus/runs/sfora-standalone-gpu-sha-build-source-v1>, "/usr/include/c++/13/bits/concept_check.h", O_RDONLY|O_NOCTTY) = 4</usr/include/c++/13/bits/concept_check.h>
2166794 openat(AT_FDCWD</home/riomus/runs/sfora-standalone-gpu-sha-build-source-v1>, "/home/riomus/toolchains/cuda-13.4-wheel-env/lib/python3.12/site-packages/nvidia/cu13/bin/../include/debug/assertions.h", O_RDONLY|O_NOCTTY) = -1 ENOENT (No such file or directory)
2166794 openat(AT_FDCWD</home/riomus/runs/sfora-standalone-gpu-sha-build-source-v1>, "/usr/include/c++/13/debug/assertions.h", O_RDONLY|O_NOCTTY) = 4</usr/include/c++/13/debug/assertions.h>
2166794 openat(AT_FDCWD</home/riomus/runs/sfora-standalone-gpu-sha-build-source-v1>, "/home/riomus/toolchains/cuda-13.4-wheel-env/lib/python3.12/site-packages/nvidia/cu13/bin/../include/bits/stl_iterator.h", O_RDONLY|O_NOCTTY) = -1 ENOENT (No such file or directory)
2166794 openat(AT_FDCWD</home/riomus/runs/sfora-standalone-gpu-sha-build-source-v1>, "/usr/include/c++/13/bits/stl_iterator.h", O_RDONLY|O_NOCTTY) = 4</usr/include/c++/13/bits/stl_iterator.h>
2166794 openat(AT_FDCWD</home/riomus/runs/sfora-standalone-gpu-sha-build-source-v1>, "/home/riomus/toolchains/cuda-13.4-wheel-env/lib/python3.12/site-packages/nvidia/cu13/bin/../include/bits/ptr_traits.h", O_RDONLY|O_NOCTTY) = -1 ENOENT (No such file or directory)
2166794 openat(AT_FDCWD</home/riomus/runs/sfora-standalone-gpu-sha-build-source-v1>, "/usr/include/c++/13/bits/ptr_traits.h", O_RDONLY|O_NOCTTY) = 4</usr/include/c++/13/bits/ptr_traits.h>
2166794 openat(AT_FDCWD</home/riomus/runs/sfora-standalone-gpu-sha-build-source-v1>, "/home/riomus/toolchains/cuda-13.4-wheel-env/lib/python3.12/site-packages/nvidia/cu13/bin/../include/debug/debug.h", O_RDONLY|O_NOCTTY) = -1 ENOENT (No such file or directory)
2166794 openat(AT_FDCWD</home/riomus/runs/sfora-standalone-gpu-sha-build-source-v1>, "/usr/include/c++/13/debug/debug.h", O_RDONLY|O_NOCTTY) = 4</usr/include/c++/13/debug/debug.h>
2166794 openat(AT_FDCWD</home/riomus/runs/sfora-standalone-gpu-sha-build-source-v1>, "/home/riomus/toolchains/cuda-13.4-wheel-env/lib/python3.12/site-packages/nvidia/cu13/bin/../include/bits/predefined_ops.h", O_RDONLY|O_NOCTTY) = -1 ENOENT (No such file or directory)
2166794 openat(AT_FDCWD</home/riomus/runs/sfora-standalone-gpu-sha-build-source-v1>, "/usr/include/c++/13/bits/predefined_ops.h", O_RDONLY|O_NOCTTY) = 4</usr/include/c++/13/bits/predefined_ops.h>
2166794 openat(AT_FDCWD</home/riomus/runs/sfora-standalone-gpu-sha-build-source-v1>, "/home/riomus/toolchains/cuda-13.4-wheel-env/lib/python3.12/site-packages/nvidia/cu13/bin/../include/bit", O_RDONLY|O_NOCTTY) = -1 ENOENT (No such file or directory)
2166794 openat(AT_FDCWD</home/riomus/runs/sfora-standalone-gpu-sha-build-source-v1>, "/usr/include/c++/13/bit", O_RDONLY|O_NOCTTY) = 4</usr/include/c++/13/bit>
2166794 openat(AT_FDCWD</home/riomus/runs/sfora-standalone-gpu-sha-build-source-v1>, "/home/riomus/toolchains/cuda-13.4-wheel-env/lib/python3.12/site-packages/nvidia/cu13/bin/../include/limits", O_RDONLY|O_NOCTTY) = -1 ENOENT (No such file or directory)
2166794 openat(AT_FDCWD</home/riomus/runs/sfora-standalone-gpu-sha-build-source-v1>, "/usr/include/c++/13/limits", O_RDONLY|O_NOCTTY) = 4</usr/include/c++/13/limits>
2166794 openat(AT_FDCWD</home/riomus/runs/sfora-standalone-gpu-sha-build-source-v1>, "/home/riomus/toolchains/cuda-13.4-wheel-env/lib/python3.12/site-packages/nvidia/cu13/bin/../include/tr1/gamma.tcc", O_RDONLY|O_NOCTTY) = -1 ENOENT (No such file or directory)
2166794 openat(AT_FDCWD</home/riomus/runs/sfora-standalone-gpu-sha-build-source-v1>, "/usr/include/c++/13/tr1/gamma.tcc", O_RDONLY|O_NOCTTY) = 4</usr/include/c++/13/tr1/gamma.tcc>
2166794 openat(AT_FDCWD</home/riomus/runs/sfora-standalone-gpu-sha-build-source-v1>, "/home/riomus/toolchains/cuda-13.4-wheel-env/lib/python3.12/site-packages/nvidia/cu13/bin/../include/tr1/special_function_util.h", O_RDONLY|O_NOCTTY) = -1 ENOENT (No such file or directory)
2166794 openat(AT_FDCWD</home/riomus/runs/sfora-standalone-gpu-sha-build-source-v1>, "/usr/include/c++/13/tr1/special_function_util.h", O_RDONLY|O_NOCTTY) = 4</usr/include/c++/13/tr1/special_function_util.h>
2166794 openat(AT_FDCWD</home/riomus/runs/sfora-standalone-gpu-sha-build-source-v1>, "/home/riomus/toolchains/cuda-13.4-wheel-env/lib/python3.12/site-packages/nvidia/cu13/bin/../include/tr1/bessel_function.tcc", O_RDONLY|O_NOCTTY) = -1 ENOENT (No such file or directory)
2166794 openat(AT_FDCWD</home/riomus/runs/sfora-standalone-gpu-sha-build-source-v1>, "/usr/include/c++/13/tr1/bessel_function.tcc", O_RDONLY|O_NOCTTY) = 4</usr/include/c++/13/tr1/bessel_function.tcc>
2166794 openat(AT_FDCWD</home/riomus/runs/sfora-standalone-gpu-sha-build-source-v1>, "/home/riomus/toolchains/cuda-13.4-wheel-env/lib/python3.12/site-packages/nvidia/cu13/bin/../include/tr1/beta_function.tcc", O_RDONLY|O_NOCTTY) = -1 ENOENT (No such file or directory)
2166794 openat(AT_FDCWD</home/riomus/runs/sfora-standalone-gpu-sha-build-source-v1>, "/usr/include/c++/13/tr1/beta_function.tcc", O_RDONLY|O_NOCTTY) = 4</usr/include/c++/13/tr1/beta_function.tcc>
2166794 openat(AT_FDCWD</home/riomus/runs/sfora-standalone-gpu-sha-build-source-v1>, "/home/riomus/toolchains/cuda-13.4-wheel-env/lib/python3.12/site-packages/nvidia/cu13/bin/../include/tr1/ell_integral.tcc", O_RDONLY|O_NOCTTY) = -1 ENOENT (No such file or directory)
2166794 openat(AT_FDCWD</home/riomus/runs/sfora-standalone-gpu-sha-build-source-v1>, "/usr/include/c++/13/tr1/ell_integral.tcc", O_RDONLY|O_NOCTTY) = 4</usr/include/c++/13/tr1/ell_integral.tcc>
2166794 openat(AT_FDCWD</home/riomus/runs/sfora-standalone-gpu-sha-build-source-v1>, "/home/riomus/toolchains/cuda-13.4-wheel-env/lib/python3.12/site-packages/nvidia/cu13/bin/../include/tr1/exp_integral.tcc", O_RDONLY|O_NOCTTY) = -1 ENOENT (No such file or directory)
2166794 openat(AT_FDCWD</home/riomus/runs/sfora-standalone-gpu-sha-build-source-v1>, "/usr/include/c++/13/tr1/exp_integral.tcc", O_RDONLY|O_NOCTTY) = 4</usr/include/c++/13/tr1/exp_integral.tcc>
2166794 openat(AT_FDCWD</home/riomus/runs/sfora-standalone-gpu-sha-build-source-v1>, "/home/riomus/toolchains/cuda-13.4-wheel-env/lib/python3.12/site-packages/nvidia/cu13/bin/../include/tr1/hypergeometric.tcc", O_RDONLY|O_NOCTTY) = -1 ENOENT (No such file or directory)
2166794 openat(AT_FDCWD</home/riomus/runs/sfora-standalone-gpu-sha-build-source-v1>, "/usr/include/c++/13/tr1/hypergeometric.tcc", O_RDONLY|O_NOCTTY) = 4</usr/include/c++/13/tr1/hypergeometric.tcc>
2166794 openat(AT_FDCWD</home/riomus/runs/sfora-standalone-gpu-sha-build-source-v1>, "/home/riomus/toolchains/cuda-13.4-wheel-env/lib/python3.12/site-packages/nvidia/cu13/bin/../include/tr1/legendre_function.tcc", O_RDONLY|O_NOCTTY) = -1 ENOENT (No such file or directory)
2166794 openat(AT_FDCWD</home/riomus/runs/sfora-standalone-gpu-sha-build-source-v1>, "/usr/include/c++/13/tr1/legendre_function.tcc", O_RDONLY|O_NOCTTY) = 4</usr/include/c++/13/tr1/legendre_function.tcc>
2166794 openat(AT_FDCWD</home/riomus/runs/sfora-standalone-gpu-sha-build-source-v1>, "/home/riomus/toolchains/cuda-13.4-wheel-env/lib/python3.12/site-packages/nvidia/cu13/bin/../include/tr1/modified_bessel_func.tcc", O_RDONLY|O_NOCTTY) = -1 ENOENT (No such file or directory)
2166794 openat(AT_FDCWD</home/riomus/runs/sfora-standalone-gpu-sha-build-source-v1>, "/usr/include/c++/13/tr1/modified_bessel_func.tcc", O_RDONLY|O_NOCTTY) = 4</usr/include/c++/13/tr1/modified_bessel_func.tcc>
2166794 openat(AT_FDCWD</home/riomus/runs/sfora-standalone-gpu-sha-build-source-v1>, "/home/riomus/toolchains/cuda-13.4-wheel-env/lib/python3.12/site-packages/nvidia/cu13/bin/../include/tr1/poly_hermite.tcc", O_RDONLY|O_NOCTTY) = -1 ENOENT (No such file or directory)
2166794 openat(AT_FDCWD</home/riomus/runs/sfora-standalone-gpu-sha-build-source-v1>, "/usr/include/c++/13/tr1/poly_hermite.tcc", O_RDONLY|O_NOCTTY) = 4</usr/include/c++/13/tr1/poly_hermite.tcc>
2166794 openat(AT_FDCWD</home/riomus/runs/sfora-standalone-gpu-sha-build-source-v1>, "/home/riomus/toolchains/cuda-13.4-wheel-env/lib/python3.12/site-packages/nvidia/cu13/bin/../include/tr1/poly_laguerre.tcc", O_RDONLY|O_NOCTTY) = -1 ENOENT (No such file or directory)
2166794 openat(AT_FDCWD</home/riomus/runs/sfora-standalone-gpu-sha-build-source-v1>, "/usr/include/c++/13/tr1/poly_laguerre.tcc", O_RDONLY|O_NOCTTY) = 4</usr/include/c++/13/tr1/poly_laguerre.tcc>
2166794 openat(AT_FDCWD</home/riomus/runs/sfora-standalone-gpu-sha-build-source-v1>, "/home/riomus/toolchains/cuda-13.4-wheel-env/lib/python3.12/site-packages/nvidia/cu13/bin/../include/tr1/riemann_zeta.tcc", O_RDONLY|O_NOCTTY) = -1 ENOENT (No such file or directory)
2166794 openat(AT_FDCWD</home/riomus/runs/sfora-standalone-gpu-sha-build-source-v1>, "/usr/include/c++/13/tr1/riemann_zeta.tcc", O_RDONLY|O_NOCTTY) = 4</usr/include/c++/13/tr1/riemann_zeta.tcc>
2166794 openat(AT_FDCWD</home/riomus/runs/sfora-standalone-gpu-sha-build-source-v1>, "/usr/include/c++/13/stdlib.h", O_RDONLY|O_NOCTTY) = 4</usr/include/c++/13/stdlib.h>
2166794 openat(AT_FDCWD</home/riomus/runs/sfora-standalone-gpu-sha-build-source-v1>, "/usr/include/c++/13/cmath", O_RDONLY|O_NOCTTY) = 4</usr/include/c++/13/cmath>
2166794 openat(AT_FDCWD</home/riomus/runs/sfora-standalone-gpu-sha-build-source-v1>, "/usr/include/c++/13/cstdlib", O_RDONLY|O_NOCTTY) = 4</usr/include/c++/13/cstdlib>
2166794 openat(AT_FDCWD</home/riomus/runs/sfora-standalone-gpu-sha-build-source-v1>, "/home/riomus/toolchains/cuda-13.4-wheel-env/lib/python3.12/site-packages/nvidia/cu13/bin/../include/crt/math_functions.hpp", O_RDONLY|O_NOCTTY) = 4</home/riomus/toolchains/cuda-13.4-wheel-env/lib/python3.12/site-packages/nvidia/cu13/include/crt/math_functions.hpp>
2166794 openat(AT_FDCWD</home/riomus/runs/sfora-standalone-gpu-sha-build-source-v1>, "/home/riomus/toolchains/cuda-13.4-wheel-env/lib/python3.12/site-packages/nvidia/cu13/bin/../include/builtin_types.h", O_RDONLY|O_NOCTTY) = 4</home/riomus/toolchains/cuda-13.4-wheel-env/lib/python3.12/site-packages/nvidia/cu13/include/builtin_types.h>
2166794 openat(AT_FDCWD</home/riomus/runs/sfora-standalone-gpu-sha-build-source-v1>, "/home/riomus/toolchains/cuda-13.4-wheel-env/lib/python3.12/site-packages/nvidia/cu13/bin/../include/crt/host_defines.h", O_RDONLY|O_NOCTTY) = 4</home/riomus/toolchains/cuda-13.4-wheel-env/lib/python3.12/site-packages/nvidia/cu13/include/crt/host_defines.h>
2166794 openat(AT_FDCWD</home/riomus/runs/sfora-standalone-gpu-sha-build-source-v1>, "/home/riomus/toolchains/cuda-13.4-wheel-env/lib/python3.12/site-packages/nvidia/cu13/bin/../include/crt/device_functions.h", O_RDONLY|O_NOCTTY) = 4</home/riomus/toolchains/cuda-13.4-wheel-env/lib/python3.12/site-packages/nvidia/cu13/include/crt/device_functions.h>
2166794 openat(AT_FDCWD</home/riomus/runs/sfora-standalone-gpu-sha-build-source-v1>, "/home/riomus/toolchains/cuda-13.4-wheel-env/lib/python3.12/site-packages/nvidia/cu13/bin/../include/builtin_types.h", O_RDONLY|O_NOCTTY) = 4</home/riomus/toolchains/cuda-13.4-wheel-env/lib/python3.12/site-packages/nvidia/cu13/include/builtin_types.h>
2166794 openat(AT_FDCWD</home/riomus/runs/sfora-standalone-gpu-sha-build-source-v1>, "/home/riomus/toolchains/cuda-13.4-wheel-env/lib/python3.12/site-packages/nvidia/cu13/bin/../include/crt/device_types.h", O_RDONLY|O_NOCTTY) = -1 ENOENT (No such file or directory)
2166794 openat(AT_FDCWD</home/riomus/runs/sfora-standalone-gpu-sha-build-source-v1>, "/home/riomus/toolchains/cuda-13.4-wheel-env/lib/python3.12/site-packages/nvidia/cu13/bin/../include/device_types.h", O_RDONLY|O_NOCTTY) = 4</home/riomus/toolchains/cuda-13.4-wheel-env/lib/python3.12/site-packages/nvidia/cu13/include/device_types.h>
2166794 openat(AT_FDCWD</home/riomus/runs/sfora-standalone-gpu-sha-build-source-v1>, "/home/riomus/toolchains/cuda-13.4-wheel-env/lib/python3.12/site-packages/nvidia/cu13/bin/../include/crt/host_defines.h", O_RDONLY|O_NOCTTY) = 4</home/riomus/toolchains/cuda-13.4-wheel-env/lib/python3.12/site-packages/nvidia/cu13/include/crt/host_defines.h>
2166794 openat(AT_FDCWD</home/riomus/runs/sfora-standalone-gpu-sha-build-source-v1>, "/home/riomus/toolchains/cuda-13.4-wheel-env/lib/python3.12/site-packages/nvidia/cu13/bin/../include/crt/device_functions.hpp", O_RDONLY|O_NOCTTY) = 4</home/riomus/toolchains/cuda-13.4-wheel-env/lib/python3.12/site-packages/nvidia/cu13/include/crt/device_functions.hpp>
2166794 openat(AT_FDCWD</home/riomus/runs/sfora-standalone-gpu-sha-build-source-v1>, "/home/riomus/toolchains/cuda-13.4-wheel-env/lib/python3.12/site-packages/nvidia/cu13/bin/../include/builtin_types.h", O_RDONLY|O_NOCTTY) = 4</home/riomus/toolchains/cuda-13.4-wheel-env/lib/python3.12/site-packages/nvidia/cu13/include/builtin_types.h>
2166794 openat(AT_FDCWD</home/riomus/runs/sfora-standalone-gpu-sha-build-source-v1>, "/home/riomus/toolchains/cuda-13.4-wheel-env/lib/python3.12/site-packages/nvidia/cu13/bin/../include/crt/host_defines.h", O_RDONLY|O_NOCTTY) = 4</home/riomus/toolchains/cuda-13.4-wheel-env/lib/python3.12/site-packages/nvidia/cu13/include/crt/host_defines.h>
2166794 openat(AT_FDCWD</home/riomus/runs/sfora-standalone-gpu-sha-build-source-v1>, "/home/riomus/toolchains/cuda-13.4-wheel-env/lib/python3.12/site-packages/nvidia/cu13/bin/../include/crt/device_atomic_functions.h", O_RDONLY|O_NOCTTY) = -1 ENOENT (No such file or directory)
2166794 openat(AT_FDCWD</home/riomus/runs/sfora-standalone-gpu-sha-build-source-v1>, "/home/riomus/toolchains/cuda-13.4-wheel-env/lib/python3.12/site-packages/nvidia/cu13/bin/../include/device_atomic_functions.h", O_RDONLY|O_NOCTTY) = 4</home/riomus/toolchains/cuda-13.4-wheel-env/lib/python3.12/site-packages/nvidia/cu13/include/device_atomic_functions.h>
2166794 openat(AT_FDCWD</home/riomus/runs/sfora-standalone-gpu-sha-build-source-v1>, "/home/riomus/toolchains/cuda-13.4-wheel-env/lib/python3.12/site-packages/nvidia/cu13/bin/../include/device_atomic_functions.hpp", O_RDONLY|O_NOCTTY) = 4</home/riomus/toolchains/cuda-13.4-wheel-env/lib/python3.12/site-packages/nvidia/cu13/include/device_atomic_functions.hpp>
2166794 openat(AT_FDCWD</home/riomus/runs/sfora-standalone-gpu-sha-build-source-v1>, "/home/riomus/toolchains/cuda-13.4-wheel-env/lib/python3.12/site-packages/nvidia/cu13/bin/../include/crt/device_double_functions.h", O_RDONLY|O_NOCTTY) = 4</home/riomus/toolchains/cuda-13.4-wheel-env/lib/python3.12/site-packages/nvidia/cu13/include/crt/device_double_functions.h>
2166794 openat(AT_FDCWD</home/riomus/runs/sfora-standalone-gpu-sha-build-source-v1>, "/home/riomus/toolchains/cuda-13.4-wheel-env/lib/python3.12/site-packages/nvidia/cu13/bin/../include/builtin_types.h", O_RDONLY|O_NOCTTY) = 4</home/riomus/toolchains/cuda-13.4-wheel-env/lib/python3.12/site-packages/nvidia/cu13/include/builtin_types.h>
2166794 openat(AT_FDCWD</home/riomus/runs/sfora-standalone-gpu-sha-build-source-v1>, "/home/riomus/toolchains/cuda-13.4-wheel-env/lib/python3.12/site-packages/nvidia/cu13/bin/../include/crt/host_defines.h", O_RDONLY|O_NOCTTY) = 4</home/riomus/toolchains/cuda-13.4-wheel-env/lib/python3.12/site-packages/nvidia/cu13/include/crt/host_defines.h>
2166794 openat(AT_FDCWD</home/riomus/runs/sfora-standalone-gpu-sha-build-source-v1>, "/home/riomus/toolchains/cuda-13.4-wheel-env/lib/python3.12/site-packages/nvidia/cu13/bin/../include/crt/device_double_functions.hpp", O_RDONLY|O_NOCTTY) = 4</home/riomus/toolchains/cuda-13.4-wheel-env/lib/python3.12/site-packages/nvidia/cu13/include/crt/device_double_functions.hpp>
2166794 openat(AT_FDCWD</home/riomus/runs/sfora-standalone-gpu-sha-build-source-v1>, "/home/riomus/toolchains/cuda-13.4-wheel-env/lib/python3.12/site-packages/nvidia/cu13/bin/../include/builtin_types.h", O_RDONLY|O_NOCTTY) = 4</home/riomus/toolchains/cuda-13.4-wheel-env/lib/python3.12/site-packages/nvidia/cu13/include/builtin_types.h>
2166794 openat(AT_FDCWD</home/riomus/runs/sfora-standalone-gpu-sha-build-source-v1>, "/home/riomus/toolchains/cuda-13.4-wheel-env/lib/python3.12/site-packages/nvidia/cu13/bin/../include/crt/host_defines.h", O_RDONLY|O_NOCTTY) = 4</home/riomus/toolchains/cuda-13.4-wheel-env/lib/python3.12/site-packages/nvidia/cu13/include/crt/host_defines.h>
2166794 openat(AT_FDCWD</home/riomus/runs/sfora-standalone-gpu-sha-build-source-v1>, "/home/riomus/toolchains/cuda-13.4-wheel-env/lib/python3.12/site-packages/nvidia/cu13/bin/../include/crt/sm_20_atomic_functions.h", O_RDONLY|O_NOCTTY) = -1 ENOENT (No such file or directory)
2166794 openat(AT_FDCWD</home/riomus/runs/sfora-standalone-gpu-sha-build-source-v1>, "/home/riomus/toolchains/cuda-13.4-wheel-env/lib/python3.12/site-packages/nvidia/cu13/bin/../include/sm_20_atomic_functions.h", O_RDONLY|O_NOCTTY) = 4</home/riomus/toolchains/cuda-13.4-wheel-env/lib/python3.12/site-packages/nvidia/cu13/include/sm_20_atomic_functions.h>
2166794 openat(AT_FDCWD</home/riomus/runs/sfora-standalone-gpu-sha-build-source-v1>, "/home/riomus/toolchains/cuda-13.4-wheel-env/lib/python3.12/site-packages/nvidia/cu13/bin/../include/sm_20_atomic_functions.hpp", O_RDONLY|O_NOCTTY) = 4</home/riomus/toolchains/cuda-13.4-wheel-env/lib/python3.12/site-packages/nvidia/cu13/include/sm_20_atomic_functions.hpp>
2166794 openat(AT_FDCWD</home/riomus/runs/sfora-standalone-gpu-sha-build-source-v1>, "/home/riomus/toolchains/cuda-13.4-wheel-env/lib/python3.12/site-packages/nvidia/cu13/bin/../include/crt/sm_32_atomic_functions.h", O_RDONLY|O_NOCTTY) = -1 ENOENT (No such file or directory)
2166794 openat(AT_FDCWD</home/riomus/runs/sfora-standalone-gpu-sha-build-source-v1>, "/home/riomus/toolchains/cuda-13.4-wheel-env/lib/python3.12/site-packages/nvidia/cu13/bin/../include/sm_32_atomic_functions.h", O_RDONLY|O_NOCTTY) = 4</home/riomus/toolchains/cuda-13.4-wheel-env/lib/python3.12/site-packages/nvidia/cu13/include/sm_32_atomic_functions.h>
2166794 openat(AT_FDCWD</home/riomus/runs/sfora-standalone-gpu-sha-build-source-v1>, "/home/riomus/toolchains/cuda-13.4-wheel-env/lib/python3.12/site-packages/nvidia/cu13/bin/../include/sm_32_atomic_functions.hpp", O_RDONLY|O_NOCTTY) = 4</home/riomus/toolchains/cuda-13.4-wheel-env/lib/python3.12/site-packages/nvidia/cu13/include/sm_32_atomic_functions.hpp>
2166794 openat(AT_FDCWD</home/riomus/runs/sfora-standalone-gpu-sha-build-source-v1>, "/home/riomus/toolchains/cuda-13.4-wheel-env/lib/python3.12/site-packages/nvidia/cu13/bin/../include/crt/sm_35_atomic_functions.h", O_RDONLY|O_NOCTTY) = -1 ENOENT (No such file or directory)
2166794 openat(AT_FDCWD</home/riomus/runs/sfora-standalone-gpu-sha-build-source-v1>, "/home/riomus/toolchains/cuda-13.4-wheel-env/lib/python3.12/site-packages/nvidia/cu13/bin/../include/sm_35_atomic_functions.h", O_RDONLY|O_NOCTTY) = 4</home/riomus/toolchains/cuda-13.4-wheel-env/lib/python3.12/site-packages/nvidia/cu13/include/sm_35_atomic_functions.h>
2166794 openat(AT_FDCWD</home/riomus/runs/sfora-standalone-gpu-sha-build-source-v1>, "/home/riomus/toolchains/cuda-13.4-wheel-env/lib/python3.12/site-packages/nvidia/cu13/bin/../include/sm_32_atomic_functions.h", O_RDONLY|O_NOCTTY) = 4</home/riomus/toolchains/cuda-13.4-wheel-env/lib/python3.12/site-packages/nvidia/cu13/include/sm_32_atomic_functions.h>
2166794 openat(AT_FDCWD</home/riomus/runs/sfora-standalone-gpu-sha-build-source-v1>, "/home/riomus/toolchains/cuda-13.4-wheel-env/lib/python3.12/site-packages/nvidia/cu13/bin/../include/crt/sm_60_atomic_functions.h", O_RDONLY|O_NOCTTY) = -1 ENOENT (No such file or directory)
2166794 openat(AT_FDCWD</home/riomus/runs/sfora-standalone-gpu-sha-build-source-v1>, "/home/riomus/toolchains/cuda-13.4-wheel-env/lib/python3.12/site-packages/nvidia/cu13/bin/../include/sm_60_atomic_functions.h", O_RDONLY|O_NOCTTY) = 4</home/riomus/toolchains/cuda-13.4-wheel-env/lib/python3.12/site-packages/nvidia/cu13/include/sm_60_atomic_functions.h>
2166794 openat(AT_FDCWD</home/riomus/runs/sfora-standalone-gpu-sha-build-source-v1>, "/home/riomus/toolchains/cuda-13.4-wheel-env/lib/python3.12/site-packages/nvidia/cu13/bin/../include/sm_60_atomic_functions.hpp", O_RDONLY|O_NOCTTY) = 4</home/riomus/toolchains/cuda-13.4-wheel-env/lib/python3.12/site-packages/nvidia/cu13/include/sm_60_atomic_functions.hpp>
2166794 openat(AT_FDCWD</home/riomus/runs/sfora-standalone-gpu-sha-build-source-v1>, "/home/riomus/toolchains/cuda-13.4-wheel-env/lib/python3.12/site-packages/nvidia/cu13/bin/../include/crt/sm_20_intrinsics.h", O_RDONLY|O_NOCTTY) = -1 ENOENT (No such file or directory)
2166794 openat(AT_FDCWD</home/riomus/runs/sfora-standalone-gpu-sha-build-source-v1>, "/home/riomus/toolchains/cuda-13.4-wheel-env/lib/python3.12/site-packages/nvidia/cu13/bin/../include/sm_20_intrinsics.h", O_RDONLY|O_NOCTTY) = 4</home/riomus/toolchains/cuda-13.4-wheel-env/lib/python3.12/site-packages/nvidia/cu13/include/sm_20_intrinsics.h>
2166794 openat(AT_FDCWD</home/riomus/runs/sfora-standalone-gpu-sha-build-source-v1>, "/home/riomus/toolchains/cuda-13.4-wheel-env/lib/python3.12/site-packages/nvidia/cu13/bin/../include/sm_20_intrinsics.hpp", O_RDONLY|O_NOCTTY) = 4</home/riomus/toolchains/cuda-13.4-wheel-env/lib/python3.12/site-packages/nvidia/cu13/include/sm_20_intrinsics.hpp>
2166794 openat(AT_FDCWD</home/riomus/runs/sfora-standalone-gpu-sha-build-source-v1>, "/home/riomus/toolchains/cuda-13.4-wheel-env/lib/python3.12/site-packages/nvidia/cu13/bin/../include/crt/sm_30_intrinsics.h", O_RDONLY|O_NOCTTY) = -1 ENOENT (No such file or directory)
2166794 openat(AT_FDCWD</home/riomus/runs/sfora-standalone-gpu-sha-build-source-v1>, "/home/riomus/toolchains/cuda-13.4-wheel-env/lib/python3.12/site-packages/nvidia/cu13/bin/../include/sm_30_intrinsics.h", O_RDONLY|O_NOCTTY) = 4</home/riomus/toolchains/cuda-13.4-wheel-env/lib/python3.12/site-packages/nvidia/cu13/include/sm_30_intrinsics.h>
2166794 openat(AT_FDCWD</home/riomus/runs/sfora-standalone-gpu-sha-build-source-v1>, "/home/riomus/toolchains/cuda-13.4-wheel-env/lib/python3.12/site-packages/nvidia/cu13/bin/../include/sm_30_intrinsics.hpp", O_RDONLY|O_NOCTTY) = 4</home/riomus/toolchains/cuda-13.4-wheel-env/lib/python3.12/site-packages/nvidia/cu13/include/sm_30_intrinsics.hpp>
2166794 openat(AT_FDCWD</home/riomus/runs/sfora-standalone-gpu-sha-build-source-v1>, "/home/riomus/toolchains/cuda-13.4-wheel-env/lib/python3.12/site-packages/nvidia/cu13/bin/../include/crt/sm_32_intrinsics.h", O_RDONLY|O_NOCTTY) = -1 ENOENT (No such file or directory)
2166794 openat(AT_FDCWD</home/riomus/runs/sfora-standalone-gpu-sha-build-source-v1>, "/home/riomus/toolchains/cuda-13.4-wheel-env/lib/python3.12/site-packages/nvidia/cu13/bin/../include/sm_32_intrinsics.h", O_RDONLY|O_NOCTTY) = 4</home/riomus/toolchains/cuda-13.4-wheel-env/lib/python3.12/site-packages/nvidia/cu13/include/sm_32_intrinsics.h>
2166794 openat(AT_FDCWD</home/riomus/runs/sfora-standalone-gpu-sha-build-source-v1>, "/home/riomus/toolchains/cuda-13.4-wheel-env/lib/python3.12/site-packages/nvidia/cu13/bin/../include/sm_32_intrinsics.hpp", O_RDONLY|O_NOCTTY) = 4</home/riomus/toolchains/cuda-13.4-wheel-env/lib/python3.12/site-packages/nvidia/cu13/include/sm_32_intrinsics.hpp>
2166794 openat(AT_FDCWD</home/riomus/runs/sfora-standalone-gpu-sha-build-source-v1>, "/home/riomus/toolchains/cuda-13.4-wheel-env/lib/python3.12/site-packages/nvidia/cu13/bin/../include/crt/sm_35_intrinsics.h", O_RDONLY|O_NOCTTY) = -1 ENOENT (No such file or directory)
2166794 openat(AT_FDCWD</home/riomus/runs/sfora-standalone-gpu-sha-build-source-v1>, "/home/riomus/toolchains/cuda-13.4-wheel-env/lib/python3.12/site-packages/nvidia/cu13/bin/../include/sm_35_intrinsics.h", O_RDONLY|O_NOCTTY) = 4</home/riomus/toolchains/cuda-13.4-wheel-env/lib/python3.12/site-packages/nvidia/cu13/include/sm_35_intrinsics.h>
2166794 openat(AT_FDCWD</home/riomus/runs/sfora-standalone-gpu-sha-build-source-v1>, "/home/riomus/toolchains/cuda-13.4-wheel-env/lib/python3.12/site-packages/nvidia/cu13/bin/../include/crt/sm_61_intrinsics.h", O_RDONLY|O_NOCTTY) = -1 ENOENT (No such file or directory)
2166794 openat(AT_FDCWD</home/riomus/runs/sfora-standalone-gpu-sha-build-source-v1>, "/home/riomus/toolchains/cuda-13.4-wheel-env/lib/python3.12/site-packages/nvidia/cu13/bin/../include/sm_61_intrinsics.h", O_RDONLY|O_NOCTTY) = 4</home/riomus/toolchains/cuda-13.4-wheel-env/lib/python3.12/site-packages/nvidia/cu13/include/sm_61_intrinsics.h>
2166794 openat(AT_FDCWD</home/riomus/runs/sfora-standalone-gpu-sha-build-source-v1>, "/home/riomus/toolchains/cuda-13.4-wheel-env/lib/python3.12/site-packages/nvidia/cu13/bin/../include/sm_61_intrinsics.hpp", O_RDONLY|O_NOCTTY) = 4</home/riomus/toolchains/cuda-13.4-wheel-env/lib/python3.12/site-packages/nvidia/cu13/include/sm_61_intrinsics.hpp>
2166794 openat(AT_FDCWD</home/riomus/runs/sfora-standalone-gpu-sha-build-source-v1>, "/home/riomus/toolchains/cuda-13.4-wheel-env/lib/python3.12/site-packages/nvidia/cu13/bin/../include/crt/sm_70_rt.h", O_RDONLY|O_NOCTTY) = 4</home/riomus/toolchains/cuda-13.4-wheel-env/lib/python3.12/site-packages/nvidia/cu13/include/crt/sm_70_rt.h>
2166794 openat(AT_FDCWD</home/riomus/runs/sfora-standalone-gpu-sha-build-source-v1>, "/home/riomus/toolchains/cuda-13.4-wheel-env/lib/python3.12/site-packages/nvidia/cu13/bin/../include/builtin_types.h", O_RDONLY|O_NOCTTY) = 4</home/riomus/toolchains/cuda-13.4-wheel-env/lib/python3.12/site-packages/nvidia/cu13/include/builtin_types.h>
2166794 openat(AT_FDCWD</home/riomus/runs/sfora-standalone-gpu-sha-build-source-v1>, "/home/riomus/toolchains/cuda-13.4-wheel-env/lib/python3.12/site-packages/nvidia/cu13/bin/../include/crt/host_defines.h", O_RDONLY|O_NOCTTY) = 4</home/riomus/toolchains/cuda-13.4-wheel-env/lib/python3.12/site-packages/nvidia/cu13/include/crt/host_defines.h>
2166794 openat(AT_FDCWD</home/riomus/runs/sfora-standalone-gpu-sha-build-source-v1>, "/home/riomus/toolchains/cuda-13.4-wheel-env/lib/python3.12/site-packages/nvidia/cu13/bin/../include/crt/sm_70_rt.hpp", O_RDONLY|O_NOCTTY) = 4</home/riomus/toolchains/cuda-13.4-wheel-env/lib/python3.12/site-packages/nvidia/cu13/include/crt/sm_70_rt.hpp>
2166794 openat(AT_FDCWD</home/riomus/runs/sfora-standalone-gpu-sha-build-source-v1>, "/home/riomus/toolchains/cuda-13.4-wheel-env/lib/python3.12/site-packages/nvidia/cu13/bin/../include/builtin_types.h", O_RDONLY|O_NOCTTY) = 4</home/riomus/toolchains/cuda-13.4-wheel-env/lib/python3.12/site-packages/nvidia/cu13/include/builtin_types.h>
2166794 openat(AT_FDCWD</home/riomus/runs/sfora-standalone-gpu-sha-build-source-v1>, "/home/riomus/toolchains/cuda-13.4-wheel-env/lib/python3.12/site-packages/nvidia/cu13/bin/../include/crt/host_defines.h", O_RDONLY|O_NOCTTY) = 4</home/riomus/toolchains/cuda-13.4-wheel-env/lib/python3.12/site-packages/nvidia/cu13/include/crt/host_defines.h>
2166794 openat(AT_FDCWD</home/riomus/runs/sfora-standalone-gpu-sha-build-source-v1>, "/home/riomus/toolchains/cuda-13.4-wheel-env/lib/python3.12/site-packages/nvidia/cu13/bin/../include/crt/sm_80_rt.h", O_RDONLY|O_NOCTTY) = 4</home/riomus/toolchains/cuda-13.4-wheel-env/lib/python3.12/site-packages/nvidia/cu13/include/crt/sm_80_rt.h>
2166794 openat(AT_FDCWD</home/riomus/runs/sfora-standalone-gpu-sha-build-source-v1>, "/home/riomus/toolchains/cuda-13.4-wheel-env/lib/python3.12/site-packages/nvidia/cu13/bin/../include/builtin_types.h", O_RDONLY|O_NOCTTY) = 4</home/riomus/toolchains/cuda-13.4-wheel-env/lib/python3.12/site-packages/nvidia/cu13/include/builtin_types.h>
2166794 openat(AT_FDCWD</home/riomus/runs/sfora-standalone-gpu-sha-build-source-v1>, "/home/riomus/toolchains/cuda-13.4-wheel-env/lib/python3.12/site-packages/nvidia/cu13/bin/../include/crt/host_defines.h", O_RDONLY|O_NOCTTY) = 4</home/riomus/toolchains/cuda-13.4-wheel-env/lib/python3.12/site-packages/nvidia/cu13/include/crt/host_defines.h>
2166794 openat(AT_FDCWD</home/riomus/runs/sfora-standalone-gpu-sha-build-source-v1>, "/home/riomus/toolchains/cuda-13.4-wheel-env/lib/python3.12/site-packages/nvidia/cu13/bin/../include/crt/sm_80_rt.hpp", O_RDONLY|O_NOCTTY) = 4</home/riomus/toolchains/cuda-13.4-wheel-env/lib/python3.12/site-packages/nvidia/cu13/include/crt/sm_80_rt.hpp>
2166794 openat(AT_FDCWD</home/riomus/runs/sfora-standalone-gpu-sha-build-source-v1>, "/home/riomus/toolchains/cuda-13.4-wheel-env/lib/python3.12/site-packages/nvidia/cu13/bin/../include/builtin_types.h", O_RDONLY|O_NOCTTY) = 4</home/riomus/toolchains/cuda-13.4-wheel-env/lib/python3.12/site-packages/nvidia/cu13/include/builtin_types.h>
2166794 openat(AT_FDCWD</home/riomus/runs/sfora-standalone-gpu-sha-build-source-v1>, "/home/riomus/toolchains/cuda-13.4-wheel-env/lib/python3.12/site-packages/nvidia/cu13/bin/../include/crt/host_defines.h", O_RDONLY|O_NOCTTY) = 4</home/riomus/toolchains/cuda-13.4-wheel-env/lib/python3.12/site-packages/nvidia/cu13/include/crt/host_defines.h>
2166794 openat(AT_FDCWD</home/riomus/runs/sfora-standalone-gpu-sha-build-source-v1>, "/home/riomus/toolchains/cuda-13.4-wheel-env/lib/python3.12/site-packages/nvidia/cu13/bin/../include/crt/sm_90_rt.h", O_RDONLY|O_NOCTTY) = 4</home/riomus/toolchains/cuda-13.4-wheel-env/lib/python3.12/site-packages/nvidia/cu13/include/crt/sm_90_rt.h>
2166794 openat(AT_FDCWD</home/riomus/runs/sfora-standalone-gpu-sha-build-source-v1>, "/home/riomus/toolchains/cuda-13.4-wheel-env/lib/python3.12/site-packages/nvidia/cu13/bin/../include/builtin_types.h", O_RDONLY|O_NOCTTY) = 4</home/riomus/toolchains/cuda-13.4-wheel-env/lib/python3.12/site-packages/nvidia/cu13/include/builtin_types.h>
2166794 openat(AT_FDCWD</home/riomus/runs/sfora-standalone-gpu-sha-build-source-v1>, "/home/riomus/toolchains/cuda-13.4-wheel-env/lib/python3.12/site-packages/nvidia/cu13/bin/../include/crt/host_defines.h", O_RDONLY|O_NOCTTY) = 4</home/riomus/toolchains/cuda-13.4-wheel-env/lib/python3.12/site-packages/nvidia/cu13/include/crt/host_defines.h>
2166794 openat(AT_FDCWD</home/riomus/runs/sfora-standalone-gpu-sha-build-source-v1>, "/home/riomus/toolchains/cuda-13.4-wheel-env/lib/python3.12/site-packages/nvidia/cu13/bin/../include/crt/sm_90_rt.hpp", O_RDONLY|O_NOCTTY) = 4</home/riomus/toolchains/cuda-13.4-wheel-env/lib/python3.12/site-packages/nvidia/cu13/include/crt/sm_90_rt.hpp>
2166794 openat(AT_FDCWD</home/riomus/runs/sfora-standalone-gpu-sha-build-source-v1>, "/home/riomus/toolchains/cuda-13.4-wheel-env/lib/python3.12/site-packages/nvidia/cu13/bin/../include/builtin_types.h", O_RDONLY|O_NOCTTY) = 4</home/riomus/toolchains/cuda-13.4-wheel-env/lib/python3.12/site-packages/nvidia/cu13/include/builtin_types.h>
2166794 openat(AT_FDCWD</home/riomus/runs/sfora-standalone-gpu-sha-build-source-v1>, "/home/riomus/toolchains/cuda-13.4-wheel-env/lib/python3.12/site-packages/nvidia/cu13/bin/../include/crt/host_defines.h", O_RDONLY|O_NOCTTY) = 4</home/riomus/toolchains/cuda-13.4-wheel-env/lib/python3.12/site-packages/nvidia/cu13/include/crt/host_defines.h>
2166794 openat(AT_FDCWD</home/riomus/runs/sfora-standalone-gpu-sha-build-source-v1>, "/home/riomus/toolchains/cuda-13.4-wheel-env/lib/python3.12/site-packages/nvidia/cu13/bin/../include/crt/sm_100_rt.h", O_RDONLY|O_NOCTTY) = 4</home/riomus/toolchains/cuda-13.4-wheel-env/lib/python3.12/site-packages/nvidia/cu13/include/crt/sm_100_rt.h>
2166794 openat(AT_FDCWD</home/riomus/runs/sfora-standalone-gpu-sha-build-source-v1>, "/home/riomus/toolchains/cuda-13.4-wheel-env/lib/python3.12/site-packages/nvidia/cu13/bin/../include/builtin_types.h", O_RDONLY|O_NOCTTY) = 4</home/riomus/toolchains/cuda-13.4-wheel-env/lib/python3.12/site-packages/nvidia/cu13/include/builtin_types.h>
2166794 openat(AT_FDCWD</home/riomus/runs/sfora-standalone-gpu-sha-build-source-v1>, "/home/riomus/toolchains/cuda-13.4-wheel-env/lib/python3.12/site-packages/nvidia/cu13/bin/../include/crt/host_defines.h", O_RDONLY|O_NOCTTY) = 4</home/riomus/toolchains/cuda-13.4-wheel-env/lib/python3.12/site-packages/nvidia/cu13/include/crt/host_defines.h>
2166794 openat(AT_FDCWD</home/riomus/runs/sfora-standalone-gpu-sha-build-source-v1>, "/home/riomus/toolchains/cuda-13.4-wheel-env/lib/python3.12/site-packages/nvidia/cu13/bin/../include/crt/sm_100_rt.hpp", O_RDONLY|O_NOCTTY) = 4</home/riomus/toolchains/cuda-13.4-wheel-env/lib/python3.12/site-packages/nvidia/cu13/include/crt/sm_100_rt.hpp>
2166794 openat(AT_FDCWD</home/riomus/runs/sfora-standalone-gpu-sha-build-source-v1>, "/home/riomus/toolchains/cuda-13.4-wheel-env/lib/python3.12/site-packages/nvidia/cu13/bin/../include/builtin_types.h", O_RDONLY|O_NOCTTY) = 4</home/riomus/toolchains/cuda-13.4-wheel-env/lib/python3.12/site-packages/nvidia/cu13/include/builtin_types.h>
2166794 openat(AT_FDCWD</home/riomus/runs/sfora-standalone-gpu-sha-build-source-v1>, "/home/riomus/toolchains/cuda-13.4-wheel-env/lib/python3.12/site-packages/nvidia/cu13/bin/../include/crt/host_defines.h", O_RDONLY|O_NOCTTY) = 4</home/riomus/toolchains/cuda-13.4-wheel-env/lib/python3.12/site-packages/nvidia/cu13/include/crt/host_defines.h>
2166794 openat(AT_FDCWD</home/riomus/runs/sfora-standalone-gpu-sha-build-source-v1>, "/home/riomus/toolchains/cuda-13.4-wheel-env/lib/python3.12/site-packages/nvidia/cu13/bin/../include/crt/texture_indirect_functions.h", O_RDONLY|O_NOCTTY) = -1 ENOENT (No such file or directory)
2166794 openat(AT_FDCWD</home/riomus/runs/sfora-standalone-gpu-sha-build-source-v1>, "/home/riomus/toolchains/cuda-13.4-wheel-env/lib/python3.12/site-packages/nvidia/cu13/bin/../include/texture_indirect_functions.h", O_RDONLY|O_NOCTTY) = 4</home/riomus/toolchains/cuda-13.4-wheel-env/lib/python3.12/site-packages/nvidia/cu13/include/texture_indirect_functions.h>
2166794 openat(AT_FDCWD</home/riomus/runs/sfora-standalone-gpu-sha-build-source-v1>, "/home/riomus/toolchains/cuda-13.4-wheel-env/lib/python3.12/site-packages/nvidia/cu13/bin/../include/crt/surface_indirect_functions.h", O_RDONLY|O_NOCTTY) = -1 ENOENT (No such file or directory)
2166794 openat(AT_FDCWD</home/riomus/runs/sfora-standalone-gpu-sha-build-source-v1>, "/home/riomus/toolchains/cuda-13.4-wheel-env/lib/python3.12/site-packages/nvidia/cu13/bin/../include/surface_indirect_functions.h", O_RDONLY|O_NOCTTY) = 4</home/riomus/toolchains/cuda-13.4-wheel-env/lib/python3.12/site-packages/nvidia/cu13/include/surface_indirect_functions.h>
2166794 openat(AT_FDCWD</home/riomus/runs/sfora-standalone-gpu-sha-build-source-v1>, "/home/riomus/toolchains/cuda-13.4-wheel-env/lib/python3.12/site-packages/nvidia/cu13/bin/../include/crt/cudacc_ext.h", O_RDONLY|O_NOCTTY) = 4</home/riomus/toolchains/cuda-13.4-wheel-env/lib/python3.12/site-packages/nvidia/cu13/include/crt/cudacc_ext.h>
2166794 openat(AT_FDCWD</home/riomus/runs/sfora-standalone-gpu-sha-build-source-v1>, "/home/riomus/toolchains/cuda-13.4-wheel-env/lib/python3.12/site-packages/nvidia/cu13/bin/../include/device_launch_parameters.h", O_RDONLY|O_NOCTTY) = 4</home/riomus/toolchains/cuda-13.4-wheel-env/lib/python3.12/site-packages/nvidia/cu13/include/device_launch_parameters.h>
2166794 openat(AT_FDCWD</home/riomus/runs/sfora-standalone-gpu-sha-build-source-v1>, "/home/riomus/toolchains/cuda-13.4-wheel-env/lib/python3.12/site-packages/nvidia/cu13/bin/../include/utility", O_RDONLY|O_NOCTTY) = -1 ENOENT (No such file or directory)
2166794 openat(AT_FDCWD</home/riomus/runs/sfora-standalone-gpu-sha-build-source-v1>, "/usr/include/c++/13/utility", O_RDONLY|O_NOCTTY) = 4</usr/include/c++/13/utility>
2166794 openat(AT_FDCWD</home/riomus/runs/sfora-standalone-gpu-sha-build-source-v1>, "/home/riomus/toolchains/cuda-13.4-wheel-env/lib/python3.12/site-packages/nvidia/cu13/bin/../include/bits/stl_relops.h", O_RDONLY|O_NOCTTY) = -1 ENOENT (No such file or directory)
2166794 openat(AT_FDCWD</home/riomus/runs/sfora-standalone-gpu-sha-build-source-v1>, "/usr/include/c++/13/bits/stl_relops.h", O_RDONLY|O_NOCTTY) = 4</usr/include/c++/13/bits/stl_relops.h>
2166794 openat(AT_FDCWD</home/riomus/runs/sfora-standalone-gpu-sha-build-source-v1>, "/home/riomus/toolchains/cuda-13.4-wheel-env/lib/python3.12/site-packages/nvidia/cu13/bin/../include/initializer_list", O_RDONLY|O_NOCTTY) = -1 ENOENT (No such file or directory)
2166794 openat(AT_FDCWD</home/riomus/runs/sfora-standalone-gpu-sha-build-source-v1>, "/usr/include/c++/13/initializer_list", O_RDONLY|O_NOCTTY) = 4</usr/include/c++/13/initializer_list>
2166794 openat(AT_FDCWD</home/riomus/runs/sfora-standalone-gpu-sha-build-source-v1>, "/home/riomus/toolchains/cuda-13.4-wheel-env/lib/python3.12/site-packages/nvidia/cu13/bin/../include/stdint.h", O_RDONLY|O_NOCTTY) = -1 ENOENT (No such file or directory)
2166794 openat(AT_FDCWD</home/riomus/runs/sfora-standalone-gpu-sha-build-source-v1>, "/usr/include/c++/13/stdint.h", O_RDONLY|O_NOCTTY) = -1 ENOENT (No such file or directory)
2166794 openat(AT_FDCWD</home/riomus/runs/sfora-standalone-gpu-sha-build-source-v1>, "/usr/include/aarch64-linux-gnu/c++/13/stdint.h", O_RDONLY|O_NOCTTY) = -1 ENOENT (No such file or directory)
2166794 openat(AT_FDCWD</home/riomus/runs/sfora-standalone-gpu-sha-build-source-v1>, "/usr/include/c++/13/backward/stdint.h", O_RDONLY|O_NOCTTY) = -1 ENOENT (No such file or directory)
2166794 openat(AT_FDCWD</home/riomus/runs/sfora-standalone-gpu-sha-build-source-v1>, "/usr/lib/gcc/aarch64-linux-gnu/13/include/stdint.h", O_RDONLY|O_NOCTTY) = 4</usr/lib/gcc/aarch64-linux-gnu/13/include/stdint.h>
2166794 openat(AT_FDCWD</home/riomus/runs/sfora-standalone-gpu-sha-build-source-v1>, "/usr/local/include/stdint.h", O_RDONLY|O_NOCTTY) = -1 ENOENT (No such file or directory)
2166794 openat(AT_FDCWD</home/riomus/runs/sfora-standalone-gpu-sha-build-source-v1>, "/usr/include/aarch64-linux-gnu/stdint.h", O_RDONLY|O_NOCTTY) = -1 ENOENT (No such file or directory)
2166794 openat(AT_FDCWD</home/riomus/runs/sfora-standalone-gpu-sha-build-source-v1>, "/usr/include/stdint.h", O_RDONLY|O_NOCTTY) = 4</usr/include/stdint.h>
2166794 openat(AT_FDCWD</home/riomus/runs/sfora-standalone-gpu-sha-build-source-v1>, "/usr/include/aarch64-linux-gnu/bits/libc-header-start.h", O_RDONLY|O_NOCTTY) = 4</usr/include/aarch64-linux-gnu/bits/libc-header-start.h>
2166794 openat(AT_FDCWD</home/riomus/runs/sfora-standalone-gpu-sha-build-source-v1>, "/home/riomus/toolchains/cuda-13.4-wheel-env/lib/python3.12/site-packages/nvidia/cu13/bin/../include/bits/wchar.h", O_RDONLY|O_NOCTTY) = -1 ENOENT (No such file or directory)
2166794 openat(AT_FDCWD</home/riomus/runs/sfora-standalone-gpu-sha-build-source-v1>, "/usr/include/c++/13/bits/wchar.h", O_RDONLY|O_NOCTTY) = -1 ENOENT (No such file or directory)
2166794 openat(AT_FDCWD</home/riomus/runs/sfora-standalone-gpu-sha-build-source-v1>, "/usr/include/aarch64-linux-gnu/c++/13/bits/wchar.h", O_RDONLY|O_NOCTTY) = -1 ENOENT (No such file or directory)
2166794 openat(AT_FDCWD</home/riomus/runs/sfora-standalone-gpu-sha-build-source-v1>, "/usr/include/c++/13/backward/bits/wchar.h", O_RDONLY|O_NOCTTY) = -1 ENOENT (No such file or directory)
2166794 openat(AT_FDCWD</home/riomus/runs/sfora-standalone-gpu-sha-build-source-v1>, "/usr/lib/gcc/aarch64-linux-gnu/13/include/bits/wchar.h", O_RDONLY|O_NOCTTY) = -1 ENOENT (No such file or directory)
2166794 openat(AT_FDCWD</home/riomus/runs/sfora-standalone-gpu-sha-build-source-v1>, "/usr/local/include/bits/wchar.h", O_RDONLY|O_NOCTTY) = -1 ENOENT (No such file or directory)
2166794 openat(AT_FDCWD</home/riomus/runs/sfora-standalone-gpu-sha-build-source-v1>, "/usr/include/aarch64-linux-gnu/bits/wchar.h", O_RDONLY|O_NOCTTY) = 4</usr/include/aarch64-linux-gnu/bits/wchar.h>
2166794 openat(AT_FDCWD</home/riomus/runs/sfora-standalone-gpu-sha-build-source-v1>, "/usr/include/aarch64-linux-gnu/bits/wordsize.h", O_RDONLY|O_NOCTTY) = 4</usr/include/aarch64-linux-gnu/bits/wordsize.h>
2166794 openat(AT_FDCWD</home/riomus/runs/sfora-standalone-gpu-sha-build-source-v1>, "/home/riomus/toolchains/cuda-13.4-wheel-env/lib/python3.12/site-packages/nvidia/cu13/bin/../include/bits/stdint-uintn.h", O_RDONLY|O_NOCTTY) = -1 ENOENT (No such file or directory)
2166794 openat(AT_FDCWD</home/riomus/runs/sfora-standalone-gpu-sha-build-source-v1>, "/usr/include/c++/13/bits/stdint-uintn.h", O_RDONLY|O_NOCTTY) = -1 ENOENT (No such file or directory)
2166794 openat(AT_FDCWD</home/riomus/runs/sfora-standalone-gpu-sha-build-source-v1>, "/usr/include/aarch64-linux-gnu/c++/13/bits/stdint-uintn.h", O_RDONLY|O_NOCTTY) = -1 ENOENT (No such file or directory)
2166794 openat(AT_FDCWD</home/riomus/runs/sfora-standalone-gpu-sha-build-source-v1>, "/usr/include/c++/13/backward/bits/stdint-uintn.h", O_RDONLY|O_NOCTTY) = -1 ENOENT (No such file or directory)
2166794 openat(AT_FDCWD</home/riomus/runs/sfora-standalone-gpu-sha-build-source-v1>, "/usr/lib/gcc/aarch64-linux-gnu/13/include/bits/stdint-uintn.h", O_RDONLY|O_NOCTTY) = -1 ENOENT (No such file or directory)
2166794 openat(AT_FDCWD</home/riomus/runs/sfora-standalone-gpu-sha-build-source-v1>, "/usr/local/include/bits/stdint-uintn.h", O_RDONLY|O_NOCTTY) = -1 ENOENT (No such file or directory)
2166794 openat(AT_FDCWD</home/riomus/runs/sfora-standalone-gpu-sha-build-source-v1>, "/usr/include/aarch64-linux-gnu/bits/stdint-uintn.h", O_RDONLY|O_NOCTTY) = 4</usr/include/aarch64-linux-gnu/bits/stdint-uintn.h>
2166794 openat(AT_FDCWD</home/riomus/runs/sfora-standalone-gpu-sha-build-source-v1>, "/home/riomus/toolchains/cuda-13.4-wheel-env/lib/python3.12/site-packages/nvidia/cu13/bin/../include/bits/stdint-least.h", O_RDONLY|O_NOCTTY) = -1 ENOENT (No such file or directory)
2166794 openat(AT_FDCWD</home/riomus/runs/sfora-standalone-gpu-sha-build-source-v1>, "/usr/include/c++/13/bits/stdint-least.h", O_RDONLY|O_NOCTTY) = -1 ENOENT (No such file or directory)
2166794 openat(AT_FDCWD</home/riomus/runs/sfora-standalone-gpu-sha-build-source-v1>, "/usr/include/aarch64-linux-gnu/c++/13/bits/stdint-least.h", O_RDONLY|O_NOCTTY) = -1 ENOENT (No such file or directory)
2166794 openat(AT_FDCWD</home/riomus/runs/sfora-standalone-gpu-sha-build-source-v1>, "/usr/include/c++/13/backward/bits/stdint-least.h", O_RDONLY|O_NOCTTY) = -1 ENOENT (No such file or directory)
2166794 openat(AT_FDCWD</home/riomus/runs/sfora-standalone-gpu-sha-build-source-v1>, "/usr/lib/gcc/aarch64-linux-gnu/13/include/bits/stdint-least.h", O_RDONLY|O_NOCTTY) = -1 ENOENT (No such file or directory)
2166794 openat(AT_FDCWD</home/riomus/runs/sfora-standalone-gpu-sha-build-source-v1>, "/usr/local/include/bits/stdint-least.h", O_RDONLY|O_NOCTTY) = -1 ENOENT (No such file or directory)
2166794 openat(AT_FDCWD</home/riomus/runs/sfora-standalone-gpu-sha-build-source-v1>, "/usr/include/aarch64-linux-gnu/bits/stdint-least.h", O_RDONLY|O_NOCTTY) = 4</usr/include/aarch64-linux-gnu/bits/stdint-least.h>
2166794 +++ exited with 0 +++
2166793 --- SIGCHLD {si_signo=SIGCHLD, si_code=CLD_EXITED, si_pid=2166794, si_uid=1000, si_status=0, si_utime=7 /* 0.07 s */, si_stime=4 /* 0.04 s */} ---
2166793 +++ exited with 0 +++
2166792 --- SIGCHLD {si_signo=SIGCHLD, si_code=CLD_EXITED, si_pid=2166793, si_uid=1000, si_status=0, si_utime=0, si_stime=0} ---
2166792 +++ exited with 0 +++
2166789 --- SIGCHLD {si_signo=SIGCHLD, si_code=CLD_EXITED, si_pid=2166792, si_uid=1000, si_status=0, si_utime=0, si_stime=0} ---
2166795 execve("/bin/sh", ["sh", "-c", "--", "\"/usr/bin\"/aarch64-linux-gnu-g++"...], 0x6186fc0 /* 21 vars */) = 0
2166795 openat(AT_FDCWD</home/riomus/runs/sfora-standalone-gpu-sha-build-source-v1>, "/home/riomus/toolchains/cuda-13.4-wheel-env/lib/python3.12/site-packages/nvidia/cu13/bin/../lib/libc.so.6", O_RDONLY|O_CLOEXEC) = -1 ENOENT (No such file or directory)
2166795 openat(AT_FDCWD</home/riomus/runs/sfora-standalone-gpu-sha-build-source-v1>, "libc.so.6", O_RDONLY|O_CLOEXEC) = -1 ENOENT (No such file or directory)
2166795 openat(AT_FDCWD</home/riomus/runs/sfora-standalone-gpu-sha-build-source-v1>, "/etc/ld.so.cache", O_RDONLY|O_CLOEXEC) = 3</etc/ld.so.cache>
2166795 openat(AT_FDCWD</home/riomus/runs/sfora-standalone-gpu-sha-build-source-v1>, "/lib/aarch64-linux-gnu/libc.so.6", O_RDONLY|O_CLOEXEC) = 3</usr/lib/aarch64-linux-gnu/libc.so.6>
2166796 execve("/usr/bin/aarch64-linux-gnu-g++-13", ["/usr/bin/aarch64-linux-gnu-g++-1"..., "-D__CUDA_ARCH_LIST__=1210", "-E", "-x", "c++", "-D__CUDACC__", "-D__NVCC__", "-fPIC", "-O3", "-I/home/riomus/toolchains/cuda-1"..., "-isystem", "/home/riomus/toolchains/cuda-13."..., "-D__CUDACC_VER_MAJOR__=13", "-D__CUDACC_VER_MINOR__=4", "-D__CUDACC_VER_BUILD__=92", "-D__CUDA_API_VER_MAJOR__=13", "-D__CUDA_API_VER_MINOR__=4", "-D__NVCC_DIAG_PRAGMA_SUPPORT__=1", "-D__CUDACC_DEVICE_ATOMIC_BUILTIN"..., "-include", "cuda_runtime.h", "/home/riomus/runs/sfora-standalo"..., "-o", "/tmp/tmpxft_00211005_00000000-6_"...], 0xbd371904f858 /* 22 vars */) = 0
2166796 openat(AT_FDCWD</home/riomus/runs/sfora-standalone-gpu-sha-build-source-v1>, "/home/riomus/toolchains/cuda-13.4-wheel-env/lib/python3.12/site-packages/nvidia/cu13/bin/../lib/libc.so.6", O_RDONLY|O_CLOEXEC) = -1 ENOENT (No such file or directory)
2166796 openat(AT_FDCWD</home/riomus/runs/sfora-standalone-gpu-sha-build-source-v1>, "libc.so.6", O_RDONLY|O_CLOEXEC) = -1 ENOENT (No such file or directory)
2166796 openat(AT_FDCWD</home/riomus/runs/sfora-standalone-gpu-sha-build-source-v1>, "/etc/ld.so.cache", O_RDONLY|O_CLOEXEC) = 3</etc/ld.so.cache>
2166796 openat(AT_FDCWD</home/riomus/runs/sfora-standalone-gpu-sha-build-source-v1>, "/lib/aarch64-linux-gnu/libc.so.6", O_RDONLY|O_CLOEXEC) = 3</usr/lib/aarch64-linux-gnu/libc.so.6>
2166797 execve("/usr/libexec/gcc/aarch64-linux-gnu/13/cc1plus", ["/usr/libexec/gcc/aarch64-linux-g"..., "-E", "-quiet", "-I", "/home/riomus/toolchains/cuda-13."..., "-imultiarch", "aarch64-linux-gnu", "-D_GNU_SOURCE", "-D", "__CUDA_ARCH_LIST__=1210", "-D", "__CUDACC__", "-D", "__NVCC__", "-D", "__CUDACC_VER_MAJOR__=13", "-D", "__CUDACC_VER_MINOR__=4", "-D", "__CUDACC_VER_BUILD__=92", "-D", "__CUDA_API_VER_MAJOR__=13", "-D", "__CUDA_API_VER_MINOR__=4", "-D", "__NVCC_DIAG_PRAGMA_SUPPORT__=1", "-D", "__CUDACC_DEVICE_ATOMIC_BUILTINS_"..., "-isystem", "/home/riomus/toolchains/cuda-13."..., "-include", "cuda_runtime.h", ...], 0x1f642dd0 /* 26 vars */) = 0
2166797 openat(AT_FDCWD</home/riomus/runs/sfora-standalone-gpu-sha-build-source-v1>, "/home/riomus/toolchains/cuda-13.4-wheel-env/lib/python3.12/site-packages/nvidia/cu13/bin/../lib/libisl.so.23", O_RDONLY|O_CLOEXEC) = -1 ENOENT (No such file or directory)
2166797 openat(AT_FDCWD</home/riomus/runs/sfora-standalone-gpu-sha-build-source-v1>, "libisl.so.23", O_RDONLY|O_CLOEXEC) = -1 ENOENT (No such file or directory)
2166797 openat(AT_FDCWD</home/riomus/runs/sfora-standalone-gpu-sha-build-source-v1>, "/etc/ld.so.cache", O_RDONLY|O_CLOEXEC) = 3</etc/ld.so.cache>
2166797 openat(AT_FDCWD</home/riomus/runs/sfora-standalone-gpu-sha-build-source-v1>, "/lib/aarch64-linux-gnu/libisl.so.23", O_RDONLY|O_CLOEXEC) = 3</usr/lib/aarch64-linux-gnu/libisl.so.23.3.0>
2166797 openat(AT_FDCWD</home/riomus/runs/sfora-standalone-gpu-sha-build-source-v1>, "/home/riomus/toolchains/cuda-13.4-wheel-env/lib/python3.12/site-packages/nvidia/cu13/bin/../lib/libmpc.so.3", O_RDONLY|O_CLOEXEC) = -1 ENOENT (No such file or directory)
2166797 openat(AT_FDCWD</home/riomus/runs/sfora-standalone-gpu-sha-build-source-v1>, "libmpc.so.3", O_RDONLY|O_CLOEXEC) = -1 ENOENT (No such file or directory)
2166797 openat(AT_FDCWD</home/riomus/runs/sfora-standalone-gpu-sha-build-source-v1>, "/lib/aarch64-linux-gnu/libmpc.so.3", O_RDONLY|O_CLOEXEC) = 3</usr/lib/aarch64-linux-gnu/libmpc.so.3.3.1>
2166797 openat(AT_FDCWD</home/riomus/runs/sfora-standalone-gpu-sha-build-source-v1>, "/home/riomus/toolchains/cuda-13.4-wheel-env/lib/python3.12/site-packages/nvidia/cu13/bin/../lib/libmpfr.so.6", O_RDONLY|O_CLOEXEC) = -1 ENOENT (No such file or directory)
2166797 openat(AT_FDCWD</home/riomus/runs/sfora-standalone-gpu-sha-build-source-v1>, "libmpfr.so.6", O_RDONLY|O_CLOEXEC) = -1 ENOENT (No such file or directory)
2166797 openat(AT_FDCWD</home/riomus/runs/sfora-standalone-gpu-sha-build-source-v1>, "/lib/aarch64-linux-gnu/libmpfr.so.6", O_RDONLY|O_CLOEXEC) = 3</usr/lib/aarch64-linux-gnu/libmpfr.so.6.2.1>
2166797 openat(AT_FDCWD</home/riomus/runs/sfora-standalone-gpu-sha-build-source-v1>, "/home/riomus/toolchains/cuda-13.4-wheel-env/lib/python3.12/site-packages/nvidia/cu13/bin/../lib/libgmp.so.10", O_RDONLY|O_CLOEXEC) = -1 ENOENT (No such file or directory)
2166797 openat(AT_FDCWD</home/riomus/runs/sfora-standalone-gpu-sha-build-source-v1>, "libgmp.so.10", O_RDONLY|O_CLOEXEC) = -1 ENOENT (No such file or directory)
2166797 openat(AT_FDCWD</home/riomus/runs/sfora-standalone-gpu-sha-build-source-v1>, "/lib/aarch64-linux-gnu/libgmp.so.10", O_RDONLY|O_CLOEXEC) = 3</usr/lib/aarch64-linux-gnu/libgmp.so.10.5.0>
2166797 openat(AT_FDCWD</home/riomus/runs/sfora-standalone-gpu-sha-build-source-v1>, "/home/riomus/toolchains/cuda-13.4-wheel-env/lib/python3.12/site-packages/nvidia/cu13/bin/../lib/libz.so.1", O_RDONLY|O_CLOEXEC) = -1 ENOENT (No such file or directory)
2166797 openat(AT_FDCWD</home/riomus/runs/sfora-standalone-gpu-sha-build-source-v1>, "libz.so.1", O_RDONLY|O_CLOEXEC) = -1 ENOENT (No such file or directory)
2166797 openat(AT_FDCWD</home/riomus/runs/sfora-standalone-gpu-sha-build-source-v1>, "/lib/aarch64-linux-gnu/libz.so.1", O_RDONLY|O_CLOEXEC) = 3</usr/lib/aarch64-linux-gnu/libz.so.1.3>
2166797 openat(AT_FDCWD</home/riomus/runs/sfora-standalone-gpu-sha-build-source-v1>, "/home/riomus/toolchains/cuda-13.4-wheel-env/lib/python3.12/site-packages/nvidia/cu13/bin/../lib/libzstd.so.1", O_RDONLY|O_CLOEXEC) = -1 ENOENT (No such file or directory)
2166797 openat(AT_FDCWD</home/riomus/runs/sfora-standalone-gpu-sha-build-source-v1>, "libzstd.so.1", O_RDONLY|O_CLOEXEC) = -1 ENOENT (No such file or directory)
2166797 openat(AT_FDCWD</home/riomus/runs/sfora-standalone-gpu-sha-build-source-v1>, "/lib/aarch64-linux-gnu/libzstd.so.1", O_RDONLY|O_CLOEXEC) = 3</usr/lib/aarch64-linux-gnu/libzstd.so.1.5.5>
2166797 openat(AT_FDCWD</home/riomus/runs/sfora-standalone-gpu-sha-build-source-v1>, "/home/riomus/toolchains/cuda-13.4-wheel-env/lib/python3.12/site-packages/nvidia/cu13/bin/../lib/libc.so.6", O_RDONLY|O_CLOEXEC) = -1 ENOENT (No such file or directory)
2166797 openat(AT_FDCWD</home/riomus/runs/sfora-standalone-gpu-sha-build-source-v1>, "libc.so.6", O_RDONLY|O_CLOEXEC) = -1 ENOENT (No such file or directory)
2166797 openat(AT_FDCWD</home/riomus/runs/sfora-standalone-gpu-sha-build-source-v1>, "/lib/aarch64-linux-gnu/libc.so.6", O_RDONLY|O_CLOEXEC) = 3</usr/lib/aarch64-linux-gnu/libc.so.6>
2166797 openat(AT_FDCWD</home/riomus/runs/sfora-standalone-gpu-sha-build-source-v1>, "/home/riomus/toolchains/cuda-13.4-wheel-env/lib/python3.12/site-packages/nvidia/cu13/bin/../lib/libm.so.6", O_RDONLY|O_CLOEXEC) = -1 ENOENT (No such file or directory)
2166797 openat(AT_FDCWD</home/riomus/runs/sfora-standalone-gpu-sha-build-source-v1>, "libm.so.6", O_RDONLY|O_CLOEXEC) = -1 ENOENT (No such file or directory)
2166797 openat(AT_FDCWD</home/riomus/runs/sfora-standalone-gpu-sha-build-source-v1>, "/lib/aarch64-linux-gnu/libm.so.6", O_RDONLY|O_CLOEXEC) = 3</usr/lib/aarch64-linux-gnu/libm.so.6>
2166797 openat(AT_FDCWD</home/riomus/runs/sfora-standalone-gpu-sha-build-source-v1>, "/tmp/tmpxft_00211005_00000000-6_sha256_occurrences.cpp4.ii", O_WRONLY|O_CREAT|O_TRUNC, 0666) = 3</tmp/tmpxft_00211005_00000000-6_sha256_occurrences.cpp4.ii>
2166797 openat(AT_FDCWD</home/riomus/runs/sfora-standalone-gpu-sha-build-source-v1>, "/home/riomus/runs/sfora-standalone-gpu-sha-build-source-v1/sha256_occurrences.cu", O_RDONLY|O_NOCTTY) = 4</home/riomus/runs/sfora-standalone-gpu-sha-build-source-v1/sha256_occurrences.cu>
2166797 openat(AT_FDCWD</home/riomus/runs/sfora-standalone-gpu-sha-build-source-v1>, "/home/riomus/toolchains/cuda-13.4-wheel-env/lib/python3.12/site-packages/nvidia/cu13/bin/../include/stdc-predef.h", O_RDONLY|O_NOCTTY) = -1 ENOENT (No such file or directory)
2166797 openat(AT_FDCWD</home/riomus/runs/sfora-standalone-gpu-sha-build-source-v1>, "/usr/include/c++/13/stdc-predef.h", O_RDONLY|O_NOCTTY) = -1 ENOENT (No such file or directory)
2166797 openat(AT_FDCWD</home/riomus/runs/sfora-standalone-gpu-sha-build-source-v1>, "/usr/include/aarch64-linux-gnu/c++/13/stdc-predef.h", O_RDONLY|O_NOCTTY) = -1 ENOENT (No such file or directory)
2166797 openat(AT_FDCWD</home/riomus/runs/sfora-standalone-gpu-sha-build-source-v1>, "/usr/include/c++/13/backward/stdc-predef.h", O_RDONLY|O_NOCTTY) = -1 ENOENT (No such file or directory)
2166797 openat(AT_FDCWD</home/riomus/runs/sfora-standalone-gpu-sha-build-source-v1>, "/usr/lib/gcc/aarch64-linux-gnu/13/include/stdc-predef.h", O_RDONLY|O_NOCTTY) = -1 ENOENT (No such file or directory)
2166797 openat(AT_FDCWD</home/riomus/runs/sfora-standalone-gpu-sha-build-source-v1>, "/usr/local/include/stdc-predef.h", O_RDONLY|O_NOCTTY) = -1 ENOENT (No such file or directory)
2166797 openat(AT_FDCWD</home/riomus/runs/sfora-standalone-gpu-sha-build-source-v1>, "/usr/include/aarch64-linux-gnu/stdc-predef.h", O_RDONLY|O_NOCTTY) = -1 ENOENT (No such file or directory)
2166797 openat(AT_FDCWD</home/riomus/runs/sfora-standalone-gpu-sha-build-source-v1>, "/usr/include/stdc-predef.h", O_RDONLY|O_NOCTTY) = 4</usr/include/stdc-predef.h>
2166797 openat(AT_FDCWD</home/riomus/runs/sfora-standalone-gpu-sha-build-source-v1>, "./cuda_runtime.h", O_RDONLY|O_NOCTTY) = -1 ENOENT (No such file or directory)
2166797 openat(AT_FDCWD</home/riomus/runs/sfora-standalone-gpu-sha-build-source-v1>, "/home/riomus/toolchains/cuda-13.4-wheel-env/lib/python3.12/site-packages/nvidia/cu13/bin/../include/cuda_runtime.h", O_RDONLY|O_NOCTTY) = 4</home/riomus/toolchains/cuda-13.4-wheel-env/lib/python3.12/site-packages/nvidia/cu13/include/cuda_runtime.h>
2166797 openat(AT_FDCWD</home/riomus/runs/sfora-standalone-gpu-sha-build-source-v1>, "/home/riomus/toolchains/cuda-13.4-wheel-env/lib/python3.12/site-packages/nvidia/cu13/bin/../include/crt/host_config.h", O_RDONLY|O_NOCTTY) = 4</home/riomus/toolchains/cuda-13.4-wheel-env/lib/python3.12/site-packages/nvidia/cu13/include/crt/host_config.h>
2166797 openat(AT_FDCWD</home/riomus/runs/sfora-standalone-gpu-sha-build-source-v1>, "/home/riomus/toolchains/cuda-13.4-wheel-env/lib/python3.12/site-packages/nvidia/cu13/bin/../include/features.h", O_RDONLY|O_NOCTTY) = -1 ENOENT (No such file or directory)
2166797 openat(AT_FDCWD</home/riomus/runs/sfora-standalone-gpu-sha-build-source-v1>, "/usr/include/c++/13/features.h", O_RDONLY|O_NOCTTY) = -1 ENOENT (No such file or directory)
2166797 openat(AT_FDCWD</home/riomus/runs/sfora-standalone-gpu-sha-build-source-v1>, "/usr/include/aarch64-linux-gnu/c++/13/features.h", O_RDONLY|O_NOCTTY) = -1 ENOENT (No such file or directory)
2166797 openat(AT_FDCWD</home/riomus/runs/sfora-standalone-gpu-sha-build-source-v1>, "/usr/include/c++/13/backward/features.h", O_RDONLY|O_NOCTTY) = -1 ENOENT (No such file or directory)
2166797 openat(AT_FDCWD</home/riomus/runs/sfora-standalone-gpu-sha-build-source-v1>, "/usr/lib/gcc/aarch64-linux-gnu/13/include/features.h", O_RDONLY|O_NOCTTY) = -1 ENOENT (No such file or directory)
2166797 openat(AT_FDCWD</home/riomus/runs/sfora-standalone-gpu-sha-build-source-v1>, "/usr/local/include/features.h", O_RDONLY|O_NOCTTY) = -1 ENOENT (No such file or directory)
2166797 openat(AT_FDCWD</home/riomus/runs/sfora-standalone-gpu-sha-build-source-v1>, "/usr/include/aarch64-linux-gnu/features.h", O_RDONLY|O_NOCTTY) = -1 ENOENT (No such file or directory)
2166797 openat(AT_FDCWD</home/riomus/runs/sfora-standalone-gpu-sha-build-source-v1>, "/usr/include/features.h", O_RDONLY|O_NOCTTY) = 4</usr/include/features.h>
2166797 openat(AT_FDCWD</home/riomus/runs/sfora-standalone-gpu-sha-build-source-v1>, "/home/riomus/toolchains/cuda-13.4-wheel-env/lib/python3.12/site-packages/nvidia/cu13/bin/../include/features-time64.h", O_RDONLY|O_NOCTTY) = -1 ENOENT (No such file or directory)
2166797 openat(AT_FDCWD</home/riomus/runs/sfora-standalone-gpu-sha-build-source-v1>, "/usr/include/c++/13/features-time64.h", O_RDONLY|O_NOCTTY) = -1 ENOENT (No such file or directory)
2166797 openat(AT_FDCWD</home/riomus/runs/sfora-standalone-gpu-sha-build-source-v1>, "/usr/include/aarch64-linux-gnu/c++/13/features-time64.h", O_RDONLY|O_NOCTTY) = -1 ENOENT (No such file or directory)
2166797 openat(AT_FDCWD</home/riomus/runs/sfora-standalone-gpu-sha-build-source-v1>, "/usr/include/c++/13/backward/features-time64.h", O_RDONLY|O_NOCTTY) = -1 ENOENT (No such file or directory)
2166797 openat(AT_FDCWD</home/riomus/runs/sfora-standalone-gpu-sha-build-source-v1>, "/usr/lib/gcc/aarch64-linux-gnu/13/include/features-time64.h", O_RDONLY|O_NOCTTY) = -1 ENOENT (No such file or directory)
2166797 openat(AT_FDCWD</home/riomus/runs/sfora-standalone-gpu-sha-build-source-v1>, "/usr/local/include/features-time64.h", O_RDONLY|O_NOCTTY) = -1 ENOENT (No such file or directory)
2166797 openat(AT_FDCWD</home/riomus/runs/sfora-standalone-gpu-sha-build-source-v1>, "/usr/include/aarch64-linux-gnu/features-time64.h", O_RDONLY|O_NOCTTY) = -1 ENOENT (No such file or directory)
2166797 openat(AT_FDCWD</home/riomus/runs/sfora-standalone-gpu-sha-build-source-v1>, "/usr/include/features-time64.h", O_RDONLY|O_NOCTTY) = 4</usr/include/features-time64.h>
2166797 openat(AT_FDCWD</home/riomus/runs/sfora-standalone-gpu-sha-build-source-v1>, "/home/riomus/toolchains/cuda-13.4-wheel-env/lib/python3.12/site-packages/nvidia/cu13/bin/../include/bits/wordsize.h", O_RDONLY|O_NOCTTY) = -1 ENOENT (No such file or directory)
2166797 openat(AT_FDCWD</home/riomus/runs/sfora-standalone-gpu-sha-build-source-v1>, "/usr/include/c++/13/bits/wordsize.h", O_RDONLY|O_NOCTTY) = -1 ENOENT (No such file or directory)
2166797 openat(AT_FDCWD</home/riomus/runs/sfora-standalone-gpu-sha-build-source-v1>, "/usr/include/aarch64-linux-gnu/c++/13/bits/wordsize.h", O_RDONLY|O_NOCTTY) = -1 ENOENT (No such file or directory)
2166797 openat(AT_FDCWD</home/riomus/runs/sfora-standalone-gpu-sha-build-source-v1>, "/usr/include/c++/13/backward/bits/wordsize.h", O_RDONLY|O_NOCTTY) = -1 ENOENT (No such file or directory)
2166797 openat(AT_FDCWD</home/riomus/runs/sfora-standalone-gpu-sha-build-source-v1>, "/usr/lib/gcc/aarch64-linux-gnu/13/include/bits/wordsize.h", O_RDONLY|O_NOCTTY) = -1 ENOENT (No such file or directory)
2166797 openat(AT_FDCWD</home/riomus/runs/sfora-standalone-gpu-sha-build-source-v1>, "/usr/local/include/bits/wordsize.h", O_RDONLY|O_NOCTTY) = -1 ENOENT (No such file or directory)
2166797 openat(AT_FDCWD</home/riomus/runs/sfora-standalone-gpu-sha-build-source-v1>, "/usr/include/aarch64-linux-gnu/bits/wordsize.h", O_RDONLY|O_NOCTTY) = 4</usr/include/aarch64-linux-gnu/bits/wordsize.h>
2166797 openat(AT_FDCWD</home/riomus/runs/sfora-standalone-gpu-sha-build-source-v1>, "/home/riomus/toolchains/cuda-13.4-wheel-env/lib/python3.12/site-packages/nvidia/cu13/bin/../include/bits/timesize.h", O_RDONLY|O_NOCTTY) = -1 ENOENT (No such file or directory)
2166797 openat(AT_FDCWD</home/riomus/runs/sfora-standalone-gpu-sha-build-source-v1>, "/usr/include/c++/13/bits/timesize.h", O_RDONLY|O_NOCTTY) = -1 ENOENT (No such file or directory)
2166797 openat(AT_FDCWD</home/riomus/runs/sfora-standalone-gpu-sha-build-source-v1>, "/usr/include/aarch64-linux-gnu/c++/13/bits/timesize.h", O_RDONLY|O_NOCTTY) = -1 ENOENT (No such file or directory)
2166797 openat(AT_FDCWD</home/riomus/runs/sfora-standalone-gpu-sha-build-source-v1>, "/usr/include/c++/13/backward/bits/timesize.h", O_RDONLY|O_NOCTTY) = -1 ENOENT (No such file or directory)
2166797 openat(AT_FDCWD</home/riomus/runs/sfora-standalone-gpu-sha-build-source-v1>, "/usr/lib/gcc/aarch64-linux-gnu/13/include/bits/timesize.h", O_RDONLY|O_NOCTTY) = -1 ENOENT (No such file or directory)
2166797 openat(AT_FDCWD</home/riomus/runs/sfora-standalone-gpu-sha-build-source-v1>, "/usr/local/include/bits/timesize.h", O_RDONLY|O_NOCTTY) = -1 ENOENT (No such file or directory)
2166797 openat(AT_FDCWD</home/riomus/runs/sfora-standalone-gpu-sha-build-source-v1>, "/usr/include/aarch64-linux-gnu/bits/timesize.h", O_RDONLY|O_NOCTTY) = 4</usr/include/aarch64-linux-gnu/bits/timesize.h>
2166797 openat(AT_FDCWD</home/riomus/runs/sfora-standalone-gpu-sha-build-source-v1>, "/home/riomus/toolchains/cuda-13.4-wheel-env/lib/python3.12/site-packages/nvidia/cu13/bin/../include/sys/cdefs.h", O_RDONLY|O_NOCTTY) = -1 ENOENT (No such file or directory)
2166797 openat(AT_FDCWD</home/riomus/runs/sfora-standalone-gpu-sha-build-source-v1>, "/usr/include/c++/13/sys/cdefs.h", O_RDONLY|O_NOCTTY) = -1 ENOENT (No such file or directory)
2166797 openat(AT_FDCWD</home/riomus/runs/sfora-standalone-gpu-sha-build-source-v1>, "/usr/include/aarch64-linux-gnu/c++/13/sys/cdefs.h", O_RDONLY|O_NOCTTY) = -1 ENOENT (No such file or directory)
2166797 openat(AT_FDCWD</home/riomus/runs/sfora-standalone-gpu-sha-build-source-v1>, "/usr/include/c++/13/backward/sys/cdefs.h", O_RDONLY|O_NOCTTY) = -1 ENOENT (No such file or directory)
2166797 openat(AT_FDCWD</home/riomus/runs/sfora-standalone-gpu-sha-build-source-v1>, "/usr/lib/gcc/aarch64-linux-gnu/13/include/sys/cdefs.h", O_RDONLY|O_NOCTTY) = -1 ENOENT (No such file or directory)
2166797 openat(AT_FDCWD</home/riomus/runs/sfora-standalone-gpu-sha-build-source-v1>, "/usr/local/include/sys/cdefs.h", O_RDONLY|O_NOCTTY) = -1 ENOENT (No such file or directory)
2166797 openat(AT_FDCWD</home/riomus/runs/sfora-standalone-gpu-sha-build-source-v1>, "/usr/include/aarch64-linux-gnu/sys/cdefs.h", O_RDONLY|O_NOCTTY) = 4</usr/include/aarch64-linux-gnu/sys/cdefs.h>
2166797 openat(AT_FDCWD</home/riomus/runs/sfora-standalone-gpu-sha-build-source-v1>, "/usr/include/aarch64-linux-gnu/bits/wordsize.h", O_RDONLY|O_NOCTTY) = 4</usr/include/aarch64-linux-gnu/bits/wordsize.h>
2166797 openat(AT_FDCWD</home/riomus/runs/sfora-standalone-gpu-sha-build-source-v1>, "/home/riomus/toolchains/cuda-13.4-wheel-env/lib/python3.12/site-packages/nvidia/cu13/bin/../include/bits/long-double.h", O_RDONLY|O_NOCTTY) = -1 ENOENT (No such file or directory)
2166797 openat(AT_FDCWD</home/riomus/runs/sfora-standalone-gpu-sha-build-source-v1>, "/usr/include/c++/13/bits/long-double.h", O_RDONLY|O_NOCTTY) = -1 ENOENT (No such file or directory)
2166797 openat(AT_FDCWD</home/riomus/runs/sfora-standalone-gpu-sha-build-source-v1>, "/usr/include/aarch64-linux-gnu/c++/13/bits/long-double.h", O_RDONLY|O_NOCTTY) = -1 ENOENT (No such file or directory)
2166797 openat(AT_FDCWD</home/riomus/runs/sfora-standalone-gpu-sha-build-source-v1>, "/usr/include/c++/13/backward/bits/long-double.h", O_RDONLY|O_NOCTTY) = -1 ENOENT (No such file or directory)
2166797 openat(AT_FDCWD</home/riomus/runs/sfora-standalone-gpu-sha-build-source-v1>, "/usr/lib/gcc/aarch64-linux-gnu/13/include/bits/long-double.h", O_RDONLY|O_NOCTTY) = -1 ENOENT (No such file or directory)
2166797 openat(AT_FDCWD</home/riomus/runs/sfora-standalone-gpu-sha-build-source-v1>, "/usr/local/include/bits/long-double.h", O_RDONLY|O_NOCTTY) = -1 ENOENT (No such file or directory)
2166797 openat(AT_FDCWD</home/riomus/runs/sfora-standalone-gpu-sha-build-source-v1>, "/usr/include/aarch64-linux-gnu/bits/long-double.h", O_RDONLY|O_NOCTTY) = 4</usr/include/aarch64-linux-gnu/bits/long-double.h>
2166797 openat(AT_FDCWD</home/riomus/runs/sfora-standalone-gpu-sha-build-source-v1>, "/home/riomus/toolchains/cuda-13.4-wheel-env/lib/python3.12/site-packages/nvidia/cu13/bin/../include/gnu/stubs.h", O_RDONLY|O_NOCTTY) = -1 ENOENT (No such file or directory)
2166797 openat(AT_FDCWD</home/riomus/runs/sfora-standalone-gpu-sha-build-source-v1>, "/usr/include/c++/13/gnu/stubs.h", O_RDONLY|O_NOCTTY) = -1 ENOENT (No such file or directory)
2166797 openat(AT_FDCWD</home/riomus/runs/sfora-standalone-gpu-sha-build-source-v1>, "/usr/include/aarch64-linux-gnu/c++/13/gnu/stubs.h", O_RDONLY|O_NOCTTY) = -1 ENOENT (No such file or directory)
2166797 openat(AT_FDCWD</home/riomus/runs/sfora-standalone-gpu-sha-build-source-v1>, "/usr/include/c++/13/backward/gnu/stubs.h", O_RDONLY|O_NOCTTY) = -1 ENOENT (No such file or directory)
2166797 openat(AT_FDCWD</home/riomus/runs/sfora-standalone-gpu-sha-build-source-v1>, "/usr/lib/gcc/aarch64-linux-gnu/13/include/gnu/stubs.h", O_RDONLY|O_NOCTTY) = -1 ENOENT (No such file or directory)
2166797 openat(AT_FDCWD</home/riomus/runs/sfora-standalone-gpu-sha-build-source-v1>, "/usr/local/include/gnu/stubs.h", O_RDONLY|O_NOCTTY) = -1 ENOENT (No such file or directory)
2166797 openat(AT_FDCWD</home/riomus/runs/sfora-standalone-gpu-sha-build-source-v1>, "/usr/include/aarch64-linux-gnu/gnu/stubs.h", O_RDONLY|O_NOCTTY) = 4</usr/include/aarch64-linux-gnu/gnu/stubs.h>
2166797 openat(AT_FDCWD</home/riomus/runs/sfora-standalone-gpu-sha-build-source-v1>, "/usr/include/aarch64-linux-gnu/bits/wordsize.h", O_RDONLY|O_NOCTTY) = 4</usr/include/aarch64-linux-gnu/bits/wordsize.h>
2166797 openat(AT_FDCWD</home/riomus/runs/sfora-standalone-gpu-sha-build-source-v1>, "/home/riomus/toolchains/cuda-13.4-wheel-env/lib/python3.12/site-packages/nvidia/cu13/bin/../include/gnu/stubs-lp64.h", O_RDONLY|O_NOCTTY) = -1 ENOENT (No such file or directory)
2166797 openat(AT_FDCWD</home/riomus/runs/sfora-standalone-gpu-sha-build-source-v1>, "/usr/include/c++/13/gnu/stubs-lp64.h", O_RDONLY|O_NOCTTY) = -1 ENOENT (No such file or directory)
2166797 openat(AT_FDCWD</home/riomus/runs/sfora-standalone-gpu-sha-build-source-v1>, "/usr/include/aarch64-linux-gnu/c++/13/gnu/stubs-lp64.h", O_RDONLY|O_NOCTTY) = -1 ENOENT (No such file or directory)
2166797 openat(AT_FDCWD</home/riomus/runs/sfora-standalone-gpu-sha-build-source-v1>, "/usr/include/c++/13/backward/gnu/stubs-lp64.h", O_RDONLY|O_NOCTTY) = -1 ENOENT (No such file or directory)
2166797 openat(AT_FDCWD</home/riomus/runs/sfora-standalone-gpu-sha-build-source-v1>, "/usr/lib/gcc/aarch64-linux-gnu/13/include/gnu/stubs-lp64.h", O_RDONLY|O_NOCTTY) = -1 ENOENT (No such file or directory)
2166797 openat(AT_FDCWD</home/riomus/runs/sfora-standalone-gpu-sha-build-source-v1>, "/usr/local/include/gnu/stubs-lp64.h", O_RDONLY|O_NOCTTY) = -1 ENOENT (No such file or directory)
2166797 openat(AT_FDCWD</home/riomus/runs/sfora-standalone-gpu-sha-build-source-v1>, "/usr/include/aarch64-linux-gnu/gnu/stubs-lp64.h", O_RDONLY|O_NOCTTY) = 4</usr/include/aarch64-linux-gnu/gnu/stubs-lp64.h>
2166797 openat(AT_FDCWD</home/riomus/runs/sfora-standalone-gpu-sha-build-source-v1>, "/home/riomus/toolchains/cuda-13.4-wheel-env/lib/python3.12/site-packages/nvidia/cu13/bin/../include/builtin_types.h", O_RDONLY|O_NOCTTY) = 4</home/riomus/toolchains/cuda-13.4-wheel-env/lib/python3.12/site-packages/nvidia/cu13/include/builtin_types.h>
2166797 openat(AT_FDCWD</home/riomus/runs/sfora-standalone-gpu-sha-build-source-v1>, "/home/riomus/toolchains/cuda-13.4-wheel-env/lib/python3.12/site-packages/nvidia/cu13/bin/../include/device_types.h", O_RDONLY|O_NOCTTY) = 4</home/riomus/toolchains/cuda-13.4-wheel-env/lib/python3.12/site-packages/nvidia/cu13/include/device_types.h>
2166797 openat(AT_FDCWD</home/riomus/runs/sfora-standalone-gpu-sha-build-source-v1>, "/home/riomus/toolchains/cuda-13.4-wheel-env/lib/python3.12/site-packages/nvidia/cu13/bin/../include/crt/host_defines.h", O_RDONLY|O_NOCTTY) = 4</home/riomus/toolchains/cuda-13.4-wheel-env/lib/python3.12/site-packages/nvidia/cu13/include/crt/host_defines.h>
2166797 openat(AT_FDCWD</home/riomus/runs/sfora-standalone-gpu-sha-build-source-v1>, "/home/riomus/toolchains/cuda-13.4-wheel-env/lib/python3.12/site-packages/nvidia/cu13/bin/../include/ctype.h", O_RDONLY|O_NOCTTY) = -1 ENOENT (No such file or directory)
2166797 openat(AT_FDCWD</home/riomus/runs/sfora-standalone-gpu-sha-build-source-v1>, "/usr/include/c++/13/ctype.h", O_RDONLY|O_NOCTTY) = -1 ENOENT (No such file or directory)
2166797 openat(AT_FDCWD</home/riomus/runs/sfora-standalone-gpu-sha-build-source-v1>, "/usr/include/aarch64-linux-gnu/c++/13/ctype.h", O_RDONLY|O_NOCTTY) = -1 ENOENT (No such file or directory)
2166797 openat(AT_FDCWD</home/riomus/runs/sfora-standalone-gpu-sha-build-source-v1>, "/usr/include/c++/13/backward/ctype.h", O_RDONLY|O_NOCTTY) = -1 ENOENT (No such file or directory)
2166797 openat(AT_FDCWD</home/riomus/runs/sfora-standalone-gpu-sha-build-source-v1>, "/usr/lib/gcc/aarch64-linux-gnu/13/include/ctype.h", O_RDONLY|O_NOCTTY) = -1 ENOENT (No such file or directory)
2166797 openat(AT_FDCWD</home/riomus/runs/sfora-standalone-gpu-sha-build-source-v1>, "/usr/local/include/ctype.h", O_RDONLY|O_NOCTTY) = -1 ENOENT (No such file or directory)
2166797 openat(AT_FDCWD</home/riomus/runs/sfora-standalone-gpu-sha-build-source-v1>, "/usr/include/aarch64-linux-gnu/ctype.h", O_RDONLY|O_NOCTTY) = -1 ENOENT (No such file or directory)
2166797 openat(AT_FDCWD</home/riomus/runs/sfora-standalone-gpu-sha-build-source-v1>, "/usr/include/ctype.h", O_RDONLY|O_NOCTTY) = 4</usr/include/ctype.h>
2166797 openat(AT_FDCWD</home/riomus/runs/sfora-standalone-gpu-sha-build-source-v1>, "/home/riomus/toolchains/cuda-13.4-wheel-env/lib/python3.12/site-packages/nvidia/cu13/bin/../include/bits/types.h", O_RDONLY|O_NOCTTY) = -1 ENOENT (No such file or directory)
2166797 openat(AT_FDCWD</home/riomus/runs/sfora-standalone-gpu-sha-build-source-v1>, "/usr/include/c++/13/bits/types.h", O_RDONLY|O_NOCTTY) = -1 ENOENT (No such file or directory)
2166797 openat(AT_FDCWD</home/riomus/runs/sfora-standalone-gpu-sha-build-source-v1>, "/usr/include/aarch64-linux-gnu/c++/13/bits/types.h", O_RDONLY|O_NOCTTY) = -1 ENOENT (No such file or directory)
2166797 openat(AT_FDCWD</home/riomus/runs/sfora-standalone-gpu-sha-build-source-v1>, "/usr/include/c++/13/backward/bits/types.h", O_RDONLY|O_NOCTTY) = -1 ENOENT (No such file or directory)
2166797 openat(AT_FDCWD</home/riomus/runs/sfora-standalone-gpu-sha-build-source-v1>, "/usr/lib/gcc/aarch64-linux-gnu/13/include/bits/types.h", O_RDONLY|O_NOCTTY) = -1 ENOENT (No such file or directory)
2166797 openat(AT_FDCWD</home/riomus/runs/sfora-standalone-gpu-sha-build-source-v1>, "/usr/local/include/bits/types.h", O_RDONLY|O_NOCTTY) = -1 ENOENT (No such file or directory)
2166797 openat(AT_FDCWD</home/riomus/runs/sfora-standalone-gpu-sha-build-source-v1>, "/usr/include/aarch64-linux-gnu/bits/types.h", O_RDONLY|O_NOCTTY) = 4</usr/include/aarch64-linux-gnu/bits/types.h>
2166797 openat(AT_FDCWD</home/riomus/runs/sfora-standalone-gpu-sha-build-source-v1>, "/usr/include/aarch64-linux-gnu/bits/wordsize.h", O_RDONLY|O_NOCTTY) = 4</usr/include/aarch64-linux-gnu/bits/wordsize.h>
2166797 openat(AT_FDCWD</home/riomus/runs/sfora-standalone-gpu-sha-build-source-v1>, "/usr/include/aarch64-linux-gnu/bits/timesize.h", O_RDONLY|O_NOCTTY) = 4</usr/include/aarch64-linux-gnu/bits/timesize.h>
2166797 openat(AT_FDCWD</home/riomus/runs/sfora-standalone-gpu-sha-build-source-v1>, "/home/riomus/toolchains/cuda-13.4-wheel-env/lib/python3.12/site-packages/nvidia/cu13/bin/../include/bits/typesizes.h", O_RDONLY|O_NOCTTY) = -1 ENOENT (No such file or directory)
2166797 openat(AT_FDCWD</home/riomus/runs/sfora-standalone-gpu-sha-build-source-v1>, "/usr/include/c++/13/bits/typesizes.h", O_RDONLY|O_NOCTTY) = -1 ENOENT (No such file or directory)
2166797 openat(AT_FDCWD</home/riomus/runs/sfora-standalone-gpu-sha-build-source-v1>, "/usr/include/aarch64-linux-gnu/c++/13/bits/typesizes.h", O_RDONLY|O_NOCTTY) = -1 ENOENT (No such file or directory)
2166797 openat(AT_FDCWD</home/riomus/runs/sfora-standalone-gpu-sha-build-source-v1>, "/usr/include/c++/13/backward/bits/typesizes.h", O_RDONLY|O_NOCTTY) = -1 ENOENT (No such file or directory)
2166797 openat(AT_FDCWD</home/riomus/runs/sfora-standalone-gpu-sha-build-source-v1>, "/usr/lib/gcc/aarch64-linux-gnu/13/include/bits/typesizes.h", O_RDONLY|O_NOCTTY) = -1 ENOENT (No such file or directory)
2166797 openat(AT_FDCWD</home/riomus/runs/sfora-standalone-gpu-sha-build-source-v1>, "/usr/local/include/bits/typesizes.h", O_RDONLY|O_NOCTTY) = -1 ENOENT (No such file or directory)
2166797 openat(AT_FDCWD</home/riomus/runs/sfora-standalone-gpu-sha-build-source-v1>, "/usr/include/aarch64-linux-gnu/bits/typesizes.h", O_RDONLY|O_NOCTTY) = 4</usr/include/aarch64-linux-gnu/bits/typesizes.h>
2166797 openat(AT_FDCWD</home/riomus/runs/sfora-standalone-gpu-sha-build-source-v1>, "/home/riomus/toolchains/cuda-13.4-wheel-env/lib/python3.12/site-packages/nvidia/cu13/bin/../include/bits/time64.h", O_RDONLY|O_NOCTTY) = -1 ENOENT (No such file or directory)
2166797 openat(AT_FDCWD</home/riomus/runs/sfora-standalone-gpu-sha-build-source-v1>, "/usr/include/c++/13/bits/time64.h", O_RDONLY|O_NOCTTY) = -1 ENOENT (No such file or directory)
2166797 openat(AT_FDCWD</home/riomus/runs/sfora-standalone-gpu-sha-build-source-v1>, "/usr/include/aarch64-linux-gnu/c++/13/bits/time64.h", O_RDONLY|O_NOCTTY) = -1 ENOENT (No such file or directory)
2166797 openat(AT_FDCWD</home/riomus/runs/sfora-standalone-gpu-sha-build-source-v1>, "/usr/include/c++/13/backward/bits/time64.h", O_RDONLY|O_NOCTTY) = -1 ENOENT (No such file or directory)
2166797 openat(AT_FDCWD</home/riomus/runs/sfora-standalone-gpu-sha-build-source-v1>, "/usr/lib/gcc/aarch64-linux-gnu/13/include/bits/time64.h", O_RDONLY|O_NOCTTY) = -1 ENOENT (No such file or directory)
2166797 openat(AT_FDCWD</home/riomus/runs/sfora-standalone-gpu-sha-build-source-v1>, "/usr/local/include/bits/time64.h", O_RDONLY|O_NOCTTY) = -1 ENOENT (No such file or directory)
2166797 openat(AT_FDCWD</home/riomus/runs/sfora-standalone-gpu-sha-build-source-v1>, "/usr/include/aarch64-linux-gnu/bits/time64.h", O_RDONLY|O_NOCTTY) = 4</usr/include/aarch64-linux-gnu/bits/time64.h>
2166797 openat(AT_FDCWD</home/riomus/runs/sfora-standalone-gpu-sha-build-source-v1>, "/home/riomus/toolchains/cuda-13.4-wheel-env/lib/python3.12/site-packages/nvidia/cu13/bin/../include/bits/endian.h", O_RDONLY|O_NOCTTY) = -1 ENOENT (No such file or directory)
2166797 openat(AT_FDCWD</home/riomus/runs/sfora-standalone-gpu-sha-build-source-v1>, "/usr/include/c++/13/bits/endian.h", O_RDONLY|O_NOCTTY) = -1 ENOENT (No such file or directory)
2166797 openat(AT_FDCWD</home/riomus/runs/sfora-standalone-gpu-sha-build-source-v1>, "/usr/include/aarch64-linux-gnu/c++/13/bits/endian.h", O_RDONLY|O_NOCTTY) = -1 ENOENT (No such file or directory)
2166797 openat(AT_FDCWD</home/riomus/runs/sfora-standalone-gpu-sha-build-source-v1>, "/usr/include/c++/13/backward/bits/endian.h", O_RDONLY|O_NOCTTY) = -1 ENOENT (No such file or directory)
2166797 openat(AT_FDCWD</home/riomus/runs/sfora-standalone-gpu-sha-build-source-v1>, "/usr/lib/gcc/aarch64-linux-gnu/13/include/bits/endian.h", O_RDONLY|O_NOCTTY) = -1 ENOENT (No such file or directory)
2166797 openat(AT_FDCWD</home/riomus/runs/sfora-standalone-gpu-sha-build-source-v1>, "/usr/local/include/bits/endian.h", O_RDONLY|O_NOCTTY) = -1 ENOENT (No such file or directory)
2166797 openat(AT_FDCWD</home/riomus/runs/sfora-standalone-gpu-sha-build-source-v1>, "/usr/include/aarch64-linux-gnu/bits/endian.h", O_RDONLY|O_NOCTTY) = 4</usr/include/aarch64-linux-gnu/bits/endian.h>
2166797 openat(AT_FDCWD</home/riomus/runs/sfora-standalone-gpu-sha-build-source-v1>, "/home/riomus/toolchains/cuda-13.4-wheel-env/lib/python3.12/site-packages/nvidia/cu13/bin/../include/bits/endianness.h", O_RDONLY|O_NOCTTY) = -1 ENOENT (No such file or directory)
2166797 openat(AT_FDCWD</home/riomus/runs/sfora-standalone-gpu-sha-build-source-v1>, "/usr/include/c++/13/bits/endianness.h", O_RDONLY|O_NOCTTY) = -1 ENOENT (No such file or directory)
2166797 openat(AT_FDCWD</home/riomus/runs/sfora-standalone-gpu-sha-build-source-v1>, "/usr/include/aarch64-linux-gnu/c++/13/bits/endianness.h", O_RDONLY|O_NOCTTY) = -1 ENOENT (No such file or directory)
2166797 openat(AT_FDCWD</home/riomus/runs/sfora-standalone-gpu-sha-build-source-v1>, "/usr/include/c++/13/backward/bits/endianness.h", O_RDONLY|O_NOCTTY) = -1 ENOENT (No such file or directory)
2166797 openat(AT_FDCWD</home/riomus/runs/sfora-standalone-gpu-sha-build-source-v1>, "/usr/lib/gcc/aarch64-linux-gnu/13/include/bits/endianness.h", O_RDONLY|O_NOCTTY) = -1 ENOENT (No such file or directory)
2166797 openat(AT_FDCWD</home/riomus/runs/sfora-standalone-gpu-sha-build-source-v1>, "/usr/local/include/bits/endianness.h", O_RDONLY|O_NOCTTY) = -1 ENOENT (No such file or directory)
2166797 openat(AT_FDCWD</home/riomus/runs/sfora-standalone-gpu-sha-build-source-v1>, "/usr/include/aarch64-linux-gnu/bits/endianness.h", O_RDONLY|O_NOCTTY) = 4</usr/include/aarch64-linux-gnu/bits/endianness.h>
2166797 openat(AT_FDCWD</home/riomus/runs/sfora-standalone-gpu-sha-build-source-v1>, "/home/riomus/toolchains/cuda-13.4-wheel-env/lib/python3.12/site-packages/nvidia/cu13/bin/../include/bits/types/locale_t.h", O_RDONLY|O_NOCTTY) = -1 ENOENT (No such file or directory)
2166797 openat(AT_FDCWD</home/riomus/runs/sfora-standalone-gpu-sha-build-source-v1>, "/usr/include/c++/13/bits/types/locale_t.h", O_RDONLY|O_NOCTTY) = -1 ENOENT (No such file or directory)
2166797 openat(AT_FDCWD</home/riomus/runs/sfora-standalone-gpu-sha-build-source-v1>, "/usr/include/aarch64-linux-gnu/c++/13/bits/types/locale_t.h", O_RDONLY|O_NOCTTY) = -1 ENOENT (No such file or directory)
2166797 openat(AT_FDCWD</home/riomus/runs/sfora-standalone-gpu-sha-build-source-v1>, "/usr/include/c++/13/backward/bits/types/locale_t.h", O_RDONLY|O_NOCTTY) = -1 ENOENT (No such file or directory)
2166797 openat(AT_FDCWD</home/riomus/runs/sfora-standalone-gpu-sha-build-source-v1>, "/usr/lib/gcc/aarch64-linux-gnu/13/include/bits/types/locale_t.h", O_RDONLY|O_NOCTTY) = -1 ENOENT (No such file or directory)
2166797 openat(AT_FDCWD</home/riomus/runs/sfora-standalone-gpu-sha-build-source-v1>, "/usr/local/include/bits/types/locale_t.h", O_RDONLY|O_NOCTTY) = -1 ENOENT (No such file or directory)
2166797 openat(AT_FDCWD</home/riomus/runs/sfora-standalone-gpu-sha-build-source-v1>, "/usr/include/aarch64-linux-gnu/bits/types/locale_t.h", O_RDONLY|O_NOCTTY) = 4</usr/include/aarch64-linux-gnu/bits/types/locale_t.h>
2166797 openat(AT_FDCWD</home/riomus/runs/sfora-standalone-gpu-sha-build-source-v1>, "/home/riomus/toolchains/cuda-13.4-wheel-env/lib/python3.12/site-packages/nvidia/cu13/bin/../include/bits/types/__locale_t.h", O_RDONLY|O_NOCTTY) = -1 ENOENT (No such file or directory)
2166797 openat(AT_FDCWD</home/riomus/runs/sfora-standalone-gpu-sha-build-source-v1>, "/usr/include/c++/13/bits/types/__locale_t.h", O_RDONLY|O_NOCTTY) = -1 ENOENT (No such file or directory)
2166797 openat(AT_FDCWD</home/riomus/runs/sfora-standalone-gpu-sha-build-source-v1>, "/usr/include/aarch64-linux-gnu/c++/13/bits/types/__locale_t.h", O_RDONLY|O_NOCTTY) = -1 ENOENT (No such file or directory)
2166797 openat(AT_FDCWD</home/riomus/runs/sfora-standalone-gpu-sha-build-source-v1>, "/usr/include/c++/13/backward/bits/types/__locale_t.h", O_RDONLY|O_NOCTTY) = -1 ENOENT (No such file or directory)
2166797 openat(AT_FDCWD</home/riomus/runs/sfora-standalone-gpu-sha-build-source-v1>, "/usr/lib/gcc/aarch64-linux-gnu/13/include/bits/types/__locale_t.h", O_RDONLY|O_NOCTTY) = -1 ENOENT (No such file or directory)
2166797 openat(AT_FDCWD</home/riomus/runs/sfora-standalone-gpu-sha-build-source-v1>, "/usr/local/include/bits/types/__locale_t.h", O_RDONLY|O_NOCTTY) = -1 ENOENT (No such file or directory)
2166797 openat(AT_FDCWD</home/riomus/runs/sfora-standalone-gpu-sha-build-source-v1>, "/usr/include/aarch64-linux-gnu/bits/types/__locale_t.h", O_RDONLY|O_NOCTTY) = 4</usr/include/aarch64-linux-gnu/bits/types/__locale_t.h>
2166797 openat(AT_FDCWD</home/riomus/runs/sfora-standalone-gpu-sha-build-source-v1>, "/home/riomus/toolchains/cuda-13.4-wheel-env/lib/python3.12/site-packages/nvidia/cu13/bin/../include/driver_types.h", O_RDONLY|O_NOCTTY) = 4</home/riomus/toolchains/cuda-13.4-wheel-env/lib/python3.12/site-packages/nvidia/cu13/include/driver_types.h>
2166797 openat(AT_FDCWD</home/riomus/runs/sfora-standalone-gpu-sha-build-source-v1>, "/home/riomus/toolchains/cuda-13.4-wheel-env/lib/python3.12/site-packages/nvidia/cu13/bin/../include/crt/host_defines.h", O_RDONLY|O_NOCTTY) = 4</home/riomus/toolchains/cuda-13.4-wheel-env/lib/python3.12/site-packages/nvidia/cu13/include/crt/host_defines.h>
2166797 openat(AT_FDCWD</home/riomus/runs/sfora-standalone-gpu-sha-build-source-v1>, "/home/riomus/toolchains/cuda-13.4-wheel-env/lib/python3.12/site-packages/nvidia/cu13/bin/../include/vector_types.h", O_RDONLY|O_NOCTTY) = 4</home/riomus/toolchains/cuda-13.4-wheel-env/lib/python3.12/site-packages/nvidia/cu13/include/vector_types.h>
2166797 openat(AT_FDCWD</home/riomus/runs/sfora-standalone-gpu-sha-build-source-v1>, "/home/riomus/toolchains/cuda-13.4-wheel-env/lib/python3.12/site-packages/nvidia/cu13/bin/../include/crt/host_defines.h", O_RDONLY|O_NOCTTY) = 4</home/riomus/toolchains/cuda-13.4-wheel-env/lib/python3.12/site-packages/nvidia/cu13/include/crt/host_defines.h>
2166797 openat(AT_FDCWD</home/riomus/runs/sfora-standalone-gpu-sha-build-source-v1>, "/home/riomus/toolchains/cuda-13.4-wheel-env/lib/python3.12/site-packages/nvidia/cu13/bin/../include/limits.h", O_RDONLY|O_NOCTTY) = -1 ENOENT (No such file or directory)
2166797 openat(AT_FDCWD</home/riomus/runs/sfora-standalone-gpu-sha-build-source-v1>, "/usr/include/c++/13/limits.h", O_RDONLY|O_NOCTTY) = -1 ENOENT (No such file or directory)
2166797 openat(AT_FDCWD</home/riomus/runs/sfora-standalone-gpu-sha-build-source-v1>, "/usr/include/aarch64-linux-gnu/c++/13/limits.h", O_RDONLY|O_NOCTTY) = -1 ENOENT (No such file or directory)
2166797 openat(AT_FDCWD</home/riomus/runs/sfora-standalone-gpu-sha-build-source-v1>, "/usr/include/c++/13/backward/limits.h", O_RDONLY|O_NOCTTY) = -1 ENOENT (No such file or directory)
2166797 openat(AT_FDCWD</home/riomus/runs/sfora-standalone-gpu-sha-build-source-v1>, "/usr/lib/gcc/aarch64-linux-gnu/13/include/limits.h", O_RDONLY|O_NOCTTY) = 4</usr/lib/gcc/aarch64-linux-gnu/13/include/limits.h>
2166797 openat(AT_FDCWD</home/riomus/runs/sfora-standalone-gpu-sha-build-source-v1>, "/usr/lib/gcc/aarch64-linux-gnu/13/include/syslimits.h", O_RDONLY|O_NOCTTY) = 4</usr/lib/gcc/aarch64-linux-gnu/13/include/syslimits.h>
2166797 openat(AT_FDCWD</home/riomus/runs/sfora-standalone-gpu-sha-build-source-v1>, "/usr/lib/gcc/aarch64-linux-gnu/13/include/limits.h", O_RDONLY|O_NOCTTY) = 4</usr/lib/gcc/aarch64-linux-gnu/13/include/limits.h>
2166797 openat(AT_FDCWD</home/riomus/runs/sfora-standalone-gpu-sha-build-source-v1>, "/usr/local/include/limits.h", O_RDONLY|O_NOCTTY) = -1 ENOENT (No such file or directory)
2166797 openat(AT_FDCWD</home/riomus/runs/sfora-standalone-gpu-sha-build-source-v1>, "/usr/include/aarch64-linux-gnu/limits.h", O_RDONLY|O_NOCTTY) = -1 ENOENT (No such file or directory)
2166797 openat(AT_FDCWD</home/riomus/runs/sfora-standalone-gpu-sha-build-source-v1>, "/usr/include/limits.h", O_RDONLY|O_NOCTTY) = 4</usr/include/limits.h>
2166797 openat(AT_FDCWD</home/riomus/runs/sfora-standalone-gpu-sha-build-source-v1>, "/home/riomus/toolchains/cuda-13.4-wheel-env/lib/python3.12/site-packages/nvidia/cu13/bin/../include/bits/libc-header-start.h", O_RDONLY|O_NOCTTY) = -1 ENOENT (No such file or directory)
2166797 openat(AT_FDCWD</home/riomus/runs/sfora-standalone-gpu-sha-build-source-v1>, "/usr/include/c++/13/bits/libc-header-start.h", O_RDONLY|O_NOCTTY) = -1 ENOENT (No such file or directory)
2166797 openat(AT_FDCWD</home/riomus/runs/sfora-standalone-gpu-sha-build-source-v1>, "/usr/include/aarch64-linux-gnu/c++/13/bits/libc-header-start.h", O_RDONLY|O_NOCTTY) = -1 ENOENT (No such file or directory)
2166797 openat(AT_FDCWD</home/riomus/runs/sfora-standalone-gpu-sha-build-source-v1>, "/usr/include/c++/13/backward/bits/libc-header-start.h", O_RDONLY|O_NOCTTY) = -1 ENOENT (No such file or directory)
2166797 openat(AT_FDCWD</home/riomus/runs/sfora-standalone-gpu-sha-build-source-v1>, "/usr/lib/gcc/aarch64-linux-gnu/13/include/bits/libc-header-start.h", O_RDONLY|O_NOCTTY) = -1 ENOENT (No such file or directory)
2166797 openat(AT_FDCWD</home/riomus/runs/sfora-standalone-gpu-sha-build-source-v1>, "/usr/local/include/bits/libc-header-start.h", O_RDONLY|O_NOCTTY) = -1 ENOENT (No such file or directory)
2166797 openat(AT_FDCWD</home/riomus/runs/sfora-standalone-gpu-sha-build-source-v1>, "/usr/include/aarch64-linux-gnu/bits/libc-header-start.h", O_RDONLY|O_NOCTTY) = 4</usr/include/aarch64-linux-gnu/bits/libc-header-start.h>
2166797 openat(AT_FDCWD</home/riomus/runs/sfora-standalone-gpu-sha-build-source-v1>, "/home/riomus/toolchains/cuda-13.4-wheel-env/lib/python3.12/site-packages/nvidia/cu13/bin/../include/bits/posix1_lim.h", O_RDONLY|O_NOCTTY) = -1 ENOENT (No such file or directory)
2166797 openat(AT_FDCWD</home/riomus/runs/sfora-standalone-gpu-sha-build-source-v1>, "/usr/include/c++/13/bits/posix1_lim.h", O_RDONLY|O_NOCTTY) = -1 ENOENT (No such file or directory)
2166797 openat(AT_FDCWD</home/riomus/runs/sfora-standalone-gpu-sha-build-source-v1>, "/usr/include/aarch64-linux-gnu/c++/13/bits/posix1_lim.h", O_RDONLY|O_NOCTTY) = -1 ENOENT (No such file or directory)
2166797 openat(AT_FDCWD</home/riomus/runs/sfora-standalone-gpu-sha-build-source-v1>, "/usr/include/c++/13/backward/bits/posix1_lim.h", O_RDONLY|O_NOCTTY) = -1 ENOENT (No such file or directory)
2166797 openat(AT_FDCWD</home/riomus/runs/sfora-standalone-gpu-sha-build-source-v1>, "/usr/lib/gcc/aarch64-linux-gnu/13/include/bits/posix1_lim.h", O_RDONLY|O_NOCTTY) = -1 ENOENT (No such file or directory)
2166797 openat(AT_FDCWD</home/riomus/runs/sfora-standalone-gpu-sha-build-source-v1>, "/usr/local/include/bits/posix1_lim.h", O_RDONLY|O_NOCTTY) = -1 ENOENT (No such file or directory)
2166797 openat(AT_FDCWD</home/riomus/runs/sfora-standalone-gpu-sha-build-source-v1>, "/usr/include/aarch64-linux-gnu/bits/posix1_lim.h", O_RDONLY|O_NOCTTY) = 4</usr/include/aarch64-linux-gnu/bits/posix1_lim.h>
2166797 openat(AT_FDCWD</home/riomus/runs/sfora-standalone-gpu-sha-build-source-v1>, "/usr/include/aarch64-linux-gnu/bits/wordsize.h", O_RDONLY|O_NOCTTY) = 4</usr/include/aarch64-linux-gnu/bits/wordsize.h>
2166797 openat(AT_FDCWD</home/riomus/runs/sfora-standalone-gpu-sha-build-source-v1>, "/home/riomus/toolchains/cuda-13.4-wheel-env/lib/python3.12/site-packages/nvidia/cu13/bin/../include/bits/local_lim.h", O_RDONLY|O_NOCTTY) = -1 ENOENT (No such file or directory)
2166797 openat(AT_FDCWD</home/riomus/runs/sfora-standalone-gpu-sha-build-source-v1>, "/usr/include/c++/13/bits/local_lim.h", O_RDONLY|O_NOCTTY) = -1 ENOENT (No such file or directory)
2166797 openat(AT_FDCWD</home/riomus/runs/sfora-standalone-gpu-sha-build-source-v1>, "/usr/include/aarch64-linux-gnu/c++/13/bits/local_lim.h", O_RDONLY|O_NOCTTY) = -1 ENOENT (No such file or directory)
2166797 openat(AT_FDCWD</home/riomus/runs/sfora-standalone-gpu-sha-build-source-v1>, "/usr/include/c++/13/backward/bits/local_lim.h", O_RDONLY|O_NOCTTY) = -1 ENOENT (No such file or directory)
2166797 openat(AT_FDCWD</home/riomus/runs/sfora-standalone-gpu-sha-build-source-v1>, "/usr/lib/gcc/aarch64-linux-gnu/13/include/bits/local_lim.h", O_RDONLY|O_NOCTTY) = -1 ENOENT (No such file or directory)
2166797 openat(AT_FDCWD</home/riomus/runs/sfora-standalone-gpu-sha-build-source-v1>, "/usr/local/include/bits/local_lim.h", O_RDONLY|O_NOCTTY) = -1 ENOENT (No such file or directory)
2166797 openat(AT_FDCWD</home/riomus/runs/sfora-standalone-gpu-sha-build-source-v1>, "/usr/include/aarch64-linux-gnu/bits/local_lim.h", O_RDONLY|O_NOCTTY) = 4</usr/include/aarch64-linux-gnu/bits/local_lim.h>
2166797 openat(AT_FDCWD</home/riomus/runs/sfora-standalone-gpu-sha-build-source-v1>, "/home/riomus/toolchains/cuda-13.4-wheel-env/lib/python3.12/site-packages/nvidia/cu13/bin/../include/linux/limits.h", O_RDONLY|O_NOCTTY) = -1 ENOENT (No such file or directory)
2166797 openat(AT_FDCWD</home/riomus/runs/sfora-standalone-gpu-sha-build-source-v1>, "/usr/include/c++/13/linux/limits.h", O_RDONLY|O_NOCTTY) = -1 ENOENT (No such file or directory)
2166797 openat(AT_FDCWD</home/riomus/runs/sfora-standalone-gpu-sha-build-source-v1>, "/usr/include/aarch64-linux-gnu/c++/13/linux/limits.h", O_RDONLY|O_NOCTTY) = -1 ENOENT (No such file or directory)
2166797 openat(AT_FDCWD</home/riomus/runs/sfora-standalone-gpu-sha-build-source-v1>, "/usr/include/c++/13/backward/linux/limits.h", O_RDONLY|O_NOCTTY) = -1 ENOENT (No such file or directory)
2166797 openat(AT_FDCWD</home/riomus/runs/sfora-standalone-gpu-sha-build-source-v1>, "/usr/lib/gcc/aarch64-linux-gnu/13/include/linux/limits.h", O_RDONLY|O_NOCTTY) = -1 ENOENT (No such file or directory)
2166797 openat(AT_FDCWD</home/riomus/runs/sfora-standalone-gpu-sha-build-source-v1>, "/usr/local/include/linux/limits.h", O_RDONLY|O_NOCTTY) = -1 ENOENT (No such file or directory)
2166797 openat(AT_FDCWD</home/riomus/runs/sfora-standalone-gpu-sha-build-source-v1>, "/usr/include/aarch64-linux-gnu/linux/limits.h", O_RDONLY|O_NOCTTY) = -1 ENOENT (No such file or directory)
2166797 openat(AT_FDCWD</home/riomus/runs/sfora-standalone-gpu-sha-build-source-v1>, "/usr/include/linux/limits.h", O_RDONLY|O_NOCTTY) = 4</usr/include/linux/limits.h>
2166797 openat(AT_FDCWD</home/riomus/runs/sfora-standalone-gpu-sha-build-source-v1>, "/home/riomus/toolchains/cuda-13.4-wheel-env/lib/python3.12/site-packages/nvidia/cu13/bin/../include/bits/pthread_stack_min-dynamic.h", O_RDONLY|O_NOCTTY) = -1 ENOENT (No such file or directory)
2166797 openat(AT_FDCWD</home/riomus/runs/sfora-standalone-gpu-sha-build-source-v1>, "/usr/include/c++/13/bits/pthread_stack_min-dynamic.h", O_RDONLY|O_NOCTTY) = -1 ENOENT (No such file or directory)
2166797 openat(AT_FDCWD</home/riomus/runs/sfora-standalone-gpu-sha-build-source-v1>, "/usr/include/aarch64-linux-gnu/c++/13/bits/pthread_stack_min-dynamic.h", O_RDONLY|O_NOCTTY) = -1 ENOENT (No such file or directory)
2166797 openat(AT_FDCWD</home/riomus/runs/sfora-standalone-gpu-sha-build-source-v1>, "/usr/include/c++/13/backward/bits/pthread_stack_min-dynamic.h", O_RDONLY|O_NOCTTY) = -1 ENOENT (No such file or directory)
2166797 openat(AT_FDCWD</home/riomus/runs/sfora-standalone-gpu-sha-build-source-v1>, "/usr/lib/gcc/aarch64-linux-gnu/13/include/bits/pthread_stack_min-dynamic.h", O_RDONLY|O_NOCTTY) = -1 ENOENT (No such file or directory)
2166797 openat(AT_FDCWD</home/riomus/runs/sfora-standalone-gpu-sha-build-source-v1>, "/usr/local/include/bits/pthread_stack_min-dynamic.h", O_RDONLY|O_NOCTTY) = -1 ENOENT (No such file or directory)
2166797 openat(AT_FDCWD</home/riomus/runs/sfora-standalone-gpu-sha-build-source-v1>, "/usr/include/aarch64-linux-gnu/bits/pthread_stack_min-dynamic.h", O_RDONLY|O_NOCTTY) = 4</usr/include/aarch64-linux-gnu/bits/pthread_stack_min-dynamic.h>
2166797 openat(AT_FDCWD</home/riomus/runs/sfora-standalone-gpu-sha-build-source-v1>, "/home/riomus/toolchains/cuda-13.4-wheel-env/lib/python3.12/site-packages/nvidia/cu13/bin/../include/bits/posix2_lim.h", O_RDONLY|O_NOCTTY) = -1 ENOENT (No such file or directory)
2166797 openat(AT_FDCWD</home/riomus/runs/sfora-standalone-gpu-sha-build-source-v1>, "/usr/include/c++/13/bits/posix2_lim.h", O_RDONLY|O_NOCTTY) = -1 ENOENT (No such file or directory)
2166797 openat(AT_FDCWD</home/riomus/runs/sfora-standalone-gpu-sha-build-source-v1>, "/usr/include/aarch64-linux-gnu/c++/13/bits/posix2_lim.h", O_RDONLY|O_NOCTTY) = -1 ENOENT (No such file or directory)
2166797 openat(AT_FDCWD</home/riomus/runs/sfora-standalone-gpu-sha-build-source-v1>, "/usr/include/c++/13/backward/bits/posix2_lim.h", O_RDONLY|O_NOCTTY) = -1 ENOENT (No such file or directory)
2166797 openat(AT_FDCWD</home/riomus/runs/sfora-standalone-gpu-sha-build-source-v1>, "/usr/lib/gcc/aarch64-linux-gnu/13/include/bits/posix2_lim.h", O_RDONLY|O_NOCTTY) = -1 ENOENT (No such file or directory)
2166797 openat(AT_FDCWD</home/riomus/runs/sfora-standalone-gpu-sha-build-source-v1>, "/usr/local/include/bits/posix2_lim.h", O_RDONLY|O_NOCTTY) = -1 ENOENT (No such file or directory)
2166797 openat(AT_FDCWD</home/riomus/runs/sfora-standalone-gpu-sha-build-source-v1>, "/usr/include/aarch64-linux-gnu/bits/posix2_lim.h", O_RDONLY|O_NOCTTY) = 4</usr/include/aarch64-linux-gnu/bits/posix2_lim.h>
2166797 openat(AT_FDCWD</home/riomus/runs/sfora-standalone-gpu-sha-build-source-v1>, "/home/riomus/toolchains/cuda-13.4-wheel-env/lib/python3.12/site-packages/nvidia/cu13/bin/../include/bits/xopen_lim.h", O_RDONLY|O_NOCTTY) = -1 ENOENT (No such file or directory)
2166797 openat(AT_FDCWD</home/riomus/runs/sfora-standalone-gpu-sha-build-source-v1>, "/usr/include/c++/13/bits/xopen_lim.h", O_RDONLY|O_NOCTTY) = -1 ENOENT (No such file or directory)
2166797 openat(AT_FDCWD</home/riomus/runs/sfora-standalone-gpu-sha-build-source-v1>, "/usr/include/aarch64-linux-gnu/c++/13/bits/xopen_lim.h", O_RDONLY|O_NOCTTY) = -1 ENOENT (No such file or directory)
2166797 openat(AT_FDCWD</home/riomus/runs/sfora-standalone-gpu-sha-build-source-v1>, "/usr/include/c++/13/backward/bits/xopen_lim.h", O_RDONLY|O_NOCTTY) = -1 ENOENT (No such file or directory)
2166797 openat(AT_FDCWD</home/riomus/runs/sfora-standalone-gpu-sha-build-source-v1>, "/usr/lib/gcc/aarch64-linux-gnu/13/include/bits/xopen_lim.h", O_RDONLY|O_NOCTTY) = -1 ENOENT (No such file or directory)
2166797 openat(AT_FDCWD</home/riomus/runs/sfora-standalone-gpu-sha-build-source-v1>, "/usr/local/include/bits/xopen_lim.h", O_RDONLY|O_NOCTTY) = -1 ENOENT (No such file or directory)
2166797 openat(AT_FDCWD</home/riomus/runs/sfora-standalone-gpu-sha-build-source-v1>, "/usr/include/aarch64-linux-gnu/bits/xopen_lim.h", O_RDONLY|O_NOCTTY) = 4</usr/include/aarch64-linux-gnu/bits/xopen_lim.h>
2166797 openat(AT_FDCWD</home/riomus/runs/sfora-standalone-gpu-sha-build-source-v1>, "/home/riomus/toolchains/cuda-13.4-wheel-env/lib/python3.12/site-packages/nvidia/cu13/bin/../include/bits/uio_lim.h", O_RDONLY|O_NOCTTY) = -1 ENOENT (No such file or directory)
2166797 openat(AT_FDCWD</home/riomus/runs/sfora-standalone-gpu-sha-build-source-v1>, "/usr/include/c++/13/bits/uio_lim.h", O_RDONLY|O_NOCTTY) = -1 ENOENT (No such file or directory)
2166797 openat(AT_FDCWD</home/riomus/runs/sfora-standalone-gpu-sha-build-source-v1>, "/usr/include/aarch64-linux-gnu/c++/13/bits/uio_lim.h", O_RDONLY|O_NOCTTY) = -1 ENOENT (No such file or directory)
2166797 openat(AT_FDCWD</home/riomus/runs/sfora-standalone-gpu-sha-build-source-v1>, "/usr/include/c++/13/backward/bits/uio_lim.h", O_RDONLY|O_NOCTTY) = -1 ENOENT (No such file or directory)
2166797 openat(AT_FDCWD</home/riomus/runs/sfora-standalone-gpu-sha-build-source-v1>, "/usr/lib/gcc/aarch64-linux-gnu/13/include/bits/uio_lim.h", O_RDONLY|O_NOCTTY) = -1 ENOENT (No such file or directory)
2166797 openat(AT_FDCWD</home/riomus/runs/sfora-standalone-gpu-sha-build-source-v1>, "/usr/local/include/bits/uio_lim.h", O_RDONLY|O_NOCTTY) = -1 ENOENT (No such file or directory)
2166797 openat(AT_FDCWD</home/riomus/runs/sfora-standalone-gpu-sha-build-source-v1>, "/usr/include/aarch64-linux-gnu/bits/uio_lim.h", O_RDONLY|O_NOCTTY) = 4</usr/include/aarch64-linux-gnu/bits/uio_lim.h>
2166797 openat(AT_FDCWD</home/riomus/runs/sfora-standalone-gpu-sha-build-source-v1>, "/home/riomus/toolchains/cuda-13.4-wheel-env/lib/python3.12/site-packages/nvidia/cu13/bin/../include/stddef.h", O_RDONLY|O_NOCTTY) = -1 ENOENT (No such file or directory)
2166797 openat(AT_FDCWD</home/riomus/runs/sfora-standalone-gpu-sha-build-source-v1>, "/usr/include/c++/13/stddef.h", O_RDONLY|O_NOCTTY) = -1 ENOENT (No such file or directory)
2166797 openat(AT_FDCWD</home/riomus/runs/sfora-standalone-gpu-sha-build-source-v1>, "/usr/include/aarch64-linux-gnu/c++/13/stddef.h", O_RDONLY|O_NOCTTY) = -1 ENOENT (No such file or directory)
2166797 openat(AT_FDCWD</home/riomus/runs/sfora-standalone-gpu-sha-build-source-v1>, "/usr/include/c++/13/backward/stddef.h", O_RDONLY|O_NOCTTY) = -1 ENOENT (No such file or directory)
2166797 openat(AT_FDCWD</home/riomus/runs/sfora-standalone-gpu-sha-build-source-v1>, "/usr/lib/gcc/aarch64-linux-gnu/13/include/stddef.h", O_RDONLY|O_NOCTTY) = 4</usr/lib/gcc/aarch64-linux-gnu/13/include/stddef.h>
2166797 openat(AT_FDCWD</home/riomus/runs/sfora-standalone-gpu-sha-build-source-v1>, "/home/riomus/toolchains/cuda-13.4-wheel-env/lib/python3.12/site-packages/nvidia/cu13/bin/../include/surface_types.h", O_RDONLY|O_NOCTTY) = 4</home/riomus/toolchains/cuda-13.4-wheel-env/lib/python3.12/site-packages/nvidia/cu13/include/surface_types.h>
2166797 openat(AT_FDCWD</home/riomus/runs/sfora-standalone-gpu-sha-build-source-v1>, "/home/riomus/toolchains/cuda-13.4-wheel-env/lib/python3.12/site-packages/nvidia/cu13/bin/../include/texture_types.h", O_RDONLY|O_NOCTTY) = 4</home/riomus/toolchains/cuda-13.4-wheel-env/lib/python3.12/site-packages/nvidia/cu13/include/texture_types.h>
2166797 openat(AT_FDCWD</home/riomus/runs/sfora-standalone-gpu-sha-build-source-v1>, "/home/riomus/toolchains/cuda-13.4-wheel-env/lib/python3.12/site-packages/nvidia/cu13/bin/../include/library_types.h", O_RDONLY|O_NOCTTY) = 4</home/riomus/toolchains/cuda-13.4-wheel-env/lib/python3.12/site-packages/nvidia/cu13/include/library_types.h>
2166797 openat(AT_FDCWD</home/riomus/runs/sfora-standalone-gpu-sha-build-source-v1>, "/home/riomus/toolchains/cuda-13.4-wheel-env/lib/python3.12/site-packages/nvidia/cu13/bin/../include/channel_descriptor.h", O_RDONLY|O_NOCTTY) = 4</home/riomus/toolchains/cuda-13.4-wheel-env/lib/python3.12/site-packages/nvidia/cu13/include/channel_descriptor.h>
2166797 openat(AT_FDCWD</home/riomus/runs/sfora-standalone-gpu-sha-build-source-v1>, "/home/riomus/toolchains/cuda-13.4-wheel-env/lib/python3.12/site-packages/nvidia/cu13/bin/../include/cuda_runtime_api.h", O_RDONLY|O_NOCTTY) = 4</home/riomus/toolchains/cuda-13.4-wheel-env/lib/python3.12/site-packages/nvidia/cu13/include/cuda_runtime_api.h>
2166797 openat(AT_FDCWD</home/riomus/runs/sfora-standalone-gpu-sha-build-source-v1>, "/home/riomus/toolchains/cuda-13.4-wheel-env/lib/python3.12/site-packages/nvidia/cu13/bin/../include/crt/host_defines.h", O_RDONLY|O_NOCTTY) = 4</home/riomus/toolchains/cuda-13.4-wheel-env/lib/python3.12/site-packages/nvidia/cu13/include/crt/host_defines.h>
2166797 openat(AT_FDCWD</home/riomus/runs/sfora-standalone-gpu-sha-build-source-v1>, "/home/riomus/toolchains/cuda-13.4-wheel-env/lib/python3.12/site-packages/nvidia/cu13/bin/../include/builtin_types.h", O_RDONLY|O_NOCTTY) = 4</home/riomus/toolchains/cuda-13.4-wheel-env/lib/python3.12/site-packages/nvidia/cu13/include/builtin_types.h>
2166797 openat(AT_FDCWD</home/riomus/runs/sfora-standalone-gpu-sha-build-source-v1>, "/home/riomus/toolchains/cuda-13.4-wheel-env/lib/python3.12/site-packages/nvidia/cu13/bin/../include/cuda_device_runtime_api.h", O_RDONLY|O_NOCTTY) = 4</home/riomus/toolchains/cuda-13.4-wheel-env/lib/python3.12/site-packages/nvidia/cu13/include/cuda_device_runtime_api.h>
2166797 openat(AT_FDCWD</home/riomus/runs/sfora-standalone-gpu-sha-build-source-v1>, "/home/riomus/toolchains/cuda-13.4-wheel-env/lib/python3.12/site-packages/nvidia/cu13/bin/../include/stdlib.h", O_RDONLY|O_NOCTTY) = -1 ENOENT (No such file or directory)
2166797 openat(AT_FDCWD</home/riomus/runs/sfora-standalone-gpu-sha-build-source-v1>, "/usr/include/c++/13/stdlib.h", O_RDONLY|O_NOCTTY) = 4</usr/include/c++/13/stdlib.h>
2166797 openat(AT_FDCWD</home/riomus/runs/sfora-standalone-gpu-sha-build-source-v1>, "/home/riomus/toolchains/cuda-13.4-wheel-env/lib/python3.12/site-packages/nvidia/cu13/bin/../include/cstdlib", O_RDONLY|O_NOCTTY) = -1 ENOENT (No such file or directory)
2166797 openat(AT_FDCWD</home/riomus/runs/sfora-standalone-gpu-sha-build-source-v1>, "/usr/include/c++/13/cstdlib", O_RDONLY|O_NOCTTY) = 4</usr/include/c++/13/cstdlib>
2166797 openat(AT_FDCWD</home/riomus/runs/sfora-standalone-gpu-sha-build-source-v1>, "/home/riomus/toolchains/cuda-13.4-wheel-env/lib/python3.12/site-packages/nvidia/cu13/bin/../include/bits/c++config.h", O_RDONLY|O_NOCTTY) = -1 ENOENT (No such file or directory)
2166797 openat(AT_FDCWD</home/riomus/runs/sfora-standalone-gpu-sha-build-source-v1>, "/usr/include/c++/13/bits/c++config.h", O_RDONLY|O_NOCTTY) = -1 ENOENT (No such file or directory)
2166797 openat(AT_FDCWD</home/riomus/runs/sfora-standalone-gpu-sha-build-source-v1>, "/usr/include/aarch64-linux-gnu/c++/13/bits/c++config.h", O_RDONLY|O_NOCTTY) = 4</usr/include/aarch64-linux-gnu/c++/13/bits/c++config.h>
2166797 openat(AT_FDCWD</home/riomus/runs/sfora-standalone-gpu-sha-build-source-v1>, "/home/riomus/toolchains/cuda-13.4-wheel-env/lib/python3.12/site-packages/nvidia/cu13/bin/../include/bits/os_defines.h", O_RDONLY|O_NOCTTY) = -1 ENOENT (No such file or directory)
2166797 openat(AT_FDCWD</home/riomus/runs/sfora-standalone-gpu-sha-build-source-v1>, "/usr/include/c++/13/bits/os_defines.h", O_RDONLY|O_NOCTTY) = -1 ENOENT (No such file or directory)
2166797 openat(AT_FDCWD</home/riomus/runs/sfora-standalone-gpu-sha-build-source-v1>, "/usr/include/aarch64-linux-gnu/c++/13/bits/os_defines.h", O_RDONLY|O_NOCTTY) = 4</usr/include/aarch64-linux-gnu/c++/13/bits/os_defines.h>
2166797 openat(AT_FDCWD</home/riomus/runs/sfora-standalone-gpu-sha-build-source-v1>, "/home/riomus/toolchains/cuda-13.4-wheel-env/lib/python3.12/site-packages/nvidia/cu13/bin/../include/bits/cpu_defines.h", O_RDONLY|O_NOCTTY) = -1 ENOENT (No such file or directory)
2166797 openat(AT_FDCWD</home/riomus/runs/sfora-standalone-gpu-sha-build-source-v1>, "/usr/include/c++/13/bits/cpu_defines.h", O_RDONLY|O_NOCTTY) = -1 ENOENT (No such file or directory)
2166797 openat(AT_FDCWD</home/riomus/runs/sfora-standalone-gpu-sha-build-source-v1>, "/usr/include/aarch64-linux-gnu/c++/13/bits/cpu_defines.h", O_RDONLY|O_NOCTTY) = 4</usr/include/aarch64-linux-gnu/c++/13/bits/cpu_defines.h>
2166797 openat(AT_FDCWD</home/riomus/runs/sfora-standalone-gpu-sha-build-source-v1>, "/home/riomus/toolchains/cuda-13.4-wheel-env/lib/python3.12/site-packages/nvidia/cu13/bin/../include/pstl/pstl_config.h", O_RDONLY|O_NOCTTY) = -1 ENOENT (No such file or directory)
2166797 openat(AT_FDCWD</home/riomus/runs/sfora-standalone-gpu-sha-build-source-v1>, "/usr/include/c++/13/pstl/pstl_config.h", O_RDONLY|O_NOCTTY) = 4</usr/include/c++/13/pstl/pstl_config.h>
2166797 openat(AT_FDCWD</home/riomus/runs/sfora-standalone-gpu-sha-build-source-v1>, "/home/riomus/toolchains/cuda-13.4-wheel-env/lib/python3.12/site-packages/nvidia/cu13/bin/../include/tbb/tbb.h", O_RDONLY|O_NOCTTY) = -1 ENOENT (No such file or directory)
2166797 openat(AT_FDCWD</home/riomus/runs/sfora-standalone-gpu-sha-build-source-v1>, "/usr/include/c++/13/tbb/tbb.h", O_RDONLY|O_NOCTTY) = -1 ENOENT (No such file or directory)
2166797 openat(AT_FDCWD</home/riomus/runs/sfora-standalone-gpu-sha-build-source-v1>, "/usr/include/aarch64-linux-gnu/c++/13/tbb/tbb.h", O_RDONLY|O_NOCTTY) = -1 ENOENT (No such file or directory)
2166797 openat(AT_FDCWD</home/riomus/runs/sfora-standalone-gpu-sha-build-source-v1>, "/usr/include/c++/13/backward/tbb/tbb.h", O_RDONLY|O_NOCTTY) = -1 ENOENT (No such file or directory)
2166797 openat(AT_FDCWD</home/riomus/runs/sfora-standalone-gpu-sha-build-source-v1>, "/usr/lib/gcc/aarch64-linux-gnu/13/include/tbb/tbb.h", O_RDONLY|O_NOCTTY) = -1 ENOENT (No such file or directory)
2166797 openat(AT_FDCWD</home/riomus/runs/sfora-standalone-gpu-sha-build-source-v1>, "/usr/local/include/tbb/tbb.h", O_RDONLY|O_NOCTTY) = -1 ENOENT (No such file or directory)
2166797 openat(AT_FDCWD</home/riomus/runs/sfora-standalone-gpu-sha-build-source-v1>, "/usr/include/aarch64-linux-gnu/tbb/tbb.h", O_RDONLY|O_NOCTTY) = -1 ENOENT (No such file or directory)
2166797 openat(AT_FDCWD</home/riomus/runs/sfora-standalone-gpu-sha-build-source-v1>, "/usr/include/tbb/tbb.h", O_RDONLY|O_NOCTTY) = -1 ENOENT (No such file or directory)
2166797 openat(AT_FDCWD</home/riomus/runs/sfora-standalone-gpu-sha-build-source-v1>, "/usr/include/aarch64-linux-gnu/c++/13/stdlib.h", O_RDONLY|O_NOCTTY) = -1 ENOENT (No such file or directory)
2166797 openat(AT_FDCWD</home/riomus/runs/sfora-standalone-gpu-sha-build-source-v1>, "/usr/include/c++/13/backward/stdlib.h", O_RDONLY|O_NOCTTY) = -1 ENOENT (No such file or directory)
2166797 openat(AT_FDCWD</home/riomus/runs/sfora-standalone-gpu-sha-build-source-v1>, "/usr/lib/gcc/aarch64-linux-gnu/13/include/stdlib.h", O_RDONLY|O_NOCTTY) = -1 ENOENT (No such file or directory)
2166797 openat(AT_FDCWD</home/riomus/runs/sfora-standalone-gpu-sha-build-source-v1>, "/usr/local/include/stdlib.h", O_RDONLY|O_NOCTTY) = -1 ENOENT (No such file or directory)
2166797 openat(AT_FDCWD</home/riomus/runs/sfora-standalone-gpu-sha-build-source-v1>, "/usr/include/aarch64-linux-gnu/stdlib.h", O_RDONLY|O_NOCTTY) = -1 ENOENT (No such file or directory)
2166797 openat(AT_FDCWD</home/riomus/runs/sfora-standalone-gpu-sha-build-source-v1>, "/usr/include/stdlib.h", O_RDONLY|O_NOCTTY) = 4</usr/include/stdlib.h>
2166797 openat(AT_FDCWD</home/riomus/runs/sfora-standalone-gpu-sha-build-source-v1>, "/usr/include/aarch64-linux-gnu/bits/libc-header-start.h", O_RDONLY|O_NOCTTY) = 4</usr/include/aarch64-linux-gnu/bits/libc-header-start.h>
2166797 openat(AT_FDCWD</home/riomus/runs/sfora-standalone-gpu-sha-build-source-v1>, "/usr/lib/gcc/aarch64-linux-gnu/13/include/stddef.h", O_RDONLY|O_NOCTTY) = 4</usr/lib/gcc/aarch64-linux-gnu/13/include/stddef.h>
2166797 openat(AT_FDCWD</home/riomus/runs/sfora-standalone-gpu-sha-build-source-v1>, "/home/riomus/toolchains/cuda-13.4-wheel-env/lib/python3.12/site-packages/nvidia/cu13/bin/../include/bits/waitflags.h", O_RDONLY|O_NOCTTY) = -1 ENOENT (No such file or directory)
2166797 openat(AT_FDCWD</home/riomus/runs/sfora-standalone-gpu-sha-build-source-v1>, "/usr/include/c++/13/bits/waitflags.h", O_RDONLY|O_NOCTTY) = -1 ENOENT (No such file or directory)
2166797 openat(AT_FDCWD</home/riomus/runs/sfora-standalone-gpu-sha-build-source-v1>, "/usr/include/aarch64-linux-gnu/c++/13/bits/waitflags.h", O_RDONLY|O_NOCTTY) = -1 ENOENT (No such file or directory)
2166797 openat(AT_FDCWD</home/riomus/runs/sfora-standalone-gpu-sha-build-source-v1>, "/usr/include/c++/13/backward/bits/waitflags.h", O_RDONLY|O_NOCTTY) = -1 ENOENT (No such file or directory)
2166797 openat(AT_FDCWD</home/riomus/runs/sfora-standalone-gpu-sha-build-source-v1>, "/usr/lib/gcc/aarch64-linux-gnu/13/include/bits/waitflags.h", O_RDONLY|O_NOCTTY) = -1 ENOENT (No such file or directory)
2166797 openat(AT_FDCWD</home/riomus/runs/sfora-standalone-gpu-sha-build-source-v1>, "/usr/local/include/bits/waitflags.h", O_RDONLY|O_NOCTTY) = -1 ENOENT (No such file or directory)
2166797 openat(AT_FDCWD</home/riomus/runs/sfora-standalone-gpu-sha-build-source-v1>, "/usr/include/aarch64-linux-gnu/bits/waitflags.h", O_RDONLY|O_NOCTTY) = 4</usr/include/aarch64-linux-gnu/bits/waitflags.h>
2166797 openat(AT_FDCWD</home/riomus/runs/sfora-standalone-gpu-sha-build-source-v1>, "/home/riomus/toolchains/cuda-13.4-wheel-env/lib/python3.12/site-packages/nvidia/cu13/bin/../include/bits/waitstatus.h", O_RDONLY|O_NOCTTY) = -1 ENOENT (No such file or directory)
2166797 openat(AT_FDCWD</home/riomus/runs/sfora-standalone-gpu-sha-build-source-v1>, "/usr/include/c++/13/bits/waitstatus.h", O_RDONLY|O_NOCTTY) = -1 ENOENT (No such file or directory)
2166797 openat(AT_FDCWD</home/riomus/runs/sfora-standalone-gpu-sha-build-source-v1>, "/usr/include/aarch64-linux-gnu/c++/13/bits/waitstatus.h", O_RDONLY|O_NOCTTY) = -1 ENOENT (No such file or directory)
2166797 openat(AT_FDCWD</home/riomus/runs/sfora-standalone-gpu-sha-build-source-v1>, "/usr/include/c++/13/backward/bits/waitstatus.h", O_RDONLY|O_NOCTTY) = -1 ENOENT (No such file or directory)
2166797 openat(AT_FDCWD</home/riomus/runs/sfora-standalone-gpu-sha-build-source-v1>, "/usr/lib/gcc/aarch64-linux-gnu/13/include/bits/waitstatus.h", O_RDONLY|O_NOCTTY) = -1 ENOENT (No such file or directory)
2166797 openat(AT_FDCWD</home/riomus/runs/sfora-standalone-gpu-sha-build-source-v1>, "/usr/local/include/bits/waitstatus.h", O_RDONLY|O_NOCTTY) = -1 ENOENT (No such file or directory)
2166797 openat(AT_FDCWD</home/riomus/runs/sfora-standalone-gpu-sha-build-source-v1>, "/usr/include/aarch64-linux-gnu/bits/waitstatus.h", O_RDONLY|O_NOCTTY) = 4</usr/include/aarch64-linux-gnu/bits/waitstatus.h>
2166797 openat(AT_FDCWD</home/riomus/runs/sfora-standalone-gpu-sha-build-source-v1>, "/home/riomus/toolchains/cuda-13.4-wheel-env/lib/python3.12/site-packages/nvidia/cu13/bin/../include/bits/floatn.h", O_RDONLY|O_NOCTTY) = -1 ENOENT (No such file or directory)
2166797 openat(AT_FDCWD</home/riomus/runs/sfora-standalone-gpu-sha-build-source-v1>, "/usr/include/c++/13/bits/floatn.h", O_RDONLY|O_NOCTTY) = -1 ENOENT (No such file or directory)
2166797 openat(AT_FDCWD</home/riomus/runs/sfora-standalone-gpu-sha-build-source-v1>, "/usr/include/aarch64-linux-gnu/c++/13/bits/floatn.h", O_RDONLY|O_NOCTTY) = -1 ENOENT (No such file or directory)
2166797 openat(AT_FDCWD</home/riomus/runs/sfora-standalone-gpu-sha-build-source-v1>, "/usr/include/c++/13/backward/bits/floatn.h", O_RDONLY|O_NOCTTY) = -1 ENOENT (No such file or directory)
2166797 openat(AT_FDCWD</home/riomus/runs/sfora-standalone-gpu-sha-build-source-v1>, "/usr/lib/gcc/aarch64-linux-gnu/13/include/bits/floatn.h", O_RDONLY|O_NOCTTY) = -1 ENOENT (No such file or directory)
2166797 openat(AT_FDCWD</home/riomus/runs/sfora-standalone-gpu-sha-build-source-v1>, "/usr/local/include/bits/floatn.h", O_RDONLY|O_NOCTTY) = -1 ENOENT (No such file or directory)
2166797 openat(AT_FDCWD</home/riomus/runs/sfora-standalone-gpu-sha-build-source-v1>, "/usr/include/aarch64-linux-gnu/bits/floatn.h", O_RDONLY|O_NOCTTY) = 4</usr/include/aarch64-linux-gnu/bits/floatn.h>
2166797 openat(AT_FDCWD</home/riomus/runs/sfora-standalone-gpu-sha-build-source-v1>, "/usr/include/aarch64-linux-gnu/bits/long-double.h", O_RDONLY|O_NOCTTY) = 4</usr/include/aarch64-linux-gnu/bits/long-double.h>
2166797 openat(AT_FDCWD</home/riomus/runs/sfora-standalone-gpu-sha-build-source-v1>, "/home/riomus/toolchains/cuda-13.4-wheel-env/lib/python3.12/site-packages/nvidia/cu13/bin/../include/bits/floatn-common.h", O_RDONLY|O_NOCTTY) = -1 ENOENT (No such file or directory)
2166797 openat(AT_FDCWD</home/riomus/runs/sfora-standalone-gpu-sha-build-source-v1>, "/usr/include/c++/13/bits/floatn-common.h", O_RDONLY|O_NOCTTY) = -1 ENOENT (No such file or directory)
2166797 openat(AT_FDCWD</home/riomus/runs/sfora-standalone-gpu-sha-build-source-v1>, "/usr/include/aarch64-linux-gnu/c++/13/bits/floatn-common.h", O_RDONLY|O_NOCTTY) = -1 ENOENT (No such file or directory)
2166797 openat(AT_FDCWD</home/riomus/runs/sfora-standalone-gpu-sha-build-source-v1>, "/usr/include/c++/13/backward/bits/floatn-common.h", O_RDONLY|O_NOCTTY) = -1 ENOENT (No such file or directory)
2166797 openat(AT_FDCWD</home/riomus/runs/sfora-standalone-gpu-sha-build-source-v1>, "/usr/lib/gcc/aarch64-linux-gnu/13/include/bits/floatn-common.h", O_RDONLY|O_NOCTTY) = -1 ENOENT (No such file or directory)
2166797 openat(AT_FDCWD</home/riomus/runs/sfora-standalone-gpu-sha-build-source-v1>, "/usr/local/include/bits/floatn-common.h", O_RDONLY|O_NOCTTY) = -1 ENOENT (No such file or directory)
2166797 openat(AT_FDCWD</home/riomus/runs/sfora-standalone-gpu-sha-build-source-v1>, "/usr/include/aarch64-linux-gnu/bits/floatn-common.h", O_RDONLY|O_NOCTTY) = 4</usr/include/aarch64-linux-gnu/bits/floatn-common.h>
2166797 openat(AT_FDCWD</home/riomus/runs/sfora-standalone-gpu-sha-build-source-v1>, "/usr/include/aarch64-linux-gnu/bits/long-double.h", O_RDONLY|O_NOCTTY) = 4</usr/include/aarch64-linux-gnu/bits/long-double.h>
2166797 openat(AT_FDCWD</home/riomus/runs/sfora-standalone-gpu-sha-build-source-v1>, "/home/riomus/toolchains/cuda-13.4-wheel-env/lib/python3.12/site-packages/nvidia/cu13/bin/../include/sys/types.h", O_RDONLY|O_NOCTTY) = -1 ENOENT (No such file or directory)
2166797 openat(AT_FDCWD</home/riomus/runs/sfora-standalone-gpu-sha-build-source-v1>, "/usr/include/c++/13/sys/types.h", O_RDONLY|O_NOCTTY) = -1 ENOENT (No such file or directory)
2166797 openat(AT_FDCWD</home/riomus/runs/sfora-standalone-gpu-sha-build-source-v1>, "/usr/include/aarch64-linux-gnu/c++/13/sys/types.h", O_RDONLY|O_NOCTTY) = -1 ENOENT (No such file or directory)
2166797 openat(AT_FDCWD</home/riomus/runs/sfora-standalone-gpu-sha-build-source-v1>, "/usr/include/c++/13/backward/sys/types.h", O_RDONLY|O_NOCTTY) = -1 ENOENT (No such file or directory)
2166797 openat(AT_FDCWD</home/riomus/runs/sfora-standalone-gpu-sha-build-source-v1>, "/usr/lib/gcc/aarch64-linux-gnu/13/include/sys/types.h", O_RDONLY|O_NOCTTY) = -1 ENOENT (No such file or directory)
2166797 openat(AT_FDCWD</home/riomus/runs/sfora-standalone-gpu-sha-build-source-v1>, "/usr/local/include/sys/types.h", O_RDONLY|O_NOCTTY) = -1 ENOENT (No such file or directory)
2166797 openat(AT_FDCWD</home/riomus/runs/sfora-standalone-gpu-sha-build-source-v1>, "/usr/include/aarch64-linux-gnu/sys/types.h", O_RDONLY|O_NOCTTY) = 4</usr/include/aarch64-linux-gnu/sys/types.h>
2166797 openat(AT_FDCWD</home/riomus/runs/sfora-standalone-gpu-sha-build-source-v1>, "/home/riomus/toolchains/cuda-13.4-wheel-env/lib/python3.12/site-packages/nvidia/cu13/bin/../include/bits/types/clock_t.h", O_RDONLY|O_NOCTTY) = -1 ENOENT (No such file or directory)
2166797 openat(AT_FDCWD</home/riomus/runs/sfora-standalone-gpu-sha-build-source-v1>, "/usr/include/c++/13/bits/types/clock_t.h", O_RDONLY|O_NOCTTY) = -1 ENOENT (No such file or directory)
2166797 openat(AT_FDCWD</home/riomus/runs/sfora-standalone-gpu-sha-build-source-v1>, "/usr/include/aarch64-linux-gnu/c++/13/bits/types/clock_t.h", O_RDONLY|O_NOCTTY) = -1 ENOENT (No such file or directory)
2166797 openat(AT_FDCWD</home/riomus/runs/sfora-standalone-gpu-sha-build-source-v1>, "/usr/include/c++/13/backward/bits/types/clock_t.h", O_RDONLY|O_NOCTTY) = -1 ENOENT (No such file or directory)
2166797 openat(AT_FDCWD</home/riomus/runs/sfora-standalone-gpu-sha-build-source-v1>, "/usr/lib/gcc/aarch64-linux-gnu/13/include/bits/types/clock_t.h", O_RDONLY|O_NOCTTY) = -1 ENOENT (No such file or directory)
2166797 openat(AT_FDCWD</home/riomus/runs/sfora-standalone-gpu-sha-build-source-v1>, "/usr/local/include/bits/types/clock_t.h", O_RDONLY|O_NOCTTY) = -1 ENOENT (No such file or directory)
2166797 openat(AT_FDCWD</home/riomus/runs/sfora-standalone-gpu-sha-build-source-v1>, "/usr/include/aarch64-linux-gnu/bits/types/clock_t.h", O_RDONLY|O_NOCTTY) = 4</usr/include/aarch64-linux-gnu/bits/types/clock_t.h>
2166797 openat(AT_FDCWD</home/riomus/runs/sfora-standalone-gpu-sha-build-source-v1>, "/home/riomus/toolchains/cuda-13.4-wheel-env/lib/python3.12/site-packages/nvidia/cu13/bin/../include/bits/types/clockid_t.h", O_RDONLY|O_NOCTTY) = -1 ENOENT (No such file or directory)
2166797 openat(AT_FDCWD</home/riomus/runs/sfora-standalone-gpu-sha-build-source-v1>, "/usr/include/c++/13/bits/types/clockid_t.h", O_RDONLY|O_NOCTTY) = -1 ENOENT (No such file or directory)
2166797 openat(AT_FDCWD</home/riomus/runs/sfora-standalone-gpu-sha-build-source-v1>, "/usr/include/aarch64-linux-gnu/c++/13/bits/types/clockid_t.h", O_RDONLY|O_NOCTTY) = -1 ENOENT (No such file or directory)
2166797 openat(AT_FDCWD</home/riomus/runs/sfora-standalone-gpu-sha-build-source-v1>, "/usr/include/c++/13/backward/bits/types/clockid_t.h", O_RDONLY|O_NOCTTY) = -1 ENOENT (No such file or directory)
2166797 openat(AT_FDCWD</home/riomus/runs/sfora-standalone-gpu-sha-build-source-v1>, "/usr/lib/gcc/aarch64-linux-gnu/13/include/bits/types/clockid_t.h", O_RDONLY|O_NOCTTY) = -1 ENOENT (No such file or directory)
2166797 openat(AT_FDCWD</home/riomus/runs/sfora-standalone-gpu-sha-build-source-v1>, "/usr/local/include/bits/types/clockid_t.h", O_RDONLY|O_NOCTTY) = -1 ENOENT (No such file or directory)
2166797 openat(AT_FDCWD</home/riomus/runs/sfora-standalone-gpu-sha-build-source-v1>, "/usr/include/aarch64-linux-gnu/bits/types/clockid_t.h", O_RDONLY|O_NOCTTY) = 4</usr/include/aarch64-linux-gnu/bits/types/clockid_t.h>
2166797 openat(AT_FDCWD</home/riomus/runs/sfora-standalone-gpu-sha-build-source-v1>, "/home/riomus/toolchains/cuda-13.4-wheel-env/lib/python3.12/site-packages/nvidia/cu13/bin/../include/bits/types/time_t.h", O_RDONLY|O_NOCTTY) = -1 ENOENT (No such file or directory)
2166797 openat(AT_FDCWD</home/riomus/runs/sfora-standalone-gpu-sha-build-source-v1>, "/usr/include/c++/13/bits/types/time_t.h", O_RDONLY|O_NOCTTY) = -1 ENOENT (No such file or directory)
2166797 openat(AT_FDCWD</home/riomus/runs/sfora-standalone-gpu-sha-build-source-v1>, "/usr/include/aarch64-linux-gnu/c++/13/bits/types/time_t.h", O_RDONLY|O_NOCTTY) = -1 ENOENT (No such file or directory)
2166797 openat(AT_FDCWD</home/riomus/runs/sfora-standalone-gpu-sha-build-source-v1>, "/usr/include/c++/13/backward/bits/types/time_t.h", O_RDONLY|O_NOCTTY) = -1 ENOENT (No such file or directory)
2166797 openat(AT_FDCWD</home/riomus/runs/sfora-standalone-gpu-sha-build-source-v1>, "/usr/lib/gcc/aarch64-linux-gnu/13/include/bits/types/time_t.h", O_RDONLY|O_NOCTTY) = -1 ENOENT (No such file or directory)
2166797 openat(AT_FDCWD</home/riomus/runs/sfora-standalone-gpu-sha-build-source-v1>, "/usr/local/include/bits/types/time_t.h", O_RDONLY|O_NOCTTY) = -1 ENOENT (No such file or directory)
2166797 openat(AT_FDCWD</home/riomus/runs/sfora-standalone-gpu-sha-build-source-v1>, "/usr/include/aarch64-linux-gnu/bits/types/time_t.h", O_RDONLY|O_NOCTTY) = 4</usr/include/aarch64-linux-gnu/bits/types/time_t.h>
2166797 openat(AT_FDCWD</home/riomus/runs/sfora-standalone-gpu-sha-build-source-v1>, "/home/riomus/toolchains/cuda-13.4-wheel-env/lib/python3.12/site-packages/nvidia/cu13/bin/../include/bits/types/timer_t.h", O_RDONLY|O_NOCTTY) = -1 ENOENT (No such file or directory)
2166797 openat(AT_FDCWD</home/riomus/runs/sfora-standalone-gpu-sha-build-source-v1>, "/usr/include/c++/13/bits/types/timer_t.h", O_RDONLY|O_NOCTTY) = -1 ENOENT (No such file or directory)
2166797 openat(AT_FDCWD</home/riomus/runs/sfora-standalone-gpu-sha-build-source-v1>, "/usr/include/aarch64-linux-gnu/c++/13/bits/types/timer_t.h", O_RDONLY|O_NOCTTY) = -1 ENOENT (No such file or directory)
2166797 openat(AT_FDCWD</home/riomus/runs/sfora-standalone-gpu-sha-build-source-v1>, "/usr/include/c++/13/backward/bits/types/timer_t.h", O_RDONLY|O_NOCTTY) = -1 ENOENT (No such file or directory)
2166797 openat(AT_FDCWD</home/riomus/runs/sfora-standalone-gpu-sha-build-source-v1>, "/usr/lib/gcc/aarch64-linux-gnu/13/include/bits/types/timer_t.h", O_RDONLY|O_NOCTTY) = -1 ENOENT (No such file or directory)
2166797 openat(AT_FDCWD</home/riomus/runs/sfora-standalone-gpu-sha-build-source-v1>, "/usr/local/include/bits/types/timer_t.h", O_RDONLY|O_NOCTTY) = -1 ENOENT (No such file or directory)
2166797 openat(AT_FDCWD</home/riomus/runs/sfora-standalone-gpu-sha-build-source-v1>, "/usr/include/aarch64-linux-gnu/bits/types/timer_t.h", O_RDONLY|O_NOCTTY) = 4</usr/include/aarch64-linux-gnu/bits/types/timer_t.h>
2166797 openat(AT_FDCWD</home/riomus/runs/sfora-standalone-gpu-sha-build-source-v1>, "/usr/lib/gcc/aarch64-linux-gnu/13/include/stddef.h", O_RDONLY|O_NOCTTY) = 4</usr/lib/gcc/aarch64-linux-gnu/13/include/stddef.h>
2166797 openat(AT_FDCWD</home/riomus/runs/sfora-standalone-gpu-sha-build-source-v1>, "/home/riomus/toolchains/cuda-13.4-wheel-env/lib/python3.12/site-packages/nvidia/cu13/bin/../include/bits/stdint-intn.h", O_RDONLY|O_NOCTTY) = -1 ENOENT (No such file or directory)
2166797 openat(AT_FDCWD</home/riomus/runs/sfora-standalone-gpu-sha-build-source-v1>, "/usr/include/c++/13/bits/stdint-intn.h", O_RDONLY|O_NOCTTY) = -1 ENOENT (No such file or directory)
2166797 openat(AT_FDCWD</home/riomus/runs/sfora-standalone-gpu-sha-build-source-v1>, "/usr/include/aarch64-linux-gnu/c++/13/bits/stdint-intn.h", O_RDONLY|O_NOCTTY) = -1 ENOENT (No such file or directory)
2166797 openat(AT_FDCWD</home/riomus/runs/sfora-standalone-gpu-sha-build-source-v1>, "/usr/include/c++/13/backward/bits/stdint-intn.h", O_RDONLY|O_NOCTTY) = -1 ENOENT (No such file or directory)
2166797 openat(AT_FDCWD</home/riomus/runs/sfora-standalone-gpu-sha-build-source-v1>, "/usr/lib/gcc/aarch64-linux-gnu/13/include/bits/stdint-intn.h", O_RDONLY|O_NOCTTY) = -1 ENOENT (No such file or directory)
2166797 openat(AT_FDCWD</home/riomus/runs/sfora-standalone-gpu-sha-build-source-v1>, "/usr/local/include/bits/stdint-intn.h", O_RDONLY|O_NOCTTY) = -1 ENOENT (No such file or directory)
2166797 openat(AT_FDCWD</home/riomus/runs/sfora-standalone-gpu-sha-build-source-v1>, "/usr/include/aarch64-linux-gnu/bits/stdint-intn.h", O_RDONLY|O_NOCTTY) = 4</usr/include/aarch64-linux-gnu/bits/stdint-intn.h>
2166797 openat(AT_FDCWD</home/riomus/runs/sfora-standalone-gpu-sha-build-source-v1>, "/home/riomus/toolchains/cuda-13.4-wheel-env/lib/python3.12/site-packages/nvidia/cu13/bin/../include/endian.h", O_RDONLY|O_NOCTTY) = -1 ENOENT (No such file or directory)
2166797 openat(AT_FDCWD</home/riomus/runs/sfora-standalone-gpu-sha-build-source-v1>, "/usr/include/c++/13/endian.h", O_RDONLY|O_NOCTTY) = -1 ENOENT (No such file or directory)
2166797 openat(AT_FDCWD</home/riomus/runs/sfora-standalone-gpu-sha-build-source-v1>, "/usr/include/aarch64-linux-gnu/c++/13/endian.h", O_RDONLY|O_NOCTTY) = -1 ENOENT (No such file or directory)
2166797 openat(AT_FDCWD</home/riomus/runs/sfora-standalone-gpu-sha-build-source-v1>, "/usr/include/c++/13/backward/endian.h", O_RDONLY|O_NOCTTY) = -1 ENOENT (No such file or directory)
2166797 openat(AT_FDCWD</home/riomus/runs/sfora-standalone-gpu-sha-build-source-v1>, "/usr/lib/gcc/aarch64-linux-gnu/13/include/endian.h", O_RDONLY|O_NOCTTY) = -1 ENOENT (No such file or directory)
2166797 openat(AT_FDCWD</home/riomus/runs/sfora-standalone-gpu-sha-build-source-v1>, "/usr/local/include/endian.h", O_RDONLY|O_NOCTTY) = -1 ENOENT (No such file or directory)
2166797 openat(AT_FDCWD</home/riomus/runs/sfora-standalone-gpu-sha-build-source-v1>, "/usr/include/aarch64-linux-gnu/endian.h", O_RDONLY|O_NOCTTY) = -1 ENOENT (No such file or directory)
2166797 openat(AT_FDCWD</home/riomus/runs/sfora-standalone-gpu-sha-build-source-v1>, "/usr/include/endian.h", O_RDONLY|O_NOCTTY) = 4</usr/include/endian.h>
2166797 openat(AT_FDCWD</home/riomus/runs/sfora-standalone-gpu-sha-build-source-v1>, "/home/riomus/toolchains/cuda-13.4-wheel-env/lib/python3.12/site-packages/nvidia/cu13/bin/../include/bits/byteswap.h", O_RDONLY|O_NOCTTY) = -1 ENOENT (No such file or directory)
2166797 openat(AT_FDCWD</home/riomus/runs/sfora-standalone-gpu-sha-build-source-v1>, "/usr/include/c++/13/bits/byteswap.h", O_RDONLY|O_NOCTTY) = -1 ENOENT (No such file or directory)
2166797 openat(AT_FDCWD</home/riomus/runs/sfora-standalone-gpu-sha-build-source-v1>, "/usr/include/aarch64-linux-gnu/c++/13/bits/byteswap.h", O_RDONLY|O_NOCTTY) = -1 ENOENT (No such file or directory)
2166797 openat(AT_FDCWD</home/riomus/runs/sfora-standalone-gpu-sha-build-source-v1>, "/usr/include/c++/13/backward/bits/byteswap.h", O_RDONLY|O_NOCTTY) = -1 ENOENT (No such file or directory)
2166797 openat(AT_FDCWD</home/riomus/runs/sfora-standalone-gpu-sha-build-source-v1>, "/usr/lib/gcc/aarch64-linux-gnu/13/include/bits/byteswap.h", O_RDONLY|O_NOCTTY) = -1 ENOENT (No such file or directory)
2166797 openat(AT_FDCWD</home/riomus/runs/sfora-standalone-gpu-sha-build-source-v1>, "/usr/local/include/bits/byteswap.h", O_RDONLY|O_NOCTTY) = -1 ENOENT (No such file or directory)
2166797 openat(AT_FDCWD</home/riomus/runs/sfora-standalone-gpu-sha-build-source-v1>, "/usr/include/aarch64-linux-gnu/bits/byteswap.h", O_RDONLY|O_NOCTTY) = 4</usr/include/aarch64-linux-gnu/bits/byteswap.h>
2166797 openat(AT_FDCWD</home/riomus/runs/sfora-standalone-gpu-sha-build-source-v1>, "/home/riomus/toolchains/cuda-13.4-wheel-env/lib/python3.12/site-packages/nvidia/cu13/bin/../include/bits/uintn-identity.h", O_RDONLY|O_NOCTTY) = -1 ENOENT (No such file or directory)
2166797 openat(AT_FDCWD</home/riomus/runs/sfora-standalone-gpu-sha-build-source-v1>, "/usr/include/c++/13/bits/uintn-identity.h", O_RDONLY|O_NOCTTY) = -1 ENOENT (No such file or directory)
2166797 openat(AT_FDCWD</home/riomus/runs/sfora-standalone-gpu-sha-build-source-v1>, "/usr/include/aarch64-linux-gnu/c++/13/bits/uintn-identity.h", O_RDONLY|O_NOCTTY) = -1 ENOENT (No such file or directory)
2166797 openat(AT_FDCWD</home/riomus/runs/sfora-standalone-gpu-sha-build-source-v1>, "/usr/include/c++/13/backward/bits/uintn-identity.h", O_RDONLY|O_NOCTTY) = -1 ENOENT (No such file or directory)
2166797 openat(AT_FDCWD</home/riomus/runs/sfora-standalone-gpu-sha-build-source-v1>, "/usr/lib/gcc/aarch64-linux-gnu/13/include/bits/uintn-identity.h", O_RDONLY|O_NOCTTY) = -1 ENOENT (No such file or directory)
2166797 openat(AT_FDCWD</home/riomus/runs/sfora-standalone-gpu-sha-build-source-v1>, "/usr/local/include/bits/uintn-identity.h", O_RDONLY|O_NOCTTY) = -1 ENOENT (No such file or directory)
2166797 openat(AT_FDCWD</home/riomus/runs/sfora-standalone-gpu-sha-build-source-v1>, "/usr/include/aarch64-linux-gnu/bits/uintn-identity.h", O_RDONLY|O_NOCTTY) = 4</usr/include/aarch64-linux-gnu/bits/uintn-identity.h>
2166797 openat(AT_FDCWD</home/riomus/runs/sfora-standalone-gpu-sha-build-source-v1>, "/home/riomus/toolchains/cuda-13.4-wheel-env/lib/python3.12/site-packages/nvidia/cu13/bin/../include/sys/select.h", O_RDONLY|O_NOCTTY) = -1 ENOENT (No such file or directory)
2166797 openat(AT_FDCWD</home/riomus/runs/sfora-standalone-gpu-sha-build-source-v1>, "/usr/include/c++/13/sys/select.h", O_RDONLY|O_NOCTTY) = -1 ENOENT (No such file or directory)
2166797 openat(AT_FDCWD</home/riomus/runs/sfora-standalone-gpu-sha-build-source-v1>, "/usr/include/aarch64-linux-gnu/c++/13/sys/select.h", O_RDONLY|O_NOCTTY) = -1 ENOENT (No such file or directory)
2166797 openat(AT_FDCWD</home/riomus/runs/sfora-standalone-gpu-sha-build-source-v1>, "/usr/include/c++/13/backward/sys/select.h", O_RDONLY|O_NOCTTY) = -1 ENOENT (No such file or directory)
2166797 openat(AT_FDCWD</home/riomus/runs/sfora-standalone-gpu-sha-build-source-v1>, "/usr/lib/gcc/aarch64-linux-gnu/13/include/sys/select.h", O_RDONLY|O_NOCTTY) = -1 ENOENT (No such file or directory)
2166797 openat(AT_FDCWD</home/riomus/runs/sfora-standalone-gpu-sha-build-source-v1>, "/usr/local/include/sys/select.h", O_RDONLY|O_NOCTTY) = -1 ENOENT (No such file or directory)
2166797 openat(AT_FDCWD</home/riomus/runs/sfora-standalone-gpu-sha-build-source-v1>, "/usr/include/aarch64-linux-gnu/sys/select.h", O_RDONLY|O_NOCTTY) = 4</usr/include/aarch64-linux-gnu/sys/select.h>
2166797 openat(AT_FDCWD</home/riomus/runs/sfora-standalone-gpu-sha-build-source-v1>, "/home/riomus/toolchains/cuda-13.4-wheel-env/lib/python3.12/site-packages/nvidia/cu13/bin/../include/bits/select.h", O_RDONLY|O_NOCTTY) = -1 ENOENT (No such file or directory)
2166797 openat(AT_FDCWD</home/riomus/runs/sfora-standalone-gpu-sha-build-source-v1>, "/usr/include/c++/13/bits/select.h", O_RDONLY|O_NOCTTY) = -1 ENOENT (No such file or directory)
2166797 openat(AT_FDCWD</home/riomus/runs/sfora-standalone-gpu-sha-build-source-v1>, "/usr/include/aarch64-linux-gnu/c++/13/bits/select.h", O_RDONLY|O_NOCTTY) = -1 ENOENT (No such file or directory)
2166797 openat(AT_FDCWD</home/riomus/runs/sfora-standalone-gpu-sha-build-source-v1>, "/usr/include/c++/13/backward/bits/select.h", O_RDONLY|O_NOCTTY) = -1 ENOENT (No such file or directory)
2166797 openat(AT_FDCWD</home/riomus/runs/sfora-standalone-gpu-sha-build-source-v1>, "/usr/lib/gcc/aarch64-linux-gnu/13/include/bits/select.h", O_RDONLY|O_NOCTTY) = -1 ENOENT (No such file or directory)
2166797 openat(AT_FDCWD</home/riomus/runs/sfora-standalone-gpu-sha-build-source-v1>, "/usr/local/include/bits/select.h", O_RDONLY|O_NOCTTY) = -1 ENOENT (No such file or directory)
2166797 openat(AT_FDCWD</home/riomus/runs/sfora-standalone-gpu-sha-build-source-v1>, "/usr/include/aarch64-linux-gnu/bits/select.h", O_RDONLY|O_NOCTTY) = 4</usr/include/aarch64-linux-gnu/bits/select.h>
2166797 openat(AT_FDCWD</home/riomus/runs/sfora-standalone-gpu-sha-build-source-v1>, "/home/riomus/toolchains/cuda-13.4-wheel-env/lib/python3.12/site-packages/nvidia/cu13/bin/../include/bits/types/sigset_t.h", O_RDONLY|O_NOCTTY) = -1 ENOENT (No such file or directory)
2166797 openat(AT_FDCWD</home/riomus/runs/sfora-standalone-gpu-sha-build-source-v1>, "/usr/include/c++/13/bits/types/sigset_t.h", O_RDONLY|O_NOCTTY) = -1 ENOENT (No such file or directory)
2166797 openat(AT_FDCWD</home/riomus/runs/sfora-standalone-gpu-sha-build-source-v1>, "/usr/include/aarch64-linux-gnu/c++/13/bits/types/sigset_t.h", O_RDONLY|O_NOCTTY) = -1 ENOENT (No such file or directory)
2166797 openat(AT_FDCWD</home/riomus/runs/sfora-standalone-gpu-sha-build-source-v1>, "/usr/include/c++/13/backward/bits/types/sigset_t.h", O_RDONLY|O_NOCTTY) = -1 ENOENT (No such file or directory)
2166797 openat(AT_FDCWD</home/riomus/runs/sfora-standalone-gpu-sha-build-source-v1>, "/usr/lib/gcc/aarch64-linux-gnu/13/include/bits/types/sigset_t.h", O_RDONLY|O_NOCTTY) = -1 ENOENT (No such file or directory)
2166797 openat(AT_FDCWD</home/riomus/runs/sfora-standalone-gpu-sha-build-source-v1>, "/usr/local/include/bits/types/sigset_t.h", O_RDONLY|O_NOCTTY) = -1 ENOENT (No such file or directory)
2166797 openat(AT_FDCWD</home/riomus/runs/sfora-standalone-gpu-sha-build-source-v1>, "/usr/include/aarch64-linux-gnu/bits/types/sigset_t.h", O_RDONLY|O_NOCTTY) = 4</usr/include/aarch64-linux-gnu/bits/types/sigset_t.h>
2166797 openat(AT_FDCWD</home/riomus/runs/sfora-standalone-gpu-sha-build-source-v1>, "/home/riomus/toolchains/cuda-13.4-wheel-env/lib/python3.12/site-packages/nvidia/cu13/bin/../include/bits/types/__sigset_t.h", O_RDONLY|O_NOCTTY) = -1 ENOENT (No such file or directory)
2166797 openat(AT_FDCWD</home/riomus/runs/sfora-standalone-gpu-sha-build-source-v1>, "/usr/include/c++/13/bits/types/__sigset_t.h", O_RDONLY|O_NOCTTY) = -1 ENOENT (No such file or directory)
2166797 openat(AT_FDCWD</home/riomus/runs/sfora-standalone-gpu-sha-build-source-v1>, "/usr/include/aarch64-linux-gnu/c++/13/bits/types/__sigset_t.h", O_RDONLY|O_NOCTTY) = -1 ENOENT (No such file or directory)
2166797 openat(AT_FDCWD</home/riomus/runs/sfora-standalone-gpu-sha-build-source-v1>, "/usr/include/c++/13/backward/bits/types/__sigset_t.h", O_RDONLY|O_NOCTTY) = -1 ENOENT (No such file or directory)
2166797 openat(AT_FDCWD</home/riomus/runs/sfora-standalone-gpu-sha-build-source-v1>, "/usr/lib/gcc/aarch64-linux-gnu/13/include/bits/types/__sigset_t.h", O_RDONLY|O_NOCTTY) = -1 ENOENT (No such file or directory)
2166797 openat(AT_FDCWD</home/riomus/runs/sfora-standalone-gpu-sha-build-source-v1>, "/usr/local/include/bits/types/__sigset_t.h", O_RDONLY|O_NOCTTY) = -1 ENOENT (No such file or directory)
2166797 openat(AT_FDCWD</home/riomus/runs/sfora-standalone-gpu-sha-build-source-v1>, "/usr/include/aarch64-linux-gnu/bits/types/__sigset_t.h", O_RDONLY|O_NOCTTY) = 4</usr/include/aarch64-linux-gnu/bits/types/__sigset_t.h>
2166797 openat(AT_FDCWD</home/riomus/runs/sfora-standalone-gpu-sha-build-source-v1>, "/home/riomus/toolchains/cuda-13.4-wheel-env/lib/python3.12/site-packages/nvidia/cu13/bin/../include/bits/types/struct_timeval.h", O_RDONLY|O_NOCTTY) = -1 ENOENT (No such file or directory)
2166797 openat(AT_FDCWD</home/riomus/runs/sfora-standalone-gpu-sha-build-source-v1>, "/usr/include/c++/13/bits/types/struct_timeval.h", O_RDONLY|O_NOCTTY) = -1 ENOENT (No such file or directory)
2166797 openat(AT_FDCWD</home/riomus/runs/sfora-standalone-gpu-sha-build-source-v1>, "/usr/include/aarch64-linux-gnu/c++/13/bits/types/struct_timeval.h", O_RDONLY|O_NOCTTY) = -1 ENOENT (No such file or directory)
2166797 openat(AT_FDCWD</home/riomus/runs/sfora-standalone-gpu-sha-build-source-v1>, "/usr/include/c++/13/backward/bits/types/struct_timeval.h", O_RDONLY|O_NOCTTY) = -1 ENOENT (No such file or directory)
2166797 openat(AT_FDCWD</home/riomus/runs/sfora-standalone-gpu-sha-build-source-v1>, "/usr/lib/gcc/aarch64-linux-gnu/13/include/bits/types/struct_timeval.h", O_RDONLY|O_NOCTTY) = -1 ENOENT (No such file or directory)
2166797 openat(AT_FDCWD</home/riomus/runs/sfora-standalone-gpu-sha-build-source-v1>, "/usr/local/include/bits/types/struct_timeval.h", O_RDONLY|O_NOCTTY) = -1 ENOENT (No such file or directory)
2166797 openat(AT_FDCWD</home/riomus/runs/sfora-standalone-gpu-sha-build-source-v1>, "/usr/include/aarch64-linux-gnu/bits/types/struct_timeval.h", O_RDONLY|O_NOCTTY) = 4</usr/include/aarch64-linux-gnu/bits/types/struct_timeval.h>
2166797 openat(AT_FDCWD</home/riomus/runs/sfora-standalone-gpu-sha-build-source-v1>, "/home/riomus/toolchains/cuda-13.4-wheel-env/lib/python3.12/site-packages/nvidia/cu13/bin/../include/bits/types/struct_timespec.h", O_RDONLY|O_NOCTTY) = -1 ENOENT (No such file or directory)
2166797 openat(AT_FDCWD</home/riomus/runs/sfora-standalone-gpu-sha-build-source-v1>, "/usr/include/c++/13/bits/types/struct_timespec.h", O_RDONLY|O_NOCTTY) = -1 ENOENT (No such file or directory)
2166797 openat(AT_FDCWD</home/riomus/runs/sfora-standalone-gpu-sha-build-source-v1>, "/usr/include/aarch64-linux-gnu/c++/13/bits/types/struct_timespec.h", O_RDONLY|O_NOCTTY) = -1 ENOENT (No such file or directory)
2166797 openat(AT_FDCWD</home/riomus/runs/sfora-standalone-gpu-sha-build-source-v1>, "/usr/include/c++/13/backward/bits/types/struct_timespec.h", O_RDONLY|O_NOCTTY) = -1 ENOENT (No such file or directory)
2166797 openat(AT_FDCWD</home/riomus/runs/sfora-standalone-gpu-sha-build-source-v1>, "/usr/lib/gcc/aarch64-linux-gnu/13/include/bits/types/struct_timespec.h", O_RDONLY|O_NOCTTY) = -1 ENOENT (No such file or directory)
2166797 openat(AT_FDCWD</home/riomus/runs/sfora-standalone-gpu-sha-build-source-v1>, "/usr/local/include/bits/types/struct_timespec.h", O_RDONLY|O_NOCTTY) = -1 ENOENT (No such file or directory)
2166797 openat(AT_FDCWD</home/riomus/runs/sfora-standalone-gpu-sha-build-source-v1>, "/usr/include/aarch64-linux-gnu/bits/types/struct_timespec.h", O_RDONLY|O_NOCTTY) = 4</usr/include/aarch64-linux-gnu/bits/types/struct_timespec.h>
2166797 openat(AT_FDCWD</home/riomus/runs/sfora-standalone-gpu-sha-build-source-v1>, "/home/riomus/toolchains/cuda-13.4-wheel-env/lib/python3.12/site-packages/nvidia/cu13/bin/../include/bits/select2.h", O_RDONLY|O_NOCTTY) = -1 ENOENT (No such file or directory)
2166797 openat(AT_FDCWD</home/riomus/runs/sfora-standalone-gpu-sha-build-source-v1>, "/usr/include/c++/13/bits/select2.h", O_RDONLY|O_NOCTTY) = -1 ENOENT (No such file or directory)
2166797 openat(AT_FDCWD</home/riomus/runs/sfora-standalone-gpu-sha-build-source-v1>, "/usr/include/aarch64-linux-gnu/c++/13/bits/select2.h", O_RDONLY|O_NOCTTY) = -1 ENOENT (No such file or directory)
2166797 openat(AT_FDCWD</home/riomus/runs/sfora-standalone-gpu-sha-build-source-v1>, "/usr/include/c++/13/backward/bits/select2.h", O_RDONLY|O_NOCTTY) = -1 ENOENT (No such file or directory)
2166797 openat(AT_FDCWD</home/riomus/runs/sfora-standalone-gpu-sha-build-source-v1>, "/usr/lib/gcc/aarch64-linux-gnu/13/include/bits/select2.h", O_RDONLY|O_NOCTTY) = -1 ENOENT (No such file or directory)
2166797 openat(AT_FDCWD</home/riomus/runs/sfora-standalone-gpu-sha-build-source-v1>, "/usr/local/include/bits/select2.h", O_RDONLY|O_NOCTTY) = -1 ENOENT (No such file or directory)
2166797 openat(AT_FDCWD</home/riomus/runs/sfora-standalone-gpu-sha-build-source-v1>, "/usr/include/aarch64-linux-gnu/bits/select2.h", O_RDONLY|O_NOCTTY) = 4</usr/include/aarch64-linux-gnu/bits/select2.h>
2166797 openat(AT_FDCWD</home/riomus/runs/sfora-standalone-gpu-sha-build-source-v1>, "/home/riomus/toolchains/cuda-13.4-wheel-env/lib/python3.12/site-packages/nvidia/cu13/bin/../include/bits/select-decl.h", O_RDONLY|O_NOCTTY) = -1 ENOENT (No such file or directory)
2166797 openat(AT_FDCWD</home/riomus/runs/sfora-standalone-gpu-sha-build-source-v1>, "/usr/include/c++/13/bits/select-decl.h", O_RDONLY|O_NOCTTY) = -1 ENOENT (No such file or directory)
2166797 openat(AT_FDCWD</home/riomus/runs/sfora-standalone-gpu-sha-build-source-v1>, "/usr/include/aarch64-linux-gnu/c++/13/bits/select-decl.h", O_RDONLY|O_NOCTTY) = -1 ENOENT (No such file or directory)
2166797 openat(AT_FDCWD</home/riomus/runs/sfora-standalone-gpu-sha-build-source-v1>, "/usr/include/c++/13/backward/bits/select-decl.h", O_RDONLY|O_NOCTTY) = -1 ENOENT (No such file or directory)
2166797 openat(AT_FDCWD</home/riomus/runs/sfora-standalone-gpu-sha-build-source-v1>, "/usr/lib/gcc/aarch64-linux-gnu/13/include/bits/select-decl.h", O_RDONLY|O_NOCTTY) = -1 ENOENT (No such file or directory)
2166797 openat(AT_FDCWD</home/riomus/runs/sfora-standalone-gpu-sha-build-source-v1>, "/usr/local/include/bits/select-decl.h", O_RDONLY|O_NOCTTY) = -1 ENOENT (No such file or directory)
2166797 openat(AT_FDCWD</home/riomus/runs/sfora-standalone-gpu-sha-build-source-v1>, "/usr/include/aarch64-linux-gnu/bits/select-decl.h", O_RDONLY|O_NOCTTY) = 4</usr/include/aarch64-linux-gnu/bits/select-decl.h>
2166797 openat(AT_FDCWD</home/riomus/runs/sfora-standalone-gpu-sha-build-source-v1>, "/home/riomus/toolchains/cuda-13.4-wheel-env/lib/python3.12/site-packages/nvidia/cu13/bin/../include/bits/pthreadtypes.h", O_RDONLY|O_NOCTTY) = -1 ENOENT (No such file or directory)
2166797 openat(AT_FDCWD</home/riomus/runs/sfora-standalone-gpu-sha-build-source-v1>, "/usr/include/c++/13/bits/pthreadtypes.h", O_RDONLY|O_NOCTTY) = -1 ENOENT (No such file or directory)
2166797 openat(AT_FDCWD</home/riomus/runs/sfora-standalone-gpu-sha-build-source-v1>, "/usr/include/aarch64-linux-gnu/c++/13/bits/pthreadtypes.h", O_RDONLY|O_NOCTTY) = -1 ENOENT (No such file or directory)
2166797 openat(AT_FDCWD</home/riomus/runs/sfora-standalone-gpu-sha-build-source-v1>, "/usr/include/c++/13/backward/bits/pthreadtypes.h", O_RDONLY|O_NOCTTY) = -1 ENOENT (No such file or directory)
2166797 openat(AT_FDCWD</home/riomus/runs/sfora-standalone-gpu-sha-build-source-v1>, "/usr/lib/gcc/aarch64-linux-gnu/13/include/bits/pthreadtypes.h", O_RDONLY|O_NOCTTY) = -1 ENOENT (No such file or directory)
2166797 openat(AT_FDCWD</home/riomus/runs/sfora-standalone-gpu-sha-build-source-v1>, "/usr/local/include/bits/pthreadtypes.h", O_RDONLY|O_NOCTTY) = -1 ENOENT (No such file or directory)
2166797 openat(AT_FDCWD</home/riomus/runs/sfora-standalone-gpu-sha-build-source-v1>, "/usr/include/aarch64-linux-gnu/bits/pthreadtypes.h", O_RDONLY|O_NOCTTY) = 4</usr/include/aarch64-linux-gnu/bits/pthreadtypes.h>
2166797 openat(AT_FDCWD</home/riomus/runs/sfora-standalone-gpu-sha-build-source-v1>, "/home/riomus/toolchains/cuda-13.4-wheel-env/lib/python3.12/site-packages/nvidia/cu13/bin/../include/bits/thread-shared-types.h", O_RDONLY|O_NOCTTY) = -1 ENOENT (No such file or directory)
2166797 openat(AT_FDCWD</home/riomus/runs/sfora-standalone-gpu-sha-build-source-v1>, "/usr/include/c++/13/bits/thread-shared-types.h", O_RDONLY|O_NOCTTY) = -1 ENOENT (No such file or directory)
2166797 openat(AT_FDCWD</home/riomus/runs/sfora-standalone-gpu-sha-build-source-v1>, "/usr/include/aarch64-linux-gnu/c++/13/bits/thread-shared-types.h", O_RDONLY|O_NOCTTY) = -1 ENOENT (No such file or directory)
2166797 openat(AT_FDCWD</home/riomus/runs/sfora-standalone-gpu-sha-build-source-v1>, "/usr/include/c++/13/backward/bits/thread-shared-types.h", O_RDONLY|O_NOCTTY) = -1 ENOENT (No such file or directory)
2166797 openat(AT_FDCWD</home/riomus/runs/sfora-standalone-gpu-sha-build-source-v1>, "/usr/lib/gcc/aarch64-linux-gnu/13/include/bits/thread-shared-types.h", O_RDONLY|O_NOCTTY) = -1 ENOENT (No such file or directory)
2166797 openat(AT_FDCWD</home/riomus/runs/sfora-standalone-gpu-sha-build-source-v1>, "/usr/local/include/bits/thread-shared-types.h", O_RDONLY|O_NOCTTY) = -1 ENOENT (No such file or directory)
2166797 openat(AT_FDCWD</home/riomus/runs/sfora-standalone-gpu-sha-build-source-v1>, "/usr/include/aarch64-linux-gnu/bits/thread-shared-types.h", O_RDONLY|O_NOCTTY) = 4</usr/include/aarch64-linux-gnu/bits/thread-shared-types.h>
2166797 openat(AT_FDCWD</home/riomus/runs/sfora-standalone-gpu-sha-build-source-v1>, "/home/riomus/toolchains/cuda-13.4-wheel-env/lib/python3.12/site-packages/nvidia/cu13/bin/../include/bits/pthreadtypes-arch.h", O_RDONLY|O_NOCTTY) = -1 ENOENT (No such file or directory)
2166797 openat(AT_FDCWD</home/riomus/runs/sfora-standalone-gpu-sha-build-source-v1>, "/usr/include/c++/13/bits/pthreadtypes-arch.h", O_RDONLY|O_NOCTTY) = -1 ENOENT (No such file or directory)
2166797 openat(AT_FDCWD</home/riomus/runs/sfora-standalone-gpu-sha-build-source-v1>, "/usr/include/aarch64-linux-gnu/c++/13/bits/pthreadtypes-arch.h", O_RDONLY|O_NOCTTY) = -1 ENOENT (No such file or directory)
2166797 openat(AT_FDCWD</home/riomus/runs/sfora-standalone-gpu-sha-build-source-v1>, "/usr/include/c++/13/backward/bits/pthreadtypes-arch.h", O_RDONLY|O_NOCTTY) = -1 ENOENT (No such file or directory)
2166797 openat(AT_FDCWD</home/riomus/runs/sfora-standalone-gpu-sha-build-source-v1>, "/usr/lib/gcc/aarch64-linux-gnu/13/include/bits/pthreadtypes-arch.h", O_RDONLY|O_NOCTTY) = -1 ENOENT (No such file or directory)
2166797 openat(AT_FDCWD</home/riomus/runs/sfora-standalone-gpu-sha-build-source-v1>, "/usr/local/include/bits/pthreadtypes-arch.h", O_RDONLY|O_NOCTTY) = -1 ENOENT (No such file or directory)
2166797 openat(AT_FDCWD</home/riomus/runs/sfora-standalone-gpu-sha-build-source-v1>, "/usr/include/aarch64-linux-gnu/bits/pthreadtypes-arch.h", O_RDONLY|O_NOCTTY) = 4</usr/include/aarch64-linux-gnu/bits/pthreadtypes-arch.h>
2166797 openat(AT_FDCWD</home/riomus/runs/sfora-standalone-gpu-sha-build-source-v1>, "/home/riomus/toolchains/cuda-13.4-wheel-env/lib/python3.12/site-packages/nvidia/cu13/bin/../include/bits/atomic_wide_counter.h", O_RDONLY|O_NOCTTY) = -1 ENOENT (No such file or directory)
2166797 openat(AT_FDCWD</home/riomus/runs/sfora-standalone-gpu-sha-build-source-v1>, "/usr/include/c++/13/bits/atomic_wide_counter.h", O_RDONLY|O_NOCTTY) = -1 ENOENT (No such file or directory)
2166797 openat(AT_FDCWD</home/riomus/runs/sfora-standalone-gpu-sha-build-source-v1>, "/usr/include/aarch64-linux-gnu/c++/13/bits/atomic_wide_counter.h", O_RDONLY|O_NOCTTY) = -1 ENOENT (No such file or directory)
2166797 openat(AT_FDCWD</home/riomus/runs/sfora-standalone-gpu-sha-build-source-v1>, "/usr/include/c++/13/backward/bits/atomic_wide_counter.h", O_RDONLY|O_NOCTTY) = -1 ENOENT (No such file or directory)
2166797 openat(AT_FDCWD</home/riomus/runs/sfora-standalone-gpu-sha-build-source-v1>, "/usr/lib/gcc/aarch64-linux-gnu/13/include/bits/atomic_wide_counter.h", O_RDONLY|O_NOCTTY) = -1 ENOENT (No such file or directory)
2166797 openat(AT_FDCWD</home/riomus/runs/sfora-standalone-gpu-sha-build-source-v1>, "/usr/local/include/bits/atomic_wide_counter.h", O_RDONLY|O_NOCTTY) = -1 ENOENT (No such file or directory)
2166797 openat(AT_FDCWD</home/riomus/runs/sfora-standalone-gpu-sha-build-source-v1>, "/usr/include/aarch64-linux-gnu/bits/atomic_wide_counter.h", O_RDONLY|O_NOCTTY) = 4</usr/include/aarch64-linux-gnu/bits/atomic_wide_counter.h>
2166797 openat(AT_FDCWD</home/riomus/runs/sfora-standalone-gpu-sha-build-source-v1>, "/home/riomus/toolchains/cuda-13.4-wheel-env/lib/python3.12/site-packages/nvidia/cu13/bin/../include/bits/struct_mutex.h", O_RDONLY|O_NOCTTY) = -1 ENOENT (No such file or directory)
2166797 openat(AT_FDCWD</home/riomus/runs/sfora-standalone-gpu-sha-build-source-v1>, "/usr/include/c++/13/bits/struct_mutex.h", O_RDONLY|O_NOCTTY) = -1 ENOENT (No such file or directory)
2166797 openat(AT_FDCWD</home/riomus/runs/sfora-standalone-gpu-sha-build-source-v1>, "/usr/include/aarch64-linux-gnu/c++/13/bits/struct_mutex.h", O_RDONLY|O_NOCTTY) = -1 ENOENT (No such file or directory)
2166797 openat(AT_FDCWD</home/riomus/runs/sfora-standalone-gpu-sha-build-source-v1>, "/usr/include/c++/13/backward/bits/struct_mutex.h", O_RDONLY|O_NOCTTY) = -1 ENOENT (No such file or directory)
2166797 openat(AT_FDCWD</home/riomus/runs/sfora-standalone-gpu-sha-build-source-v1>, "/usr/lib/gcc/aarch64-linux-gnu/13/include/bits/struct_mutex.h", O_RDONLY|O_NOCTTY) = -1 ENOENT (No such file or directory)
2166797 openat(AT_FDCWD</home/riomus/runs/sfora-standalone-gpu-sha-build-source-v1>, "/usr/local/include/bits/struct_mutex.h", O_RDONLY|O_NOCTTY) = -1 ENOENT (No such file or directory)
2166797 openat(AT_FDCWD</home/riomus/runs/sfora-standalone-gpu-sha-build-source-v1>, "/usr/include/aarch64-linux-gnu/bits/struct_mutex.h", O_RDONLY|O_NOCTTY) = 4</usr/include/aarch64-linux-gnu/bits/struct_mutex.h>
2166797 openat(AT_FDCWD</home/riomus/runs/sfora-standalone-gpu-sha-build-source-v1>, "/home/riomus/toolchains/cuda-13.4-wheel-env/lib/python3.12/site-packages/nvidia/cu13/bin/../include/bits/struct_rwlock.h", O_RDONLY|O_NOCTTY) = -1 ENOENT (No such file or directory)
2166797 openat(AT_FDCWD</home/riomus/runs/sfora-standalone-gpu-sha-build-source-v1>, "/usr/include/c++/13/bits/struct_rwlock.h", O_RDONLY|O_NOCTTY) = -1 ENOENT (No such file or directory)
2166797 openat(AT_FDCWD</home/riomus/runs/sfora-standalone-gpu-sha-build-source-v1>, "/usr/include/aarch64-linux-gnu/c++/13/bits/struct_rwlock.h", O_RDONLY|O_NOCTTY) = -1 ENOENT (No such file or directory)
2166797 openat(AT_FDCWD</home/riomus/runs/sfora-standalone-gpu-sha-build-source-v1>, "/usr/include/c++/13/backward/bits/struct_rwlock.h", O_RDONLY|O_NOCTTY) = -1 ENOENT (No such file or directory)
2166797 openat(AT_FDCWD</home/riomus/runs/sfora-standalone-gpu-sha-build-source-v1>, "/usr/lib/gcc/aarch64-linux-gnu/13/include/bits/struct_rwlock.h", O_RDONLY|O_NOCTTY) = -1 ENOENT (No such file or directory)
2166797 openat(AT_FDCWD</home/riomus/runs/sfora-standalone-gpu-sha-build-source-v1>, "/usr/local/include/bits/struct_rwlock.h", O_RDONLY|O_NOCTTY) = -1 ENOENT (No such file or directory)
2166797 openat(AT_FDCWD</home/riomus/runs/sfora-standalone-gpu-sha-build-source-v1>, "/usr/include/aarch64-linux-gnu/bits/struct_rwlock.h", O_RDONLY|O_NOCTTY) = 4</usr/include/aarch64-linux-gnu/bits/struct_rwlock.h>
2166797 openat(AT_FDCWD</home/riomus/runs/sfora-standalone-gpu-sha-build-source-v1>, "/home/riomus/toolchains/cuda-13.4-wheel-env/lib/python3.12/site-packages/nvidia/cu13/bin/../include/alloca.h", O_RDONLY|O_NOCTTY) = -1 ENOENT (No such file or directory)
2166797 openat(AT_FDCWD</home/riomus/runs/sfora-standalone-gpu-sha-build-source-v1>, "/usr/include/c++/13/alloca.h", O_RDONLY|O_NOCTTY) = -1 ENOENT (No such file or directory)
2166797 openat(AT_FDCWD</home/riomus/runs/sfora-standalone-gpu-sha-build-source-v1>, "/usr/include/aarch64-linux-gnu/c++/13/alloca.h", O_RDONLY|O_NOCTTY) = -1 ENOENT (No such file or directory)
2166797 openat(AT_FDCWD</home/riomus/runs/sfora-standalone-gpu-sha-build-source-v1>, "/usr/include/c++/13/backward/alloca.h", O_RDONLY|O_NOCTTY) = -1 ENOENT (No such file or directory)
2166797 openat(AT_FDCWD</home/riomus/runs/sfora-standalone-gpu-sha-build-source-v1>, "/usr/lib/gcc/aarch64-linux-gnu/13/include/alloca.h", O_RDONLY|O_NOCTTY) = -1 ENOENT (No such file or directory)
2166797 openat(AT_FDCWD</home/riomus/runs/sfora-standalone-gpu-sha-build-source-v1>, "/usr/local/include/alloca.h", O_RDONLY|O_NOCTTY) = -1 ENOENT (No such file or directory)
2166797 openat(AT_FDCWD</home/riomus/runs/sfora-standalone-gpu-sha-build-source-v1>, "/usr/include/aarch64-linux-gnu/alloca.h", O_RDONLY|O_NOCTTY) = -1 ENOENT (No such file or directory)
2166797 openat(AT_FDCWD</home/riomus/runs/sfora-standalone-gpu-sha-build-source-v1>, "/usr/include/alloca.h", O_RDONLY|O_NOCTTY) = 4</usr/include/alloca.h>
2166797 openat(AT_FDCWD</home/riomus/runs/sfora-standalone-gpu-sha-build-source-v1>, "/usr/lib/gcc/aarch64-linux-gnu/13/include/stddef.h", O_RDONLY|O_NOCTTY) = 4</usr/lib/gcc/aarch64-linux-gnu/13/include/stddef.h>
2166797 openat(AT_FDCWD</home/riomus/runs/sfora-standalone-gpu-sha-build-source-v1>, "/home/riomus/toolchains/cuda-13.4-wheel-env/lib/python3.12/site-packages/nvidia/cu13/bin/../include/bits/stdlib-bsearch.h", O_RDONLY|O_NOCTTY) = -1 ENOENT (No such file or directory)
2166797 openat(AT_FDCWD</home/riomus/runs/sfora-standalone-gpu-sha-build-source-v1>, "/usr/include/c++/13/bits/stdlib-bsearch.h", O_RDONLY|O_NOCTTY) = -1 ENOENT (No such file or directory)
2166797 openat(AT_FDCWD</home/riomus/runs/sfora-standalone-gpu-sha-build-source-v1>, "/usr/include/aarch64-linux-gnu/c++/13/bits/stdlib-bsearch.h", O_RDONLY|O_NOCTTY) = -1 ENOENT (No such file or directory)
2166797 openat(AT_FDCWD</home/riomus/runs/sfora-standalone-gpu-sha-build-source-v1>, "/usr/include/c++/13/backward/bits/stdlib-bsearch.h", O_RDONLY|O_NOCTTY) = -1 ENOENT (No such file or directory)
2166797 openat(AT_FDCWD</home/riomus/runs/sfora-standalone-gpu-sha-build-source-v1>, "/usr/lib/gcc/aarch64-linux-gnu/13/include/bits/stdlib-bsearch.h", O_RDONLY|O_NOCTTY) = -1 ENOENT (No such file or directory)
2166797 openat(AT_FDCWD</home/riomus/runs/sfora-standalone-gpu-sha-build-source-v1>, "/usr/local/include/bits/stdlib-bsearch.h", O_RDONLY|O_NOCTTY) = -1 ENOENT (No such file or directory)
2166797 openat(AT_FDCWD</home/riomus/runs/sfora-standalone-gpu-sha-build-source-v1>, "/usr/include/aarch64-linux-gnu/bits/stdlib-bsearch.h", O_RDONLY|O_NOCTTY) = 4</usr/include/aarch64-linux-gnu/bits/stdlib-bsearch.h>
2166797 openat(AT_FDCWD</home/riomus/runs/sfora-standalone-gpu-sha-build-source-v1>, "/home/riomus/toolchains/cuda-13.4-wheel-env/lib/python3.12/site-packages/nvidia/cu13/bin/../include/bits/stdlib-float.h", O_RDONLY|O_NOCTTY) = -1 ENOENT (No such file or directory)
2166797 openat(AT_FDCWD</home/riomus/runs/sfora-standalone-gpu-sha-build-source-v1>, "/usr/include/c++/13/bits/stdlib-float.h", O_RDONLY|O_NOCTTY) = -1 ENOENT (No such file or directory)
2166797 openat(AT_FDCWD</home/riomus/runs/sfora-standalone-gpu-sha-build-source-v1>, "/usr/include/aarch64-linux-gnu/c++/13/bits/stdlib-float.h", O_RDONLY|O_NOCTTY) = -1 ENOENT (No such file or directory)
2166797 openat(AT_FDCWD</home/riomus/runs/sfora-standalone-gpu-sha-build-source-v1>, "/usr/include/c++/13/backward/bits/stdlib-float.h", O_RDONLY|O_NOCTTY) = -1 ENOENT (No such file or directory)
2166797 openat(AT_FDCWD</home/riomus/runs/sfora-standalone-gpu-sha-build-source-v1>, "/usr/lib/gcc/aarch64-linux-gnu/13/include/bits/stdlib-float.h", O_RDONLY|O_NOCTTY) = -1 ENOENT (No such file or directory)
2166797 openat(AT_FDCWD</home/riomus/runs/sfora-standalone-gpu-sha-build-source-v1>, "/usr/local/include/bits/stdlib-float.h", O_RDONLY|O_NOCTTY) = -1 ENOENT (No such file or directory)
2166797 openat(AT_FDCWD</home/riomus/runs/sfora-standalone-gpu-sha-build-source-v1>, "/usr/include/aarch64-linux-gnu/bits/stdlib-float.h", O_RDONLY|O_NOCTTY) = 4</usr/include/aarch64-linux-gnu/bits/stdlib-float.h>
2166797 openat(AT_FDCWD</home/riomus/runs/sfora-standalone-gpu-sha-build-source-v1>, "/home/riomus/toolchains/cuda-13.4-wheel-env/lib/python3.12/site-packages/nvidia/cu13/bin/../include/bits/stdlib.h", O_RDONLY|O_NOCTTY) = -1 ENOENT (No such file or directory)
2166797 openat(AT_FDCWD</home/riomus/runs/sfora-standalone-gpu-sha-build-source-v1>, "/usr/include/c++/13/bits/stdlib.h", O_RDONLY|O_NOCTTY) = -1 ENOENT (No such file or directory)
2166797 openat(AT_FDCWD</home/riomus/runs/sfora-standalone-gpu-sha-build-source-v1>, "/usr/include/aarch64-linux-gnu/c++/13/bits/stdlib.h", O_RDONLY|O_NOCTTY) = -1 ENOENT (No such file or directory)
2166797 openat(AT_FDCWD</home/riomus/runs/sfora-standalone-gpu-sha-build-source-v1>, "/usr/include/c++/13/backward/bits/stdlib.h", O_RDONLY|O_NOCTTY) = -1 ENOENT (No such file or directory)
2166797 openat(AT_FDCWD</home/riomus/runs/sfora-standalone-gpu-sha-build-source-v1>, "/usr/lib/gcc/aarch64-linux-gnu/13/include/bits/stdlib.h", O_RDONLY|O_NOCTTY) = -1 ENOENT (No such file or directory)
2166797 openat(AT_FDCWD</home/riomus/runs/sfora-standalone-gpu-sha-build-source-v1>, "/usr/local/include/bits/stdlib.h", O_RDONLY|O_NOCTTY) = -1 ENOENT (No such file or directory)
2166797 openat(AT_FDCWD</home/riomus/runs/sfora-standalone-gpu-sha-build-source-v1>, "/usr/include/aarch64-linux-gnu/bits/stdlib.h", O_RDONLY|O_NOCTTY) = 4</usr/include/aarch64-linux-gnu/bits/stdlib.h>
2166797 openat(AT_FDCWD</home/riomus/runs/sfora-standalone-gpu-sha-build-source-v1>, "/home/riomus/toolchains/cuda-13.4-wheel-env/lib/python3.12/site-packages/nvidia/cu13/bin/../include/bits/std_abs.h", O_RDONLY|O_NOCTTY) = -1 ENOENT (No such file or directory)
2166797 openat(AT_FDCWD</home/riomus/runs/sfora-standalone-gpu-sha-build-source-v1>, "/usr/include/c++/13/bits/std_abs.h", O_RDONLY|O_NOCTTY) = 4</usr/include/c++/13/bits/std_abs.h>
2166797 openat(AT_FDCWD</home/riomus/runs/sfora-standalone-gpu-sha-build-source-v1>, "/home/riomus/toolchains/cuda-13.4-wheel-env/lib/python3.12/site-packages/nvidia/cu13/bin/../include/crt/host_defines.h", O_RDONLY|O_NOCTTY) = 4</home/riomus/toolchains/cuda-13.4-wheel-env/lib/python3.12/site-packages/nvidia/cu13/include/crt/host_defines.h>
2166797 openat(AT_FDCWD</home/riomus/runs/sfora-standalone-gpu-sha-build-source-v1>, "/home/riomus/toolchains/cuda-13.4-wheel-env/lib/python3.12/site-packages/nvidia/cu13/bin/../include/driver_functions.h", O_RDONLY|O_NOCTTY) = 4</home/riomus/toolchains/cuda-13.4-wheel-env/lib/python3.12/site-packages/nvidia/cu13/include/driver_functions.h>
2166797 openat(AT_FDCWD</home/riomus/runs/sfora-standalone-gpu-sha-build-source-v1>, "/home/riomus/toolchains/cuda-13.4-wheel-env/lib/python3.12/site-packages/nvidia/cu13/bin/../include/builtin_types.h", O_RDONLY|O_NOCTTY) = 4</home/riomus/toolchains/cuda-13.4-wheel-env/lib/python3.12/site-packages/nvidia/cu13/include/builtin_types.h>
2166797 openat(AT_FDCWD</home/riomus/runs/sfora-standalone-gpu-sha-build-source-v1>, "/home/riomus/toolchains/cuda-13.4-wheel-env/lib/python3.12/site-packages/nvidia/cu13/bin/../include/crt/host_defines.h", O_RDONLY|O_NOCTTY) = 4</home/riomus/toolchains/cuda-13.4-wheel-env/lib/python3.12/site-packages/nvidia/cu13/include/crt/host_defines.h>
2166797 openat(AT_FDCWD</home/riomus/runs/sfora-standalone-gpu-sha-build-source-v1>, "/home/riomus/toolchains/cuda-13.4-wheel-env/lib/python3.12/site-packages/nvidia/cu13/bin/../include/crt/host_defines.h", O_RDONLY|O_NOCTTY) = 4</home/riomus/toolchains/cuda-13.4-wheel-env/lib/python3.12/site-packages/nvidia/cu13/include/crt/host_defines.h>
2166797 openat(AT_FDCWD</home/riomus/runs/sfora-standalone-gpu-sha-build-source-v1>, "/home/riomus/toolchains/cuda-13.4-wheel-env/lib/python3.12/site-packages/nvidia/cu13/bin/../include/vector_functions.h", O_RDONLY|O_NOCTTY) = 4</home/riomus/toolchains/cuda-13.4-wheel-env/lib/python3.12/site-packages/nvidia/cu13/include/vector_functions.h>
2166797 openat(AT_FDCWD</home/riomus/runs/sfora-standalone-gpu-sha-build-source-v1>, "/home/riomus/toolchains/cuda-13.4-wheel-env/lib/python3.12/site-packages/nvidia/cu13/bin/../include/vector_functions.hpp", O_RDONLY|O_NOCTTY) = 4</home/riomus/toolchains/cuda-13.4-wheel-env/lib/python3.12/site-packages/nvidia/cu13/include/vector_functions.hpp>
2166797 openat(AT_FDCWD</home/riomus/runs/sfora-standalone-gpu-sha-build-source-v1>, "/home/riomus/toolchains/cuda-13.4-wheel-env/lib/python3.12/site-packages/nvidia/cu13/bin/../include/crt/common_functions.h", O_RDONLY|O_NOCTTY) = 4</home/riomus/toolchains/cuda-13.4-wheel-env/lib/python3.12/site-packages/nvidia/cu13/include/crt/common_functions.h>
2166797 openat(AT_FDCWD</home/riomus/runs/sfora-standalone-gpu-sha-build-source-v1>, "/home/riomus/toolchains/cuda-13.4-wheel-env/lib/python3.12/site-packages/nvidia/cu13/bin/../include/crt/builtin_types.h", O_RDONLY|O_NOCTTY) = -1 ENOENT (No such file or directory)
2166797 openat(AT_FDCWD</home/riomus/runs/sfora-standalone-gpu-sha-build-source-v1>, "/home/riomus/toolchains/cuda-13.4-wheel-env/lib/python3.12/site-packages/nvidia/cu13/bin/../include/builtin_types.h", O_RDONLY|O_NOCTTY) = 4</home/riomus/toolchains/cuda-13.4-wheel-env/lib/python3.12/site-packages/nvidia/cu13/include/builtin_types.h>
2166797 openat(AT_FDCWD</home/riomus/runs/sfora-standalone-gpu-sha-build-source-v1>, "/home/riomus/toolchains/cuda-13.4-wheel-env/lib/python3.12/site-packages/nvidia/cu13/bin/../include/crt/host_defines.h", O_RDONLY|O_NOCTTY) = 4</home/riomus/toolchains/cuda-13.4-wheel-env/lib/python3.12/site-packages/nvidia/cu13/include/crt/host_defines.h>
2166797 openat(AT_FDCWD</home/riomus/runs/sfora-standalone-gpu-sha-build-source-v1>, "/home/riomus/toolchains/cuda-13.4-wheel-env/lib/python3.12/site-packages/nvidia/cu13/bin/../include/string.h", O_RDONLY|O_NOCTTY) = -1 ENOENT (No such file or directory)
2166797 openat(AT_FDCWD</home/riomus/runs/sfora-standalone-gpu-sha-build-source-v1>, "/usr/include/c++/13/string.h", O_RDONLY|O_NOCTTY) = -1 ENOENT (No such file or directory)
2166797 openat(AT_FDCWD</home/riomus/runs/sfora-standalone-gpu-sha-build-source-v1>, "/usr/include/aarch64-linux-gnu/c++/13/string.h", O_RDONLY|O_NOCTTY) = -1 ENOENT (No such file or directory)
2166797 openat(AT_FDCWD</home/riomus/runs/sfora-standalone-gpu-sha-build-source-v1>, "/usr/include/c++/13/backward/string.h", O_RDONLY|O_NOCTTY) = -1 ENOENT (No such file or directory)
2166797 openat(AT_FDCWD</home/riomus/runs/sfora-standalone-gpu-sha-build-source-v1>, "/usr/lib/gcc/aarch64-linux-gnu/13/include/string.h", O_RDONLY|O_NOCTTY) = -1 ENOENT (No such file or directory)
2166797 openat(AT_FDCWD</home/riomus/runs/sfora-standalone-gpu-sha-build-source-v1>, "/usr/local/include/string.h", O_RDONLY|O_NOCTTY) = -1 ENOENT (No such file or directory)
2166797 openat(AT_FDCWD</home/riomus/runs/sfora-standalone-gpu-sha-build-source-v1>, "/usr/include/aarch64-linux-gnu/string.h", O_RDONLY|O_NOCTTY) = -1 ENOENT (No such file or directory)
2166797 openat(AT_FDCWD</home/riomus/runs/sfora-standalone-gpu-sha-build-source-v1>, "/usr/include/string.h", O_RDONLY|O_NOCTTY) = 4</usr/include/string.h>
2166797 openat(AT_FDCWD</home/riomus/runs/sfora-standalone-gpu-sha-build-source-v1>, "/usr/include/aarch64-linux-gnu/bits/libc-header-start.h", O_RDONLY|O_NOCTTY) = 4</usr/include/aarch64-linux-gnu/bits/libc-header-start.h>
2166797 openat(AT_FDCWD</home/riomus/runs/sfora-standalone-gpu-sha-build-source-v1>, "/usr/lib/gcc/aarch64-linux-gnu/13/include/stddef.h", O_RDONLY|O_NOCTTY) = 4</usr/lib/gcc/aarch64-linux-gnu/13/include/stddef.h>
2166797 openat(AT_FDCWD</home/riomus/runs/sfora-standalone-gpu-sha-build-source-v1>, "/home/riomus/toolchains/cuda-13.4-wheel-env/lib/python3.12/site-packages/nvidia/cu13/bin/../include/strings.h", O_RDONLY|O_NOCTTY) = -1 ENOENT (No such file or directory)
2166797 openat(AT_FDCWD</home/riomus/runs/sfora-standalone-gpu-sha-build-source-v1>, "/usr/include/c++/13/strings.h", O_RDONLY|O_NOCTTY) = -1 ENOENT (No such file or directory)
2166797 openat(AT_FDCWD</home/riomus/runs/sfora-standalone-gpu-sha-build-source-v1>, "/usr/include/aarch64-linux-gnu/c++/13/strings.h", O_RDONLY|O_NOCTTY) = -1 ENOENT (No such file or directory)
2166797 openat(AT_FDCWD</home/riomus/runs/sfora-standalone-gpu-sha-build-source-v1>, "/usr/include/c++/13/backward/strings.h", O_RDONLY|O_NOCTTY) = -1 ENOENT (No such file or directory)
2166797 openat(AT_FDCWD</home/riomus/runs/sfora-standalone-gpu-sha-build-source-v1>, "/usr/lib/gcc/aarch64-linux-gnu/13/include/strings.h", O_RDONLY|O_NOCTTY) = -1 ENOENT (No such file or directory)
2166797 openat(AT_FDCWD</home/riomus/runs/sfora-standalone-gpu-sha-build-source-v1>, "/usr/local/include/strings.h", O_RDONLY|O_NOCTTY) = -1 ENOENT (No such file or directory)
2166797 openat(AT_FDCWD</home/riomus/runs/sfora-standalone-gpu-sha-build-source-v1>, "/usr/include/aarch64-linux-gnu/strings.h", O_RDONLY|O_NOCTTY) = -1 ENOENT (No such file or directory)
2166797 openat(AT_FDCWD</home/riomus/runs/sfora-standalone-gpu-sha-build-source-v1>, "/usr/include/strings.h", O_RDONLY|O_NOCTTY) = 4</usr/include/strings.h>
2166797 openat(AT_FDCWD</home/riomus/runs/sfora-standalone-gpu-sha-build-source-v1>, "/usr/lib/gcc/aarch64-linux-gnu/13/include/stddef.h", O_RDONLY|O_NOCTTY) = 4</usr/lib/gcc/aarch64-linux-gnu/13/include/stddef.h>
2166797 openat(AT_FDCWD</home/riomus/runs/sfora-standalone-gpu-sha-build-source-v1>, "/home/riomus/toolchains/cuda-13.4-wheel-env/lib/python3.12/site-packages/nvidia/cu13/bin/../include/bits/strings_fortified.h", O_RDONLY|O_NOCTTY) = -1 ENOENT (No such file or directory)
2166797 openat(AT_FDCWD</home/riomus/runs/sfora-standalone-gpu-sha-build-source-v1>, "/usr/include/c++/13/bits/strings_fortified.h", O_RDONLY|O_NOCTTY) = -1 ENOENT (No such file or directory)
2166797 openat(AT_FDCWD</home/riomus/runs/sfora-standalone-gpu-sha-build-source-v1>, "/usr/include/aarch64-linux-gnu/c++/13/bits/strings_fortified.h", O_RDONLY|O_NOCTTY) = -1 ENOENT (No such file or directory)
2166797 openat(AT_FDCWD</home/riomus/runs/sfora-standalone-gpu-sha-build-source-v1>, "/usr/include/c++/13/backward/bits/strings_fortified.h", O_RDONLY|O_NOCTTY) = -1 ENOENT (No such file or directory)
2166797 openat(AT_FDCWD</home/riomus/runs/sfora-standalone-gpu-sha-build-source-v1>, "/usr/lib/gcc/aarch64-linux-gnu/13/include/bits/strings_fortified.h", O_RDONLY|O_NOCTTY) = -1 ENOENT (No such file or directory)
2166797 openat(AT_FDCWD</home/riomus/runs/sfora-standalone-gpu-sha-build-source-v1>, "/usr/local/include/bits/strings_fortified.h", O_RDONLY|O_NOCTTY) = -1 ENOENT (No such file or directory)
2166797 openat(AT_FDCWD</home/riomus/runs/sfora-standalone-gpu-sha-build-source-v1>, "/usr/include/aarch64-linux-gnu/bits/strings_fortified.h", O_RDONLY|O_NOCTTY) = 4</usr/include/aarch64-linux-gnu/bits/strings_fortified.h>
2166797 openat(AT_FDCWD</home/riomus/runs/sfora-standalone-gpu-sha-build-source-v1>, "/home/riomus/toolchains/cuda-13.4-wheel-env/lib/python3.12/site-packages/nvidia/cu13/bin/../include/bits/string_fortified.h", O_RDONLY|O_NOCTTY) = -1 ENOENT (No such file or directory)
2166797 openat(AT_FDCWD</home/riomus/runs/sfora-standalone-gpu-sha-build-source-v1>, "/usr/include/c++/13/bits/string_fortified.h", O_RDONLY|O_NOCTTY) = -1 ENOENT (No such file or directory)
2166797 openat(AT_FDCWD</home/riomus/runs/sfora-standalone-gpu-sha-build-source-v1>, "/usr/include/aarch64-linux-gnu/c++/13/bits/string_fortified.h", O_RDONLY|O_NOCTTY) = -1 ENOENT (No such file or directory)
2166797 openat(AT_FDCWD</home/riomus/runs/sfora-standalone-gpu-sha-build-source-v1>, "/usr/include/c++/13/backward/bits/string_fortified.h", O_RDONLY|O_NOCTTY) = -1 ENOENT (No such file or directory)
2166797 openat(AT_FDCWD</home/riomus/runs/sfora-standalone-gpu-sha-build-source-v1>, "/usr/lib/gcc/aarch64-linux-gnu/13/include/bits/string_fortified.h", O_RDONLY|O_NOCTTY) = -1 ENOENT (No such file or directory)
2166797 openat(AT_FDCWD</home/riomus/runs/sfora-standalone-gpu-sha-build-source-v1>, "/usr/local/include/bits/string_fortified.h", O_RDONLY|O_NOCTTY) = -1 ENOENT (No such file or directory)
2166797 openat(AT_FDCWD</home/riomus/runs/sfora-standalone-gpu-sha-build-source-v1>, "/usr/include/aarch64-linux-gnu/bits/string_fortified.h", O_RDONLY|O_NOCTTY) = 4</usr/include/aarch64-linux-gnu/bits/string_fortified.h>
2166797 openat(AT_FDCWD</home/riomus/runs/sfora-standalone-gpu-sha-build-source-v1>, "/home/riomus/toolchains/cuda-13.4-wheel-env/lib/python3.12/site-packages/nvidia/cu13/bin/../include/time.h", O_RDONLY|O_NOCTTY) = -1 ENOENT (No such file or directory)
2166797 openat(AT_FDCWD</home/riomus/runs/sfora-standalone-gpu-sha-build-source-v1>, "/usr/include/c++/13/time.h", O_RDONLY|O_NOCTTY) = -1 ENOENT (No such file or directory)
2166797 openat(AT_FDCWD</home/riomus/runs/sfora-standalone-gpu-sha-build-source-v1>, "/usr/include/aarch64-linux-gnu/c++/13/time.h", O_RDONLY|O_NOCTTY) = -1 ENOENT (No such file or directory)
2166797 openat(AT_FDCWD</home/riomus/runs/sfora-standalone-gpu-sha-build-source-v1>, "/usr/include/c++/13/backward/time.h", O_RDONLY|O_NOCTTY) = -1 ENOENT (No such file or directory)
2166797 openat(AT_FDCWD</home/riomus/runs/sfora-standalone-gpu-sha-build-source-v1>, "/usr/lib/gcc/aarch64-linux-gnu/13/include/time.h", O_RDONLY|O_NOCTTY) = -1 ENOENT (No such file or directory)
2166797 openat(AT_FDCWD</home/riomus/runs/sfora-standalone-gpu-sha-build-source-v1>, "/usr/local/include/time.h", O_RDONLY|O_NOCTTY) = -1 ENOENT (No such file or directory)
2166797 openat(AT_FDCWD</home/riomus/runs/sfora-standalone-gpu-sha-build-source-v1>, "/usr/include/aarch64-linux-gnu/time.h", O_RDONLY|O_NOCTTY) = -1 ENOENT (No such file or directory)
2166797 openat(AT_FDCWD</home/riomus/runs/sfora-standalone-gpu-sha-build-source-v1>, "/usr/include/time.h", O_RDONLY|O_NOCTTY) = 4</usr/include/time.h>
2166797 openat(AT_FDCWD</home/riomus/runs/sfora-standalone-gpu-sha-build-source-v1>, "/usr/lib/gcc/aarch64-linux-gnu/13/include/stddef.h", O_RDONLY|O_NOCTTY) = 4</usr/lib/gcc/aarch64-linux-gnu/13/include/stddef.h>
2166797 openat(AT_FDCWD</home/riomus/runs/sfora-standalone-gpu-sha-build-source-v1>, "/home/riomus/toolchains/cuda-13.4-wheel-env/lib/python3.12/site-packages/nvidia/cu13/bin/../include/bits/time.h", O_RDONLY|O_NOCTTY) = -1 ENOENT (No such file or directory)
2166797 openat(AT_FDCWD</home/riomus/runs/sfora-standalone-gpu-sha-build-source-v1>, "/usr/include/c++/13/bits/time.h", O_RDONLY|O_NOCTTY) = -1 ENOENT (No such file or directory)
2166797 openat(AT_FDCWD</home/riomus/runs/sfora-standalone-gpu-sha-build-source-v1>, "/usr/include/aarch64-linux-gnu/c++/13/bits/time.h", O_RDONLY|O_NOCTTY) = -1 ENOENT (No such file or directory)
2166797 openat(AT_FDCWD</home/riomus/runs/sfora-standalone-gpu-sha-build-source-v1>, "/usr/include/c++/13/backward/bits/time.h", O_RDONLY|O_NOCTTY) = -1 ENOENT (No such file or directory)
2166797 openat(AT_FDCWD</home/riomus/runs/sfora-standalone-gpu-sha-build-source-v1>, "/usr/lib/gcc/aarch64-linux-gnu/13/include/bits/time.h", O_RDONLY|O_NOCTTY) = -1 ENOENT (No such file or directory)
2166797 openat(AT_FDCWD</home/riomus/runs/sfora-standalone-gpu-sha-build-source-v1>, "/usr/local/include/bits/time.h", O_RDONLY|O_NOCTTY) = -1 ENOENT (No such file or directory)
2166797 openat(AT_FDCWD</home/riomus/runs/sfora-standalone-gpu-sha-build-source-v1>, "/usr/include/aarch64-linux-gnu/bits/time.h", O_RDONLY|O_NOCTTY) = 4</usr/include/aarch64-linux-gnu/bits/time.h>
2166797 openat(AT_FDCWD</home/riomus/runs/sfora-standalone-gpu-sha-build-source-v1>, "/home/riomus/toolchains/cuda-13.4-wheel-env/lib/python3.12/site-packages/nvidia/cu13/bin/../include/bits/timex.h", O_RDONLY|O_NOCTTY) = -1 ENOENT (No such file or directory)
2166797 openat(AT_FDCWD</home/riomus/runs/sfora-standalone-gpu-sha-build-source-v1>, "/usr/include/c++/13/bits/timex.h", O_RDONLY|O_NOCTTY) = -1 ENOENT (No such file or directory)
2166797 openat(AT_FDCWD</home/riomus/runs/sfora-standalone-gpu-sha-build-source-v1>, "/usr/include/aarch64-linux-gnu/c++/13/bits/timex.h", O_RDONLY|O_NOCTTY) = -1 ENOENT (No such file or directory)
2166797 openat(AT_FDCWD</home/riomus/runs/sfora-standalone-gpu-sha-build-source-v1>, "/usr/include/c++/13/backward/bits/timex.h", O_RDONLY|O_NOCTTY) = -1 ENOENT (No such file or directory)
2166797 openat(AT_FDCWD</home/riomus/runs/sfora-standalone-gpu-sha-build-source-v1>, "/usr/lib/gcc/aarch64-linux-gnu/13/include/bits/timex.h", O_RDONLY|O_NOCTTY) = -1 ENOENT (No such file or directory)
2166797 openat(AT_FDCWD</home/riomus/runs/sfora-standalone-gpu-sha-build-source-v1>, "/usr/local/include/bits/timex.h", O_RDONLY|O_NOCTTY) = -1 ENOENT (No such file or directory)
2166797 openat(AT_FDCWD</home/riomus/runs/sfora-standalone-gpu-sha-build-source-v1>, "/usr/include/aarch64-linux-gnu/bits/timex.h", O_RDONLY|O_NOCTTY) = 4</usr/include/aarch64-linux-gnu/bits/timex.h>
2166797 openat(AT_FDCWD</home/riomus/runs/sfora-standalone-gpu-sha-build-source-v1>, "/home/riomus/toolchains/cuda-13.4-wheel-env/lib/python3.12/site-packages/nvidia/cu13/bin/../include/bits/types/struct_tm.h", O_RDONLY|O_NOCTTY) = -1 ENOENT (No such file or directory)
2166797 openat(AT_FDCWD</home/riomus/runs/sfora-standalone-gpu-sha-build-source-v1>, "/usr/include/c++/13/bits/types/struct_tm.h", O_RDONLY|O_NOCTTY) = -1 ENOENT (No such file or directory)
2166797 openat(AT_FDCWD</home/riomus/runs/sfora-standalone-gpu-sha-build-source-v1>, "/usr/include/aarch64-linux-gnu/c++/13/bits/types/struct_tm.h", O_RDONLY|O_NOCTTY) = -1 ENOENT (No such file or directory)
2166797 openat(AT_FDCWD</home/riomus/runs/sfora-standalone-gpu-sha-build-source-v1>, "/usr/include/c++/13/backward/bits/types/struct_tm.h", O_RDONLY|O_NOCTTY) = -1 ENOENT (No such file or directory)
2166797 openat(AT_FDCWD</home/riomus/runs/sfora-standalone-gpu-sha-build-source-v1>, "/usr/lib/gcc/aarch64-linux-gnu/13/include/bits/types/struct_tm.h", O_RDONLY|O_NOCTTY) = -1 ENOENT (No such file or directory)
2166797 openat(AT_FDCWD</home/riomus/runs/sfora-standalone-gpu-sha-build-source-v1>, "/usr/local/include/bits/types/struct_tm.h", O_RDONLY|O_NOCTTY) = -1 ENOENT (No such file or directory)
2166797 openat(AT_FDCWD</home/riomus/runs/sfora-standalone-gpu-sha-build-source-v1>, "/usr/include/aarch64-linux-gnu/bits/types/struct_tm.h", O_RDONLY|O_NOCTTY) = 4</usr/include/aarch64-linux-gnu/bits/types/struct_tm.h>
2166797 openat(AT_FDCWD</home/riomus/runs/sfora-standalone-gpu-sha-build-source-v1>, "/home/riomus/toolchains/cuda-13.4-wheel-env/lib/python3.12/site-packages/nvidia/cu13/bin/../include/bits/types/struct_itimerspec.h", O_RDONLY|O_NOCTTY) = -1 ENOENT (No such file or directory)
2166797 openat(AT_FDCWD</home/riomus/runs/sfora-standalone-gpu-sha-build-source-v1>, "/usr/include/c++/13/bits/types/struct_itimerspec.h", O_RDONLY|O_NOCTTY) = -1 ENOENT (No such file or directory)
2166797 openat(AT_FDCWD</home/riomus/runs/sfora-standalone-gpu-sha-build-source-v1>, "/usr/include/aarch64-linux-gnu/c++/13/bits/types/struct_itimerspec.h", O_RDONLY|O_NOCTTY) = -1 ENOENT (No such file or directory)
2166797 openat(AT_FDCWD</home/riomus/runs/sfora-standalone-gpu-sha-build-source-v1>, "/usr/include/c++/13/backward/bits/types/struct_itimerspec.h", O_RDONLY|O_NOCTTY) = -1 ENOENT (No such file or directory)
2166797 openat(AT_FDCWD</home/riomus/runs/sfora-standalone-gpu-sha-build-source-v1>, "/usr/lib/gcc/aarch64-linux-gnu/13/include/bits/types/struct_itimerspec.h", O_RDONLY|O_NOCTTY) = -1 ENOENT (No such file or directory)
2166797 openat(AT_FDCWD</home/riomus/runs/sfora-standalone-gpu-sha-build-source-v1>, "/usr/local/include/bits/types/struct_itimerspec.h", O_RDONLY|O_NOCTTY) = -1 ENOENT (No such file or directory)
2166797 openat(AT_FDCWD</home/riomus/runs/sfora-standalone-gpu-sha-build-source-v1>, "/usr/include/aarch64-linux-gnu/bits/types/struct_itimerspec.h", O_RDONLY|O_NOCTTY) = 4</usr/include/aarch64-linux-gnu/bits/types/struct_itimerspec.h>
2166797 openat(AT_FDCWD</home/riomus/runs/sfora-standalone-gpu-sha-build-source-v1>, "/home/riomus/toolchains/cuda-13.4-wheel-env/lib/python3.12/site-packages/nvidia/cu13/bin/../include/crt/math_functions.h", O_RDONLY|O_NOCTTY) = 4</home/riomus/toolchains/cuda-13.4-wheel-env/lib/python3.12/site-packages/nvidia/cu13/include/crt/math_functions.h>
2166797 openat(AT_FDCWD</home/riomus/runs/sfora-standalone-gpu-sha-build-source-v1>, "/home/riomus/toolchains/cuda-13.4-wheel-env/lib/python3.12/site-packages/nvidia/cu13/bin/../include/builtin_types.h", O_RDONLY|O_NOCTTY) = 4</home/riomus/toolchains/cuda-13.4-wheel-env/lib/python3.12/site-packages/nvidia/cu13/include/builtin_types.h>
2166797 openat(AT_FDCWD</home/riomus/runs/sfora-standalone-gpu-sha-build-source-v1>, "/home/riomus/toolchains/cuda-13.4-wheel-env/lib/python3.12/site-packages/nvidia/cu13/bin/../include/crt/host_defines.h", O_RDONLY|O_NOCTTY) = 4</home/riomus/toolchains/cuda-13.4-wheel-env/lib/python3.12/site-packages/nvidia/cu13/include/crt/host_defines.h>
2166797 openat(AT_FDCWD</home/riomus/runs/sfora-standalone-gpu-sha-build-source-v1>, "/home/riomus/toolchains/cuda-13.4-wheel-env/lib/python3.12/site-packages/nvidia/cu13/bin/../include/math.h", O_RDONLY|O_NOCTTY) = -1 ENOENT (No such file or directory)
2166797 openat(AT_FDCWD</home/riomus/runs/sfora-standalone-gpu-sha-build-source-v1>, "/usr/include/c++/13/math.h", O_RDONLY|O_NOCTTY) = 4</usr/include/c++/13/math.h>
2166797 openat(AT_FDCWD</home/riomus/runs/sfora-standalone-gpu-sha-build-source-v1>, "/home/riomus/toolchains/cuda-13.4-wheel-env/lib/python3.12/site-packages/nvidia/cu13/bin/../include/cmath", O_RDONLY|O_NOCTTY) = -1 ENOENT (No such file or directory)
2166797 openat(AT_FDCWD</home/riomus/runs/sfora-standalone-gpu-sha-build-source-v1>, "/usr/include/c++/13/cmath", O_RDONLY|O_NOCTTY) = 4</usr/include/c++/13/cmath>
2166797 openat(AT_FDCWD</home/riomus/runs/sfora-standalone-gpu-sha-build-source-v1>, "/home/riomus/toolchains/cuda-13.4-wheel-env/lib/python3.12/site-packages/nvidia/cu13/bin/../include/bits/requires_hosted.h", O_RDONLY|O_NOCTTY) = -1 ENOENT (No such file or directory)
2166797 openat(AT_FDCWD</home/riomus/runs/sfora-standalone-gpu-sha-build-source-v1>, "/usr/include/c++/13/bits/requires_hosted.h", O_RDONLY|O_NOCTTY) = 4</usr/include/c++/13/bits/requires_hosted.h>
2166797 openat(AT_FDCWD</home/riomus/runs/sfora-standalone-gpu-sha-build-source-v1>, "/home/riomus/toolchains/cuda-13.4-wheel-env/lib/python3.12/site-packages/nvidia/cu13/bin/../include/bits/cpp_type_traits.h", O_RDONLY|O_NOCTTY) = -1 ENOENT (No such file or directory)
2166797 openat(AT_FDCWD</home/riomus/runs/sfora-standalone-gpu-sha-build-source-v1>, "/usr/include/c++/13/bits/cpp_type_traits.h", O_RDONLY|O_NOCTTY) = 4</usr/include/c++/13/bits/cpp_type_traits.h>
2166797 openat(AT_FDCWD</home/riomus/runs/sfora-standalone-gpu-sha-build-source-v1>, "/home/riomus/toolchains/cuda-13.4-wheel-env/lib/python3.12/site-packages/nvidia/cu13/bin/../include/ext/type_traits.h", O_RDONLY|O_NOCTTY) = -1 ENOENT (No such file or directory)
2166797 openat(AT_FDCWD</home/riomus/runs/sfora-standalone-gpu-sha-build-source-v1>, "/usr/include/c++/13/ext/type_traits.h", O_RDONLY|O_NOCTTY) = 4</usr/include/c++/13/ext/type_traits.h>
2166797 openat(AT_FDCWD</home/riomus/runs/sfora-standalone-gpu-sha-build-source-v1>, "/usr/include/aarch64-linux-gnu/c++/13/math.h", O_RDONLY|O_NOCTTY) = -1 ENOENT (No such file or directory)
2166797 openat(AT_FDCWD</home/riomus/runs/sfora-standalone-gpu-sha-build-source-v1>, "/usr/include/c++/13/backward/math.h", O_RDONLY|O_NOCTTY) = -1 ENOENT (No such file or directory)
2166797 openat(AT_FDCWD</home/riomus/runs/sfora-standalone-gpu-sha-build-source-v1>, "/usr/lib/gcc/aarch64-linux-gnu/13/include/math.h", O_RDONLY|O_NOCTTY) = -1 ENOENT (No such file or directory)
2166797 openat(AT_FDCWD</home/riomus/runs/sfora-standalone-gpu-sha-build-source-v1>, "/usr/local/include/math.h", O_RDONLY|O_NOCTTY) = -1 ENOENT (No such file or directory)
2166797 openat(AT_FDCWD</home/riomus/runs/sfora-standalone-gpu-sha-build-source-v1>, "/usr/include/aarch64-linux-gnu/math.h", O_RDONLY|O_NOCTTY) = -1 ENOENT (No such file or directory)
2166797 openat(AT_FDCWD</home/riomus/runs/sfora-standalone-gpu-sha-build-source-v1>, "/usr/include/math.h", O_RDONLY|O_NOCTTY) = 4</usr/include/math.h>
2166797 openat(AT_FDCWD</home/riomus/runs/sfora-standalone-gpu-sha-build-source-v1>, "/usr/include/aarch64-linux-gnu/bits/libc-header-start.h", O_RDONLY|O_NOCTTY) = 4</usr/include/aarch64-linux-gnu/bits/libc-header-start.h>
2166797 openat(AT_FDCWD</home/riomus/runs/sfora-standalone-gpu-sha-build-source-v1>, "/home/riomus/toolchains/cuda-13.4-wheel-env/lib/python3.12/site-packages/nvidia/cu13/bin/../include/bits/math-vector.h", O_RDONLY|O_NOCTTY) = -1 ENOENT (No such file or directory)
2166797 openat(AT_FDCWD</home/riomus/runs/sfora-standalone-gpu-sha-build-source-v1>, "/usr/include/c++/13/bits/math-vector.h", O_RDONLY|O_NOCTTY) = -1 ENOENT (No such file or directory)
2166797 openat(AT_FDCWD</home/riomus/runs/sfora-standalone-gpu-sha-build-source-v1>, "/usr/include/aarch64-linux-gnu/c++/13/bits/math-vector.h", O_RDONLY|O_NOCTTY) = -1 ENOENT (No such file or directory)
2166797 openat(AT_FDCWD</home/riomus/runs/sfora-standalone-gpu-sha-build-source-v1>, "/usr/include/c++/13/backward/bits/math-vector.h", O_RDONLY|O_NOCTTY) = -1 ENOENT (No such file or directory)
2166797 openat(AT_FDCWD</home/riomus/runs/sfora-standalone-gpu-sha-build-source-v1>, "/usr/lib/gcc/aarch64-linux-gnu/13/include/bits/math-vector.h", O_RDONLY|O_NOCTTY) = -1 ENOENT (No such file or directory)
2166797 openat(AT_FDCWD</home/riomus/runs/sfora-standalone-gpu-sha-build-source-v1>, "/usr/local/include/bits/math-vector.h", O_RDONLY|O_NOCTTY) = -1 ENOENT (No such file or directory)
2166797 openat(AT_FDCWD</home/riomus/runs/sfora-standalone-gpu-sha-build-source-v1>, "/usr/include/aarch64-linux-gnu/bits/math-vector.h", O_RDONLY|O_NOCTTY) = 4</usr/include/aarch64-linux-gnu/bits/math-vector.h>
2166797 openat(AT_FDCWD</home/riomus/runs/sfora-standalone-gpu-sha-build-source-v1>, "/home/riomus/toolchains/cuda-13.4-wheel-env/lib/python3.12/site-packages/nvidia/cu13/bin/../include/bits/libm-simd-decl-stubs.h", O_RDONLY|O_NOCTTY) = -1 ENOENT (No such file or directory)
2166797 openat(AT_FDCWD</home/riomus/runs/sfora-standalone-gpu-sha-build-source-v1>, "/usr/include/c++/13/bits/libm-simd-decl-stubs.h", O_RDONLY|O_NOCTTY) = -1 ENOENT (No such file or directory)
2166797 openat(AT_FDCWD</home/riomus/runs/sfora-standalone-gpu-sha-build-source-v1>, "/usr/include/aarch64-linux-gnu/c++/13/bits/libm-simd-decl-stubs.h", O_RDONLY|O_NOCTTY) = -1 ENOENT (No such file or directory)
2166797 openat(AT_FDCWD</home/riomus/runs/sfora-standalone-gpu-sha-build-source-v1>, "/usr/include/c++/13/backward/bits/libm-simd-decl-stubs.h", O_RDONLY|O_NOCTTY) = -1 ENOENT (No such file or directory)
2166797 openat(AT_FDCWD</home/riomus/runs/sfora-standalone-gpu-sha-build-source-v1>, "/usr/lib/gcc/aarch64-linux-gnu/13/include/bits/libm-simd-decl-stubs.h", O_RDONLY|O_NOCTTY) = -1 ENOENT (No such file or directory)
2166797 openat(AT_FDCWD</home/riomus/runs/sfora-standalone-gpu-sha-build-source-v1>, "/usr/local/include/bits/libm-simd-decl-stubs.h", O_RDONLY|O_NOCTTY) = -1 ENOENT (No such file or directory)
2166797 openat(AT_FDCWD</home/riomus/runs/sfora-standalone-gpu-sha-build-source-v1>, "/usr/include/aarch64-linux-gnu/bits/libm-simd-decl-stubs.h", O_RDONLY|O_NOCTTY) = 4</usr/include/aarch64-linux-gnu/bits/libm-simd-decl-stubs.h>
2166797 openat(AT_FDCWD</home/riomus/runs/sfora-standalone-gpu-sha-build-source-v1>, "/home/riomus/toolchains/cuda-13.4-wheel-env/lib/python3.12/site-packages/nvidia/cu13/bin/../include/bits/flt-eval-method.h", O_RDONLY|O_NOCTTY) = -1 ENOENT (No such file or directory)
2166797 openat(AT_FDCWD</home/riomus/runs/sfora-standalone-gpu-sha-build-source-v1>, "/usr/include/c++/13/bits/flt-eval-method.h", O_RDONLY|O_NOCTTY) = -1 ENOENT (No such file or directory)
2166797 openat(AT_FDCWD</home/riomus/runs/sfora-standalone-gpu-sha-build-source-v1>, "/usr/include/aarch64-linux-gnu/c++/13/bits/flt-eval-method.h", O_RDONLY|O_NOCTTY) = -1 ENOENT (No such file or directory)
2166797 openat(AT_FDCWD</home/riomus/runs/sfora-standalone-gpu-sha-build-source-v1>, "/usr/include/c++/13/backward/bits/flt-eval-method.h", O_RDONLY|O_NOCTTY) = -1 ENOENT (No such file or directory)
2166797 openat(AT_FDCWD</home/riomus/runs/sfora-standalone-gpu-sha-build-source-v1>, "/usr/lib/gcc/aarch64-linux-gnu/13/include/bits/flt-eval-method.h", O_RDONLY|O_NOCTTY) = -1 ENOENT (No such file or directory)
2166797 openat(AT_FDCWD</home/riomus/runs/sfora-standalone-gpu-sha-build-source-v1>, "/usr/local/include/bits/flt-eval-method.h", O_RDONLY|O_NOCTTY) = -1 ENOENT (No such file or directory)
2166797 openat(AT_FDCWD</home/riomus/runs/sfora-standalone-gpu-sha-build-source-v1>, "/usr/include/aarch64-linux-gnu/bits/flt-eval-method.h", O_RDONLY|O_NOCTTY) = 4</usr/include/aarch64-linux-gnu/bits/flt-eval-method.h>
2166797 openat(AT_FDCWD</home/riomus/runs/sfora-standalone-gpu-sha-build-source-v1>, "/home/riomus/toolchains/cuda-13.4-wheel-env/lib/python3.12/site-packages/nvidia/cu13/bin/../include/bits/fp-logb.h", O_RDONLY|O_NOCTTY) = -1 ENOENT (No such file or directory)
2166797 openat(AT_FDCWD</home/riomus/runs/sfora-standalone-gpu-sha-build-source-v1>, "/usr/include/c++/13/bits/fp-logb.h", O_RDONLY|O_NOCTTY) = -1 ENOENT (No such file or directory)
2166797 openat(AT_FDCWD</home/riomus/runs/sfora-standalone-gpu-sha-build-source-v1>, "/usr/include/aarch64-linux-gnu/c++/13/bits/fp-logb.h", O_RDONLY|O_NOCTTY) = -1 ENOENT (No such file or directory)
2166797 openat(AT_FDCWD</home/riomus/runs/sfora-standalone-gpu-sha-build-source-v1>, "/usr/include/c++/13/backward/bits/fp-logb.h", O_RDONLY|O_NOCTTY) = -1 ENOENT (No such file or directory)
2166797 openat(AT_FDCWD</home/riomus/runs/sfora-standalone-gpu-sha-build-source-v1>, "/usr/lib/gcc/aarch64-linux-gnu/13/include/bits/fp-logb.h", O_RDONLY|O_NOCTTY) = -1 ENOENT (No such file or directory)
2166797 openat(AT_FDCWD</home/riomus/runs/sfora-standalone-gpu-sha-build-source-v1>, "/usr/local/include/bits/fp-logb.h", O_RDONLY|O_NOCTTY) = -1 ENOENT (No such file or directory)
2166797 openat(AT_FDCWD</home/riomus/runs/sfora-standalone-gpu-sha-build-source-v1>, "/usr/include/aarch64-linux-gnu/bits/fp-logb.h", O_RDONLY|O_NOCTTY) = 4</usr/include/aarch64-linux-gnu/bits/fp-logb.h>
2166797 openat(AT_FDCWD</home/riomus/runs/sfora-standalone-gpu-sha-build-source-v1>, "/home/riomus/toolchains/cuda-13.4-wheel-env/lib/python3.12/site-packages/nvidia/cu13/bin/../include/bits/fp-fast.h", O_RDONLY|O_NOCTTY) = -1 ENOENT (No such file or directory)
2166797 openat(AT_FDCWD</home/riomus/runs/sfora-standalone-gpu-sha-build-source-v1>, "/usr/include/c++/13/bits/fp-fast.h", O_RDONLY|O_NOCTTY) = -1 ENOENT (No such file or directory)
2166797 openat(AT_FDCWD</home/riomus/runs/sfora-standalone-gpu-sha-build-source-v1>, "/usr/include/aarch64-linux-gnu/c++/13/bits/fp-fast.h", O_RDONLY|O_NOCTTY) = -1 ENOENT (No such file or directory)
2166797 openat(AT_FDCWD</home/riomus/runs/sfora-standalone-gpu-sha-build-source-v1>, "/usr/include/c++/13/backward/bits/fp-fast.h", O_RDONLY|O_NOCTTY) = -1 ENOENT (No such file or directory)
2166797 openat(AT_FDCWD</home/riomus/runs/sfora-standalone-gpu-sha-build-source-v1>, "/usr/lib/gcc/aarch64-linux-gnu/13/include/bits/fp-fast.h", O_RDONLY|O_NOCTTY) = -1 ENOENT (No such file or directory)
2166797 openat(AT_FDCWD</home/riomus/runs/sfora-standalone-gpu-sha-build-source-v1>, "/usr/local/include/bits/fp-fast.h", O_RDONLY|O_NOCTTY) = -1 ENOENT (No such file or directory)
2166797 openat(AT_FDCWD</home/riomus/runs/sfora-standalone-gpu-sha-build-source-v1>, "/usr/include/aarch64-linux-gnu/bits/fp-fast.h", O_RDONLY|O_NOCTTY) = 4</usr/include/aarch64-linux-gnu/bits/fp-fast.h>
2166797 openat(AT_FDCWD</home/riomus/runs/sfora-standalone-gpu-sha-build-source-v1>, "/home/riomus/toolchains/cuda-13.4-wheel-env/lib/python3.12/site-packages/nvidia/cu13/bin/../include/bits/mathcalls-helper-functions.h", O_RDONLY|O_NOCTTY) = -1 ENOENT (No such file or directory)
2166797 openat(AT_FDCWD</home/riomus/runs/sfora-standalone-gpu-sha-build-source-v1>, "/usr/include/c++/13/bits/mathcalls-helper-functions.h", O_RDONLY|O_NOCTTY) = -1 ENOENT (No such file or directory)
2166797 openat(AT_FDCWD</home/riomus/runs/sfora-standalone-gpu-sha-build-source-v1>, "/usr/include/aarch64-linux-gnu/c++/13/bits/mathcalls-helper-functions.h", O_RDONLY|O_NOCTTY) = -1 ENOENT (No such file or directory)
2166797 openat(AT_FDCWD</home/riomus/runs/sfora-standalone-gpu-sha-build-source-v1>, "/usr/include/c++/13/backward/bits/mathcalls-helper-functions.h", O_RDONLY|O_NOCTTY) = -1 ENOENT (No such file or directory)
2166797 openat(AT_FDCWD</home/riomus/runs/sfora-standalone-gpu-sha-build-source-v1>, "/usr/lib/gcc/aarch64-linux-gnu/13/include/bits/mathcalls-helper-functions.h", O_RDONLY|O_NOCTTY) = -1 ENOENT (No such file or directory)
2166797 openat(AT_FDCWD</home/riomus/runs/sfora-standalone-gpu-sha-build-source-v1>, "/usr/local/include/bits/mathcalls-helper-functions.h", O_RDONLY|O_NOCTTY) = -1 ENOENT (No such file or directory)
2166797 openat(AT_FDCWD</home/riomus/runs/sfora-standalone-gpu-sha-build-source-v1>, "/usr/include/aarch64-linux-gnu/bits/mathcalls-helper-functions.h", O_RDONLY|O_NOCTTY) = 4</usr/include/aarch64-linux-gnu/bits/mathcalls-helper-functions.h>
2166797 openat(AT_FDCWD</home/riomus/runs/sfora-standalone-gpu-sha-build-source-v1>, "/home/riomus/toolchains/cuda-13.4-wheel-env/lib/python3.12/site-packages/nvidia/cu13/bin/../include/bits/mathcalls.h", O_RDONLY|O_NOCTTY) = -1 ENOENT (No such file or directory)
2166797 openat(AT_FDCWD</home/riomus/runs/sfora-standalone-gpu-sha-build-source-v1>, "/usr/include/c++/13/bits/mathcalls.h", O_RDONLY|O_NOCTTY) = -1 ENOENT (No such file or directory)
2166797 openat(AT_FDCWD</home/riomus/runs/sfora-standalone-gpu-sha-build-source-v1>, "/usr/include/aarch64-linux-gnu/c++/13/bits/mathcalls.h", O_RDONLY|O_NOCTTY) = -1 ENOENT (No such file or directory)
2166797 openat(AT_FDCWD</home/riomus/runs/sfora-standalone-gpu-sha-build-source-v1>, "/usr/include/c++/13/backward/bits/mathcalls.h", O_RDONLY|O_NOCTTY) = -1 ENOENT (No such file or directory)
2166797 openat(AT_FDCWD</home/riomus/runs/sfora-standalone-gpu-sha-build-source-v1>, "/usr/lib/gcc/aarch64-linux-gnu/13/include/bits/mathcalls.h", O_RDONLY|O_NOCTTY) = -1 ENOENT (No such file or directory)
2166797 openat(AT_FDCWD</home/riomus/runs/sfora-standalone-gpu-sha-build-source-v1>, "/usr/local/include/bits/mathcalls.h", O_RDONLY|O_NOCTTY) = -1 ENOENT (No such file or directory)
2166797 openat(AT_FDCWD</home/riomus/runs/sfora-standalone-gpu-sha-build-source-v1>, "/usr/include/aarch64-linux-gnu/bits/mathcalls.h", O_RDONLY|O_NOCTTY) = 4</usr/include/aarch64-linux-gnu/bits/mathcalls.h>
2166797 openat(AT_FDCWD</home/riomus/runs/sfora-standalone-gpu-sha-build-source-v1>, "/usr/include/aarch64-linux-gnu/bits/mathcalls-helper-functions.h", O_RDONLY|O_NOCTTY) = 4</usr/include/aarch64-linux-gnu/bits/mathcalls-helper-functions.h>
2166797 openat(AT_FDCWD</home/riomus/runs/sfora-standalone-gpu-sha-build-source-v1>, "/usr/include/aarch64-linux-gnu/bits/mathcalls.h", O_RDONLY|O_NOCTTY) = 4</usr/include/aarch64-linux-gnu/bits/mathcalls.h>
2166797 openat(AT_FDCWD</home/riomus/runs/sfora-standalone-gpu-sha-build-source-v1>, "/usr/include/aarch64-linux-gnu/bits/mathcalls-helper-functions.h", O_RDONLY|O_NOCTTY) = 4</usr/include/aarch64-linux-gnu/bits/mathcalls-helper-functions.h>
2166797 openat(AT_FDCWD</home/riomus/runs/sfora-standalone-gpu-sha-build-source-v1>, "/usr/include/aarch64-linux-gnu/bits/mathcalls.h", O_RDONLY|O_NOCTTY) = 4</usr/include/aarch64-linux-gnu/bits/mathcalls.h>
2166797 openat(AT_FDCWD</home/riomus/runs/sfora-standalone-gpu-sha-build-source-v1>, "/usr/include/aarch64-linux-gnu/bits/mathcalls.h", O_RDONLY|O_NOCTTY) = 4</usr/include/aarch64-linux-gnu/bits/mathcalls.h>
2166797 openat(AT_FDCWD</home/riomus/runs/sfora-standalone-gpu-sha-build-source-v1>, "/usr/include/aarch64-linux-gnu/bits/mathcalls.h", O_RDONLY|O_NOCTTY) = 4</usr/include/aarch64-linux-gnu/bits/mathcalls.h>
2166797 openat(AT_FDCWD</home/riomus/runs/sfora-standalone-gpu-sha-build-source-v1>, "/usr/include/aarch64-linux-gnu/bits/mathcalls.h", O_RDONLY|O_NOCTTY) = 4</usr/include/aarch64-linux-gnu/bits/mathcalls.h>
2166797 openat(AT_FDCWD</home/riomus/runs/sfora-standalone-gpu-sha-build-source-v1>, "/usr/include/aarch64-linux-gnu/bits/mathcalls.h", O_RDONLY|O_NOCTTY) = 4</usr/include/aarch64-linux-gnu/bits/mathcalls.h>
2166797 openat(AT_FDCWD</home/riomus/runs/sfora-standalone-gpu-sha-build-source-v1>, "/usr/include/aarch64-linux-gnu/bits/mathcalls.h", O_RDONLY|O_NOCTTY) = 4</usr/include/aarch64-linux-gnu/bits/mathcalls.h>
2166797 openat(AT_FDCWD</home/riomus/runs/sfora-standalone-gpu-sha-build-source-v1>, "/home/riomus/toolchains/cuda-13.4-wheel-env/lib/python3.12/site-packages/nvidia/cu13/bin/../include/bits/mathcalls-narrow.h", O_RDONLY|O_NOCTTY) = -1 ENOENT (No such file or directory)
2166797 openat(AT_FDCWD</home/riomus/runs/sfora-standalone-gpu-sha-build-source-v1>, "/usr/include/c++/13/bits/mathcalls-narrow.h", O_RDONLY|O_NOCTTY) = -1 ENOENT (No such file or directory)
2166797 openat(AT_FDCWD</home/riomus/runs/sfora-standalone-gpu-sha-build-source-v1>, "/usr/include/aarch64-linux-gnu/c++/13/bits/mathcalls-narrow.h", O_RDONLY|O_NOCTTY) = -1 ENOENT (No such file or directory)
2166797 openat(AT_FDCWD</home/riomus/runs/sfora-standalone-gpu-sha-build-source-v1>, "/usr/include/c++/13/backward/bits/mathcalls-narrow.h", O_RDONLY|O_NOCTTY) = -1 ENOENT (No such file or directory)
2166797 openat(AT_FDCWD</home/riomus/runs/sfora-standalone-gpu-sha-build-source-v1>, "/usr/lib/gcc/aarch64-linux-gnu/13/include/bits/mathcalls-narrow.h", O_RDONLY|O_NOCTTY) = -1 ENOENT (No such file or directory)
2166797 openat(AT_FDCWD</home/riomus/runs/sfora-standalone-gpu-sha-build-source-v1>, "/usr/local/include/bits/mathcalls-narrow.h", O_RDONLY|O_NOCTTY) = -1 ENOENT (No such file or directory)
2166797 openat(AT_FDCWD</home/riomus/runs/sfora-standalone-gpu-sha-build-source-v1>, "/usr/include/aarch64-linux-gnu/bits/mathcalls-narrow.h", O_RDONLY|O_NOCTTY) = 4</usr/include/aarch64-linux-gnu/bits/mathcalls-narrow.h>
2166797 openat(AT_FDCWD</home/riomus/runs/sfora-standalone-gpu-sha-build-source-v1>, "/usr/include/aarch64-linux-gnu/bits/mathcalls-narrow.h", O_RDONLY|O_NOCTTY) = 4</usr/include/aarch64-linux-gnu/bits/mathcalls-narrow.h>
2166797 openat(AT_FDCWD</home/riomus/runs/sfora-standalone-gpu-sha-build-source-v1>, "/usr/include/aarch64-linux-gnu/bits/mathcalls-narrow.h", O_RDONLY|O_NOCTTY) = 4</usr/include/aarch64-linux-gnu/bits/mathcalls-narrow.h>
2166797 openat(AT_FDCWD</home/riomus/runs/sfora-standalone-gpu-sha-build-source-v1>, "/usr/include/aarch64-linux-gnu/bits/mathcalls-narrow.h", O_RDONLY|O_NOCTTY) = 4</usr/include/aarch64-linux-gnu/bits/mathcalls-narrow.h>
2166797 openat(AT_FDCWD</home/riomus/runs/sfora-standalone-gpu-sha-build-source-v1>, "/usr/include/aarch64-linux-gnu/bits/mathcalls-narrow.h", O_RDONLY|O_NOCTTY) = 4</usr/include/aarch64-linux-gnu/bits/mathcalls-narrow.h>
2166797 openat(AT_FDCWD</home/riomus/runs/sfora-standalone-gpu-sha-build-source-v1>, "/usr/include/aarch64-linux-gnu/bits/mathcalls-narrow.h", O_RDONLY|O_NOCTTY) = 4</usr/include/aarch64-linux-gnu/bits/mathcalls-narrow.h>
2166797 openat(AT_FDCWD</home/riomus/runs/sfora-standalone-gpu-sha-build-source-v1>, "/usr/include/aarch64-linux-gnu/bits/mathcalls-narrow.h", O_RDONLY|O_NOCTTY) = 4</usr/include/aarch64-linux-gnu/bits/mathcalls-narrow.h>
2166797 openat(AT_FDCWD</home/riomus/runs/sfora-standalone-gpu-sha-build-source-v1>, "/usr/include/aarch64-linux-gnu/bits/mathcalls-narrow.h", O_RDONLY|O_NOCTTY) = 4</usr/include/aarch64-linux-gnu/bits/mathcalls-narrow.h>
2166797 openat(AT_FDCWD</home/riomus/runs/sfora-standalone-gpu-sha-build-source-v1>, "/usr/include/aarch64-linux-gnu/bits/mathcalls-narrow.h", O_RDONLY|O_NOCTTY) = 4</usr/include/aarch64-linux-gnu/bits/mathcalls-narrow.h>
2166797 openat(AT_FDCWD</home/riomus/runs/sfora-standalone-gpu-sha-build-source-v1>, "/usr/include/aarch64-linux-gnu/bits/mathcalls-narrow.h", O_RDONLY|O_NOCTTY) = 4</usr/include/aarch64-linux-gnu/bits/mathcalls-narrow.h>
2166797 openat(AT_FDCWD</home/riomus/runs/sfora-standalone-gpu-sha-build-source-v1>, "/usr/include/aarch64-linux-gnu/bits/mathcalls-narrow.h", O_RDONLY|O_NOCTTY) = 4</usr/include/aarch64-linux-gnu/bits/mathcalls-narrow.h>
2166797 openat(AT_FDCWD</home/riomus/runs/sfora-standalone-gpu-sha-build-source-v1>, "/usr/include/aarch64-linux-gnu/bits/mathcalls-narrow.h", O_RDONLY|O_NOCTTY) = 4</usr/include/aarch64-linux-gnu/bits/mathcalls-narrow.h>
2166797 openat(AT_FDCWD</home/riomus/runs/sfora-standalone-gpu-sha-build-source-v1>, "/usr/include/aarch64-linux-gnu/bits/mathcalls-narrow.h", O_RDONLY|O_NOCTTY) = 4</usr/include/aarch64-linux-gnu/bits/mathcalls-narrow.h>
2166797 openat(AT_FDCWD</home/riomus/runs/sfora-standalone-gpu-sha-build-source-v1>, "/home/riomus/toolchains/cuda-13.4-wheel-env/lib/python3.12/site-packages/nvidia/cu13/bin/../include/bits/iscanonical.h", O_RDONLY|O_NOCTTY) = -1 ENOENT (No such file or directory)
2166797 openat(AT_FDCWD</home/riomus/runs/sfora-standalone-gpu-sha-build-source-v1>, "/usr/include/c++/13/bits/iscanonical.h", O_RDONLY|O_NOCTTY) = -1 ENOENT (No such file or directory)
2166797 openat(AT_FDCWD</home/riomus/runs/sfora-standalone-gpu-sha-build-source-v1>, "/usr/include/aarch64-linux-gnu/c++/13/bits/iscanonical.h", O_RDONLY|O_NOCTTY) = -1 ENOENT (No such file or directory)
2166797 openat(AT_FDCWD</home/riomus/runs/sfora-standalone-gpu-sha-build-source-v1>, "/usr/include/c++/13/backward/bits/iscanonical.h", O_RDONLY|O_NOCTTY) = -1 ENOENT (No such file or directory)
2166797 openat(AT_FDCWD</home/riomus/runs/sfora-standalone-gpu-sha-build-source-v1>, "/usr/lib/gcc/aarch64-linux-gnu/13/include/bits/iscanonical.h", O_RDONLY|O_NOCTTY) = -1 ENOENT (No such file or directory)
2166797 openat(AT_FDCWD</home/riomus/runs/sfora-standalone-gpu-sha-build-source-v1>, "/usr/local/include/bits/iscanonical.h", O_RDONLY|O_NOCTTY) = -1 ENOENT (No such file or directory)
2166797 openat(AT_FDCWD</home/riomus/runs/sfora-standalone-gpu-sha-build-source-v1>, "/usr/include/aarch64-linux-gnu/bits/iscanonical.h", O_RDONLY|O_NOCTTY) = 4</usr/include/aarch64-linux-gnu/bits/iscanonical.h>
2166797 openat(AT_FDCWD</home/riomus/runs/sfora-standalone-gpu-sha-build-source-v1>, "/home/riomus/toolchains/cuda-13.4-wheel-env/lib/python3.12/site-packages/nvidia/cu13/bin/../include/bits/specfun.h", O_RDONLY|O_NOCTTY) = -1 ENOENT (No such file or directory)
2166797 openat(AT_FDCWD</home/riomus/runs/sfora-standalone-gpu-sha-build-source-v1>, "/usr/include/c++/13/bits/specfun.h", O_RDONLY|O_NOCTTY) = 4</usr/include/c++/13/bits/specfun.h>
2166797 openat(AT_FDCWD</home/riomus/runs/sfora-standalone-gpu-sha-build-source-v1>, "/home/riomus/toolchains/cuda-13.4-wheel-env/lib/python3.12/site-packages/nvidia/cu13/bin/../include/bits/stl_algobase.h", O_RDONLY|O_NOCTTY) = -1 ENOENT (No such file or directory)
2166797 openat(AT_FDCWD</home/riomus/runs/sfora-standalone-gpu-sha-build-source-v1>, "/usr/include/c++/13/bits/stl_algobase.h", O_RDONLY|O_NOCTTY) = 4</usr/include/c++/13/bits/stl_algobase.h>
2166797 openat(AT_FDCWD</home/riomus/runs/sfora-standalone-gpu-sha-build-source-v1>, "/home/riomus/toolchains/cuda-13.4-wheel-env/lib/python3.12/site-packages/nvidia/cu13/bin/../include/bits/functexcept.h", O_RDONLY|O_NOCTTY) = -1 ENOENT (No such file or directory)
2166797 openat(AT_FDCWD</home/riomus/runs/sfora-standalone-gpu-sha-build-source-v1>, "/usr/include/c++/13/bits/functexcept.h", O_RDONLY|O_NOCTTY) = 4</usr/include/c++/13/bits/functexcept.h>
2166797 openat(AT_FDCWD</home/riomus/runs/sfora-standalone-gpu-sha-build-source-v1>, "/home/riomus/toolchains/cuda-13.4-wheel-env/lib/python3.12/site-packages/nvidia/cu13/bin/../include/bits/exception_defines.h", O_RDONLY|O_NOCTTY) = -1 ENOENT (No such file or directory)
2166797 openat(AT_FDCWD</home/riomus/runs/sfora-standalone-gpu-sha-build-source-v1>, "/usr/include/c++/13/bits/exception_defines.h", O_RDONLY|O_NOCTTY) = 4</usr/include/c++/13/bits/exception_defines.h>
2166797 openat(AT_FDCWD</home/riomus/runs/sfora-standalone-gpu-sha-build-source-v1>, "/home/riomus/toolchains/cuda-13.4-wheel-env/lib/python3.12/site-packages/nvidia/cu13/bin/../include/ext/numeric_traits.h", O_RDONLY|O_NOCTTY) = -1 ENOENT (No such file or directory)
2166797 openat(AT_FDCWD</home/riomus/runs/sfora-standalone-gpu-sha-build-source-v1>, "/usr/include/c++/13/ext/numeric_traits.h", O_RDONLY|O_NOCTTY) = 4</usr/include/c++/13/ext/numeric_traits.h>
2166797 openat(AT_FDCWD</home/riomus/runs/sfora-standalone-gpu-sha-build-source-v1>, "/home/riomus/toolchains/cuda-13.4-wheel-env/lib/python3.12/site-packages/nvidia/cu13/bin/../include/bits/stl_pair.h", O_RDONLY|O_NOCTTY) = -1 ENOENT (No such file or directory)
2166797 openat(AT_FDCWD</home/riomus/runs/sfora-standalone-gpu-sha-build-source-v1>, "/usr/include/c++/13/bits/stl_pair.h", O_RDONLY|O_NOCTTY) = 4</usr/include/c++/13/bits/stl_pair.h>
2166797 openat(AT_FDCWD</home/riomus/runs/sfora-standalone-gpu-sha-build-source-v1>, "/home/riomus/toolchains/cuda-13.4-wheel-env/lib/python3.12/site-packages/nvidia/cu13/bin/../include/type_traits", O_RDONLY|O_NOCTTY) = -1 ENOENT (No such file or directory)
2166797 openat(AT_FDCWD</home/riomus/runs/sfora-standalone-gpu-sha-build-source-v1>, "/usr/include/c++/13/type_traits", O_RDONLY|O_NOCTTY) = 4</usr/include/c++/13/type_traits>
2166797 openat(AT_FDCWD</home/riomus/runs/sfora-standalone-gpu-sha-build-source-v1>, "/home/riomus/toolchains/cuda-13.4-wheel-env/lib/python3.12/site-packages/nvidia/cu13/bin/../include/bits/move.h", O_RDONLY|O_NOCTTY) = -1 ENOENT (No such file or directory)
2166797 openat(AT_FDCWD</home/riomus/runs/sfora-standalone-gpu-sha-build-source-v1>, "/usr/include/c++/13/bits/move.h", O_RDONLY|O_NOCTTY) = 4</usr/include/c++/13/bits/move.h>
2166797 openat(AT_FDCWD</home/riomus/runs/sfora-standalone-gpu-sha-build-source-v1>, "/home/riomus/toolchains/cuda-13.4-wheel-env/lib/python3.12/site-packages/nvidia/cu13/bin/../include/bits/utility.h", O_RDONLY|O_NOCTTY) = -1 ENOENT (No such file or directory)
2166797 openat(AT_FDCWD</home/riomus/runs/sfora-standalone-gpu-sha-build-source-v1>, "/usr/include/c++/13/bits/utility.h", O_RDONLY|O_NOCTTY) = 4</usr/include/c++/13/bits/utility.h>
2166797 openat(AT_FDCWD</home/riomus/runs/sfora-standalone-gpu-sha-build-source-v1>, "/home/riomus/toolchains/cuda-13.4-wheel-env/lib/python3.12/site-packages/nvidia/cu13/bin/../include/bits/stl_iterator_base_types.h", O_RDONLY|O_NOCTTY) = -1 ENOENT (No such file or directory)
2166797 openat(AT_FDCWD</home/riomus/runs/sfora-standalone-gpu-sha-build-source-v1>, "/usr/include/c++/13/bits/stl_iterator_base_types.h", O_RDONLY|O_NOCTTY) = 4</usr/include/c++/13/bits/stl_iterator_base_types.h>
2166797 openat(AT_FDCWD</home/riomus/runs/sfora-standalone-gpu-sha-build-source-v1>, "/home/riomus/toolchains/cuda-13.4-wheel-env/lib/python3.12/site-packages/nvidia/cu13/bin/../include/bits/stl_iterator_base_funcs.h", O_RDONLY|O_NOCTTY) = -1 ENOENT (No such file or directory)
2166797 openat(AT_FDCWD</home/riomus/runs/sfora-standalone-gpu-sha-build-source-v1>, "/usr/include/c++/13/bits/stl_iterator_base_funcs.h", O_RDONLY|O_NOCTTY) = 4</usr/include/c++/13/bits/stl_iterator_base_funcs.h>
2166797 openat(AT_FDCWD</home/riomus/runs/sfora-standalone-gpu-sha-build-source-v1>, "/home/riomus/toolchains/cuda-13.4-wheel-env/lib/python3.12/site-packages/nvidia/cu13/bin/../include/bits/concept_check.h", O_RDONLY|O_NOCTTY) = -1 ENOENT (No such file or directory)
2166797 openat(AT_FDCWD</home/riomus/runs/sfora-standalone-gpu-sha-build-source-v1>, "/usr/include/c++/13/bits/concept_check.h", O_RDONLY|O_NOCTTY) = 4</usr/include/c++/13/bits/concept_check.h>
2166797 openat(AT_FDCWD</home/riomus/runs/sfora-standalone-gpu-sha-build-source-v1>, "/home/riomus/toolchains/cuda-13.4-wheel-env/lib/python3.12/site-packages/nvidia/cu13/bin/../include/debug/assertions.h", O_RDONLY|O_NOCTTY) = -1 ENOENT (No such file or directory)
2166797 openat(AT_FDCWD</home/riomus/runs/sfora-standalone-gpu-sha-build-source-v1>, "/usr/include/c++/13/debug/assertions.h", O_RDONLY|O_NOCTTY) = 4</usr/include/c++/13/debug/assertions.h>
2166797 openat(AT_FDCWD</home/riomus/runs/sfora-standalone-gpu-sha-build-source-v1>, "/home/riomus/toolchains/cuda-13.4-wheel-env/lib/python3.12/site-packages/nvidia/cu13/bin/../include/bits/stl_iterator.h", O_RDONLY|O_NOCTTY) = -1 ENOENT (No such file or directory)
2166797 openat(AT_FDCWD</home/riomus/runs/sfora-standalone-gpu-sha-build-source-v1>, "/usr/include/c++/13/bits/stl_iterator.h", O_RDONLY|O_NOCTTY) = 4</usr/include/c++/13/bits/stl_iterator.h>
2166797 openat(AT_FDCWD</home/riomus/runs/sfora-standalone-gpu-sha-build-source-v1>, "/home/riomus/toolchains/cuda-13.4-wheel-env/lib/python3.12/site-packages/nvidia/cu13/bin/../include/bits/ptr_traits.h", O_RDONLY|O_NOCTTY) = -1 ENOENT (No such file or directory)
2166797 openat(AT_FDCWD</home/riomus/runs/sfora-standalone-gpu-sha-build-source-v1>, "/usr/include/c++/13/bits/ptr_traits.h", O_RDONLY|O_NOCTTY) = 4</usr/include/c++/13/bits/ptr_traits.h>
2166797 openat(AT_FDCWD</home/riomus/runs/sfora-standalone-gpu-sha-build-source-v1>, "/home/riomus/toolchains/cuda-13.4-wheel-env/lib/python3.12/site-packages/nvidia/cu13/bin/../include/debug/debug.h", O_RDONLY|O_NOCTTY) = -1 ENOENT (No such file or directory)
2166797 openat(AT_FDCWD</home/riomus/runs/sfora-standalone-gpu-sha-build-source-v1>, "/usr/include/c++/13/debug/debug.h", O_RDONLY|O_NOCTTY) = 4</usr/include/c++/13/debug/debug.h>
2166797 openat(AT_FDCWD</home/riomus/runs/sfora-standalone-gpu-sha-build-source-v1>, "/home/riomus/toolchains/cuda-13.4-wheel-env/lib/python3.12/site-packages/nvidia/cu13/bin/../include/bits/predefined_ops.h", O_RDONLY|O_NOCTTY) = -1 ENOENT (No such file or directory)
2166797 openat(AT_FDCWD</home/riomus/runs/sfora-standalone-gpu-sha-build-source-v1>, "/usr/include/c++/13/bits/predefined_ops.h", O_RDONLY|O_NOCTTY) = 4</usr/include/c++/13/bits/predefined_ops.h>
2166797 openat(AT_FDCWD</home/riomus/runs/sfora-standalone-gpu-sha-build-source-v1>, "/home/riomus/toolchains/cuda-13.4-wheel-env/lib/python3.12/site-packages/nvidia/cu13/bin/../include/bit", O_RDONLY|O_NOCTTY) = -1 ENOENT (No such file or directory)
2166797 openat(AT_FDCWD</home/riomus/runs/sfora-standalone-gpu-sha-build-source-v1>, "/usr/include/c++/13/bit", O_RDONLY|O_NOCTTY) = 4</usr/include/c++/13/bit>
2166797 openat(AT_FDCWD</home/riomus/runs/sfora-standalone-gpu-sha-build-source-v1>, "/home/riomus/toolchains/cuda-13.4-wheel-env/lib/python3.12/site-packages/nvidia/cu13/bin/../include/limits", O_RDONLY|O_NOCTTY) = -1 ENOENT (No such file or directory)
2166797 openat(AT_FDCWD</home/riomus/runs/sfora-standalone-gpu-sha-build-source-v1>, "/usr/include/c++/13/limits", O_RDONLY|O_NOCTTY) = 4</usr/include/c++/13/limits>
2166797 openat(AT_FDCWD</home/riomus/runs/sfora-standalone-gpu-sha-build-source-v1>, "/home/riomus/toolchains/cuda-13.4-wheel-env/lib/python3.12/site-packages/nvidia/cu13/bin/../include/tr1/gamma.tcc", O_RDONLY|O_NOCTTY) = -1 ENOENT (No such file or directory)
2166797 openat(AT_FDCWD</home/riomus/runs/sfora-standalone-gpu-sha-build-source-v1>, "/usr/include/c++/13/tr1/gamma.tcc", O_RDONLY|O_NOCTTY) = 4</usr/include/c++/13/tr1/gamma.tcc>
2166797 openat(AT_FDCWD</home/riomus/runs/sfora-standalone-gpu-sha-build-source-v1>, "/home/riomus/toolchains/cuda-13.4-wheel-env/lib/python3.12/site-packages/nvidia/cu13/bin/../include/tr1/special_function_util.h", O_RDONLY|O_NOCTTY) = -1 ENOENT (No such file or directory)
2166797 openat(AT_FDCWD</home/riomus/runs/sfora-standalone-gpu-sha-build-source-v1>, "/usr/include/c++/13/tr1/special_function_util.h", O_RDONLY|O_NOCTTY) = 4</usr/include/c++/13/tr1/special_function_util.h>
2166797 openat(AT_FDCWD</home/riomus/runs/sfora-standalone-gpu-sha-build-source-v1>, "/home/riomus/toolchains/cuda-13.4-wheel-env/lib/python3.12/site-packages/nvidia/cu13/bin/../include/tr1/bessel_function.tcc", O_RDONLY|O_NOCTTY) = -1 ENOENT (No such file or directory)
2166797 openat(AT_FDCWD</home/riomus/runs/sfora-standalone-gpu-sha-build-source-v1>, "/usr/include/c++/13/tr1/bessel_function.tcc", O_RDONLY|O_NOCTTY) = 4</usr/include/c++/13/tr1/bessel_function.tcc>
2166797 openat(AT_FDCWD</home/riomus/runs/sfora-standalone-gpu-sha-build-source-v1>, "/home/riomus/toolchains/cuda-13.4-wheel-env/lib/python3.12/site-packages/nvidia/cu13/bin/../include/tr1/beta_function.tcc", O_RDONLY|O_NOCTTY) = -1 ENOENT (No such file or directory)
2166797 openat(AT_FDCWD</home/riomus/runs/sfora-standalone-gpu-sha-build-source-v1>, "/usr/include/c++/13/tr1/beta_function.tcc", O_RDONLY|O_NOCTTY) = 4</usr/include/c++/13/tr1/beta_function.tcc>
2166797 openat(AT_FDCWD</home/riomus/runs/sfora-standalone-gpu-sha-build-source-v1>, "/home/riomus/toolchains/cuda-13.4-wheel-env/lib/python3.12/site-packages/nvidia/cu13/bin/../include/tr1/ell_integral.tcc", O_RDONLY|O_NOCTTY) = -1 ENOENT (No such file or directory)
2166797 openat(AT_FDCWD</home/riomus/runs/sfora-standalone-gpu-sha-build-source-v1>, "/usr/include/c++/13/tr1/ell_integral.tcc", O_RDONLY|O_NOCTTY) = 4</usr/include/c++/13/tr1/ell_integral.tcc>
2166797 openat(AT_FDCWD</home/riomus/runs/sfora-standalone-gpu-sha-build-source-v1>, "/home/riomus/toolchains/cuda-13.4-wheel-env/lib/python3.12/site-packages/nvidia/cu13/bin/../include/tr1/exp_integral.tcc", O_RDONLY|O_NOCTTY) = -1 ENOENT (No such file or directory)
2166797 openat(AT_FDCWD</home/riomus/runs/sfora-standalone-gpu-sha-build-source-v1>, "/usr/include/c++/13/tr1/exp_integral.tcc", O_RDONLY|O_NOCTTY) = 4</usr/include/c++/13/tr1/exp_integral.tcc>
2166797 openat(AT_FDCWD</home/riomus/runs/sfora-standalone-gpu-sha-build-source-v1>, "/home/riomus/toolchains/cuda-13.4-wheel-env/lib/python3.12/site-packages/nvidia/cu13/bin/../include/tr1/hypergeometric.tcc", O_RDONLY|O_NOCTTY) = -1 ENOENT (No such file or directory)
2166797 openat(AT_FDCWD</home/riomus/runs/sfora-standalone-gpu-sha-build-source-v1>, "/usr/include/c++/13/tr1/hypergeometric.tcc", O_RDONLY|O_NOCTTY) = 4</usr/include/c++/13/tr1/hypergeometric.tcc>
2166797 openat(AT_FDCWD</home/riomus/runs/sfora-standalone-gpu-sha-build-source-v1>, "/home/riomus/toolchains/cuda-13.4-wheel-env/lib/python3.12/site-packages/nvidia/cu13/bin/../include/tr1/legendre_function.tcc", O_RDONLY|O_NOCTTY) = -1 ENOENT (No such file or directory)
2166797 openat(AT_FDCWD</home/riomus/runs/sfora-standalone-gpu-sha-build-source-v1>, "/usr/include/c++/13/tr1/legendre_function.tcc", O_RDONLY|O_NOCTTY) = 4</usr/include/c++/13/tr1/legendre_function.tcc>
2166797 openat(AT_FDCWD</home/riomus/runs/sfora-standalone-gpu-sha-build-source-v1>, "/home/riomus/toolchains/cuda-13.4-wheel-env/lib/python3.12/site-packages/nvidia/cu13/bin/../include/tr1/modified_bessel_func.tcc", O_RDONLY|O_NOCTTY) = -1 ENOENT (No such file or directory)
2166797 openat(AT_FDCWD</home/riomus/runs/sfora-standalone-gpu-sha-build-source-v1>, "/usr/include/c++/13/tr1/modified_bessel_func.tcc", O_RDONLY|O_NOCTTY) = 4</usr/include/c++/13/tr1/modified_bessel_func.tcc>
2166797 openat(AT_FDCWD</home/riomus/runs/sfora-standalone-gpu-sha-build-source-v1>, "/home/riomus/toolchains/cuda-13.4-wheel-env/lib/python3.12/site-packages/nvidia/cu13/bin/../include/tr1/poly_hermite.tcc", O_RDONLY|O_NOCTTY) = -1 ENOENT (No such file or directory)
2166797 openat(AT_FDCWD</home/riomus/runs/sfora-standalone-gpu-sha-build-source-v1>, "/usr/include/c++/13/tr1/poly_hermite.tcc", O_RDONLY|O_NOCTTY) = 4</usr/include/c++/13/tr1/poly_hermite.tcc>
2166797 openat(AT_FDCWD</home/riomus/runs/sfora-standalone-gpu-sha-build-source-v1>, "/home/riomus/toolchains/cuda-13.4-wheel-env/lib/python3.12/site-packages/nvidia/cu13/bin/../include/tr1/poly_laguerre.tcc", O_RDONLY|O_NOCTTY) = -1 ENOENT (No such file or directory)
2166797 openat(AT_FDCWD</home/riomus/runs/sfora-standalone-gpu-sha-build-source-v1>, "/usr/include/c++/13/tr1/poly_laguerre.tcc", O_RDONLY|O_NOCTTY) = 4</usr/include/c++/13/tr1/poly_laguerre.tcc>
2166797 openat(AT_FDCWD</home/riomus/runs/sfora-standalone-gpu-sha-build-source-v1>, "/home/riomus/toolchains/cuda-13.4-wheel-env/lib/python3.12/site-packages/nvidia/cu13/bin/../include/tr1/riemann_zeta.tcc", O_RDONLY|O_NOCTTY) = -1 ENOENT (No such file or directory)
2166797 openat(AT_FDCWD</home/riomus/runs/sfora-standalone-gpu-sha-build-source-v1>, "/usr/include/c++/13/tr1/riemann_zeta.tcc", O_RDONLY|O_NOCTTY) = 4</usr/include/c++/13/tr1/riemann_zeta.tcc>
2166797 openat(AT_FDCWD</home/riomus/runs/sfora-standalone-gpu-sha-build-source-v1>, "/usr/include/c++/13/stdlib.h", O_RDONLY|O_NOCTTY) = 4</usr/include/c++/13/stdlib.h>
2166797 openat(AT_FDCWD</home/riomus/runs/sfora-standalone-gpu-sha-build-source-v1>, "/usr/include/c++/13/cmath", O_RDONLY|O_NOCTTY) = 4</usr/include/c++/13/cmath>
2166797 openat(AT_FDCWD</home/riomus/runs/sfora-standalone-gpu-sha-build-source-v1>, "/usr/include/c++/13/cstdlib", O_RDONLY|O_NOCTTY) = 4</usr/include/c++/13/cstdlib>
2166797 openat(AT_FDCWD</home/riomus/runs/sfora-standalone-gpu-sha-build-source-v1>, "/home/riomus/toolchains/cuda-13.4-wheel-env/lib/python3.12/site-packages/nvidia/cu13/bin/../include/crt/math_functions.hpp", O_RDONLY|O_NOCTTY) = 4</home/riomus/toolchains/cuda-13.4-wheel-env/lib/python3.12/site-packages/nvidia/cu13/include/crt/math_functions.hpp>
2166797 openat(AT_FDCWD</home/riomus/runs/sfora-standalone-gpu-sha-build-source-v1>, "/home/riomus/toolchains/cuda-13.4-wheel-env/lib/python3.12/site-packages/nvidia/cu13/bin/../include/builtin_types.h", O_RDONLY|O_NOCTTY) = 4</home/riomus/toolchains/cuda-13.4-wheel-env/lib/python3.12/site-packages/nvidia/cu13/include/builtin_types.h>
2166797 openat(AT_FDCWD</home/riomus/runs/sfora-standalone-gpu-sha-build-source-v1>, "/home/riomus/toolchains/cuda-13.4-wheel-env/lib/python3.12/site-packages/nvidia/cu13/bin/../include/crt/host_defines.h", O_RDONLY|O_NOCTTY) = 4</home/riomus/toolchains/cuda-13.4-wheel-env/lib/python3.12/site-packages/nvidia/cu13/include/crt/host_defines.h>
2166797 openat(AT_FDCWD</home/riomus/runs/sfora-standalone-gpu-sha-build-source-v1>, "/home/riomus/toolchains/cuda-13.4-wheel-env/lib/python3.12/site-packages/nvidia/cu13/bin/../include/crt/device_functions.h", O_RDONLY|O_NOCTTY) = 4</home/riomus/toolchains/cuda-13.4-wheel-env/lib/python3.12/site-packages/nvidia/cu13/include/crt/device_functions.h>
2166797 openat(AT_FDCWD</home/riomus/runs/sfora-standalone-gpu-sha-build-source-v1>, "/home/riomus/toolchains/cuda-13.4-wheel-env/lib/python3.12/site-packages/nvidia/cu13/bin/../include/builtin_types.h", O_RDONLY|O_NOCTTY) = 4</home/riomus/toolchains/cuda-13.4-wheel-env/lib/python3.12/site-packages/nvidia/cu13/include/builtin_types.h>
2166797 openat(AT_FDCWD</home/riomus/runs/sfora-standalone-gpu-sha-build-source-v1>, "/home/riomus/toolchains/cuda-13.4-wheel-env/lib/python3.12/site-packages/nvidia/cu13/bin/../include/crt/device_types.h", O_RDONLY|O_NOCTTY) = -1 ENOENT (No such file or directory)
2166797 openat(AT_FDCWD</home/riomus/runs/sfora-standalone-gpu-sha-build-source-v1>, "/home/riomus/toolchains/cuda-13.4-wheel-env/lib/python3.12/site-packages/nvidia/cu13/bin/../include/device_types.h", O_RDONLY|O_NOCTTY) = 4</home/riomus/toolchains/cuda-13.4-wheel-env/lib/python3.12/site-packages/nvidia/cu13/include/device_types.h>
2166797 openat(AT_FDCWD</home/riomus/runs/sfora-standalone-gpu-sha-build-source-v1>, "/home/riomus/toolchains/cuda-13.4-wheel-env/lib/python3.12/site-packages/nvidia/cu13/bin/../include/crt/host_defines.h", O_RDONLY|O_NOCTTY) = 4</home/riomus/toolchains/cuda-13.4-wheel-env/lib/python3.12/site-packages/nvidia/cu13/include/crt/host_defines.h>
2166797 openat(AT_FDCWD</home/riomus/runs/sfora-standalone-gpu-sha-build-source-v1>, "/home/riomus/toolchains/cuda-13.4-wheel-env/lib/python3.12/site-packages/nvidia/cu13/bin/../include/crt/device_functions.hpp", O_RDONLY|O_NOCTTY) = 4</home/riomus/toolchains/cuda-13.4-wheel-env/lib/python3.12/site-packages/nvidia/cu13/include/crt/device_functions.hpp>
2166797 openat(AT_FDCWD</home/riomus/runs/sfora-standalone-gpu-sha-build-source-v1>, "/home/riomus/toolchains/cuda-13.4-wheel-env/lib/python3.12/site-packages/nvidia/cu13/bin/../include/builtin_types.h", O_RDONLY|O_NOCTTY) = 4</home/riomus/toolchains/cuda-13.4-wheel-env/lib/python3.12/site-packages/nvidia/cu13/include/builtin_types.h>
2166797 openat(AT_FDCWD</home/riomus/runs/sfora-standalone-gpu-sha-build-source-v1>, "/home/riomus/toolchains/cuda-13.4-wheel-env/lib/python3.12/site-packages/nvidia/cu13/bin/../include/crt/host_defines.h", O_RDONLY|O_NOCTTY) = 4</home/riomus/toolchains/cuda-13.4-wheel-env/lib/python3.12/site-packages/nvidia/cu13/include/crt/host_defines.h>
2166797 openat(AT_FDCWD</home/riomus/runs/sfora-standalone-gpu-sha-build-source-v1>, "/home/riomus/toolchains/cuda-13.4-wheel-env/lib/python3.12/site-packages/nvidia/cu13/bin/../include/crt/device_atomic_functions.h", O_RDONLY|O_NOCTTY) = -1 ENOENT (No such file or directory)
2166797 openat(AT_FDCWD</home/riomus/runs/sfora-standalone-gpu-sha-build-source-v1>, "/home/riomus/toolchains/cuda-13.4-wheel-env/lib/python3.12/site-packages/nvidia/cu13/bin/../include/device_atomic_functions.h", O_RDONLY|O_NOCTTY) = 4</home/riomus/toolchains/cuda-13.4-wheel-env/lib/python3.12/site-packages/nvidia/cu13/include/device_atomic_functions.h>
2166797 openat(AT_FDCWD</home/riomus/runs/sfora-standalone-gpu-sha-build-source-v1>, "/home/riomus/toolchains/cuda-13.4-wheel-env/lib/python3.12/site-packages/nvidia/cu13/bin/../include/crt/device_double_functions.h", O_RDONLY|O_NOCTTY) = 4</home/riomus/toolchains/cuda-13.4-wheel-env/lib/python3.12/site-packages/nvidia/cu13/include/crt/device_double_functions.h>
2166797 openat(AT_FDCWD</home/riomus/runs/sfora-standalone-gpu-sha-build-source-v1>, "/home/riomus/toolchains/cuda-13.4-wheel-env/lib/python3.12/site-packages/nvidia/cu13/bin/../include/builtin_types.h", O_RDONLY|O_NOCTTY) = 4</home/riomus/toolchains/cuda-13.4-wheel-env/lib/python3.12/site-packages/nvidia/cu13/include/builtin_types.h>
2166797 openat(AT_FDCWD</home/riomus/runs/sfora-standalone-gpu-sha-build-source-v1>, "/home/riomus/toolchains/cuda-13.4-wheel-env/lib/python3.12/site-packages/nvidia/cu13/bin/../include/crt/host_defines.h", O_RDONLY|O_NOCTTY) = 4</home/riomus/toolchains/cuda-13.4-wheel-env/lib/python3.12/site-packages/nvidia/cu13/include/crt/host_defines.h>
2166797 openat(AT_FDCWD</home/riomus/runs/sfora-standalone-gpu-sha-build-source-v1>, "/home/riomus/toolchains/cuda-13.4-wheel-env/lib/python3.12/site-packages/nvidia/cu13/bin/../include/crt/device_double_functions.hpp", O_RDONLY|O_NOCTTY) = 4</home/riomus/toolchains/cuda-13.4-wheel-env/lib/python3.12/site-packages/nvidia/cu13/include/crt/device_double_functions.hpp>
2166797 openat(AT_FDCWD</home/riomus/runs/sfora-standalone-gpu-sha-build-source-v1>, "/home/riomus/toolchains/cuda-13.4-wheel-env/lib/python3.12/site-packages/nvidia/cu13/bin/../include/builtin_types.h", O_RDONLY|O_NOCTTY) = 4</home/riomus/toolchains/cuda-13.4-wheel-env/lib/python3.12/site-packages/nvidia/cu13/include/builtin_types.h>
2166797 openat(AT_FDCWD</home/riomus/runs/sfora-standalone-gpu-sha-build-source-v1>, "/home/riomus/toolchains/cuda-13.4-wheel-env/lib/python3.12/site-packages/nvidia/cu13/bin/../include/crt/host_defines.h", O_RDONLY|O_NOCTTY) = 4</home/riomus/toolchains/cuda-13.4-wheel-env/lib/python3.12/site-packages/nvidia/cu13/include/crt/host_defines.h>
2166797 openat(AT_FDCWD</home/riomus/runs/sfora-standalone-gpu-sha-build-source-v1>, "/home/riomus/toolchains/cuda-13.4-wheel-env/lib/python3.12/site-packages/nvidia/cu13/bin/../include/crt/sm_20_atomic_functions.h", O_RDONLY|O_NOCTTY) = -1 ENOENT (No such file or directory)
2166797 openat(AT_FDCWD</home/riomus/runs/sfora-standalone-gpu-sha-build-source-v1>, "/home/riomus/toolchains/cuda-13.4-wheel-env/lib/python3.12/site-packages/nvidia/cu13/bin/../include/sm_20_atomic_functions.h", O_RDONLY|O_NOCTTY) = 4</home/riomus/toolchains/cuda-13.4-wheel-env/lib/python3.12/site-packages/nvidia/cu13/include/sm_20_atomic_functions.h>
2166797 openat(AT_FDCWD</home/riomus/runs/sfora-standalone-gpu-sha-build-source-v1>, "/home/riomus/toolchains/cuda-13.4-wheel-env/lib/python3.12/site-packages/nvidia/cu13/bin/../include/crt/sm_32_atomic_functions.h", O_RDONLY|O_NOCTTY) = -1 ENOENT (No such file or directory)
2166797 openat(AT_FDCWD</home/riomus/runs/sfora-standalone-gpu-sha-build-source-v1>, "/home/riomus/toolchains/cuda-13.4-wheel-env/lib/python3.12/site-packages/nvidia/cu13/bin/../include/sm_32_atomic_functions.h", O_RDONLY|O_NOCTTY) = 4</home/riomus/toolchains/cuda-13.4-wheel-env/lib/python3.12/site-packages/nvidia/cu13/include/sm_32_atomic_functions.h>
2166797 openat(AT_FDCWD</home/riomus/runs/sfora-standalone-gpu-sha-build-source-v1>, "/home/riomus/toolchains/cuda-13.4-wheel-env/lib/python3.12/site-packages/nvidia/cu13/bin/../include/crt/sm_35_atomic_functions.h", O_RDONLY|O_NOCTTY) = -1 ENOENT (No such file or directory)
2166797 openat(AT_FDCWD</home/riomus/runs/sfora-standalone-gpu-sha-build-source-v1>, "/home/riomus/toolchains/cuda-13.4-wheel-env/lib/python3.12/site-packages/nvidia/cu13/bin/../include/sm_35_atomic_functions.h", O_RDONLY|O_NOCTTY) = 4</home/riomus/toolchains/cuda-13.4-wheel-env/lib/python3.12/site-packages/nvidia/cu13/include/sm_35_atomic_functions.h>
2166797 openat(AT_FDCWD</home/riomus/runs/sfora-standalone-gpu-sha-build-source-v1>, "/home/riomus/toolchains/cuda-13.4-wheel-env/lib/python3.12/site-packages/nvidia/cu13/bin/../include/sm_32_atomic_functions.h", O_RDONLY|O_NOCTTY) = 4</home/riomus/toolchains/cuda-13.4-wheel-env/lib/python3.12/site-packages/nvidia/cu13/include/sm_32_atomic_functions.h>
2166797 openat(AT_FDCWD</home/riomus/runs/sfora-standalone-gpu-sha-build-source-v1>, "/home/riomus/toolchains/cuda-13.4-wheel-env/lib/python3.12/site-packages/nvidia/cu13/bin/../include/crt/sm_60_atomic_functions.h", O_RDONLY|O_NOCTTY) = -1 ENOENT (No such file or directory)
2166797 openat(AT_FDCWD</home/riomus/runs/sfora-standalone-gpu-sha-build-source-v1>, "/home/riomus/toolchains/cuda-13.4-wheel-env/lib/python3.12/site-packages/nvidia/cu13/bin/../include/sm_60_atomic_functions.h", O_RDONLY|O_NOCTTY) = 4</home/riomus/toolchains/cuda-13.4-wheel-env/lib/python3.12/site-packages/nvidia/cu13/include/sm_60_atomic_functions.h>
2166797 openat(AT_FDCWD</home/riomus/runs/sfora-standalone-gpu-sha-build-source-v1>, "/home/riomus/toolchains/cuda-13.4-wheel-env/lib/python3.12/site-packages/nvidia/cu13/bin/../include/crt/sm_20_intrinsics.h", O_RDONLY|O_NOCTTY) = -1 ENOENT (No such file or directory)
2166797 openat(AT_FDCWD</home/riomus/runs/sfora-standalone-gpu-sha-build-source-v1>, "/home/riomus/toolchains/cuda-13.4-wheel-env/lib/python3.12/site-packages/nvidia/cu13/bin/../include/sm_20_intrinsics.h", O_RDONLY|O_NOCTTY) = 4</home/riomus/toolchains/cuda-13.4-wheel-env/lib/python3.12/site-packages/nvidia/cu13/include/sm_20_intrinsics.h>
2166797 openat(AT_FDCWD</home/riomus/runs/sfora-standalone-gpu-sha-build-source-v1>, "/home/riomus/toolchains/cuda-13.4-wheel-env/lib/python3.12/site-packages/nvidia/cu13/bin/../include/crt/sm_30_intrinsics.h", O_RDONLY|O_NOCTTY) = -1 ENOENT (No such file or directory)
2166797 openat(AT_FDCWD</home/riomus/runs/sfora-standalone-gpu-sha-build-source-v1>, "/home/riomus/toolchains/cuda-13.4-wheel-env/lib/python3.12/site-packages/nvidia/cu13/bin/../include/sm_30_intrinsics.h", O_RDONLY|O_NOCTTY) = 4</home/riomus/toolchains/cuda-13.4-wheel-env/lib/python3.12/site-packages/nvidia/cu13/include/sm_30_intrinsics.h>
2166797 openat(AT_FDCWD</home/riomus/runs/sfora-standalone-gpu-sha-build-source-v1>, "/home/riomus/toolchains/cuda-13.4-wheel-env/lib/python3.12/site-packages/nvidia/cu13/bin/../include/crt/sm_32_intrinsics.h", O_RDONLY|O_NOCTTY) = -1 ENOENT (No such file or directory)
2166797 openat(AT_FDCWD</home/riomus/runs/sfora-standalone-gpu-sha-build-source-v1>, "/home/riomus/toolchains/cuda-13.4-wheel-env/lib/python3.12/site-packages/nvidia/cu13/bin/../include/sm_32_intrinsics.h", O_RDONLY|O_NOCTTY) = 4</home/riomus/toolchains/cuda-13.4-wheel-env/lib/python3.12/site-packages/nvidia/cu13/include/sm_32_intrinsics.h>
2166797 openat(AT_FDCWD</home/riomus/runs/sfora-standalone-gpu-sha-build-source-v1>, "/home/riomus/toolchains/cuda-13.4-wheel-env/lib/python3.12/site-packages/nvidia/cu13/bin/../include/crt/sm_35_intrinsics.h", O_RDONLY|O_NOCTTY) = -1 ENOENT (No such file or directory)
2166797 openat(AT_FDCWD</home/riomus/runs/sfora-standalone-gpu-sha-build-source-v1>, "/home/riomus/toolchains/cuda-13.4-wheel-env/lib/python3.12/site-packages/nvidia/cu13/bin/../include/sm_35_intrinsics.h", O_RDONLY|O_NOCTTY) = 4</home/riomus/toolchains/cuda-13.4-wheel-env/lib/python3.12/site-packages/nvidia/cu13/include/sm_35_intrinsics.h>
2166797 openat(AT_FDCWD</home/riomus/runs/sfora-standalone-gpu-sha-build-source-v1>, "/home/riomus/toolchains/cuda-13.4-wheel-env/lib/python3.12/site-packages/nvidia/cu13/bin/../include/crt/sm_61_intrinsics.h", O_RDONLY|O_NOCTTY) = -1 ENOENT (No such file or directory)
2166797 openat(AT_FDCWD</home/riomus/runs/sfora-standalone-gpu-sha-build-source-v1>, "/home/riomus/toolchains/cuda-13.4-wheel-env/lib/python3.12/site-packages/nvidia/cu13/bin/../include/sm_61_intrinsics.h", O_RDONLY|O_NOCTTY) = 4</home/riomus/toolchains/cuda-13.4-wheel-env/lib/python3.12/site-packages/nvidia/cu13/include/sm_61_intrinsics.h>
2166797 openat(AT_FDCWD</home/riomus/runs/sfora-standalone-gpu-sha-build-source-v1>, "/home/riomus/toolchains/cuda-13.4-wheel-env/lib/python3.12/site-packages/nvidia/cu13/bin/../include/crt/sm_70_rt.h", O_RDONLY|O_NOCTTY) = 4</home/riomus/toolchains/cuda-13.4-wheel-env/lib/python3.12/site-packages/nvidia/cu13/include/crt/sm_70_rt.h>
2166797 openat(AT_FDCWD</home/riomus/runs/sfora-standalone-gpu-sha-build-source-v1>, "/home/riomus/toolchains/cuda-13.4-wheel-env/lib/python3.12/site-packages/nvidia/cu13/bin/../include/builtin_types.h", O_RDONLY|O_NOCTTY) = 4</home/riomus/toolchains/cuda-13.4-wheel-env/lib/python3.12/site-packages/nvidia/cu13/include/builtin_types.h>
2166797 openat(AT_FDCWD</home/riomus/runs/sfora-standalone-gpu-sha-build-source-v1>, "/home/riomus/toolchains/cuda-13.4-wheel-env/lib/python3.12/site-packages/nvidia/cu13/bin/../include/crt/host_defines.h", O_RDONLY|O_NOCTTY) = 4</home/riomus/toolchains/cuda-13.4-wheel-env/lib/python3.12/site-packages/nvidia/cu13/include/crt/host_defines.h>
2166797 openat(AT_FDCWD</home/riomus/runs/sfora-standalone-gpu-sha-build-source-v1>, "/home/riomus/toolchains/cuda-13.4-wheel-env/lib/python3.12/site-packages/nvidia/cu13/bin/../include/crt/sm_80_rt.h", O_RDONLY|O_NOCTTY) = 4</home/riomus/toolchains/cuda-13.4-wheel-env/lib/python3.12/site-packages/nvidia/cu13/include/crt/sm_80_rt.h>
2166797 openat(AT_FDCWD</home/riomus/runs/sfora-standalone-gpu-sha-build-source-v1>, "/home/riomus/toolchains/cuda-13.4-wheel-env/lib/python3.12/site-packages/nvidia/cu13/bin/../include/builtin_types.h", O_RDONLY|O_NOCTTY) = 4</home/riomus/toolchains/cuda-13.4-wheel-env/lib/python3.12/site-packages/nvidia/cu13/include/builtin_types.h>
2166797 openat(AT_FDCWD</home/riomus/runs/sfora-standalone-gpu-sha-build-source-v1>, "/home/riomus/toolchains/cuda-13.4-wheel-env/lib/python3.12/site-packages/nvidia/cu13/bin/../include/crt/host_defines.h", O_RDONLY|O_NOCTTY) = 4</home/riomus/toolchains/cuda-13.4-wheel-env/lib/python3.12/site-packages/nvidia/cu13/include/crt/host_defines.h>
2166797 openat(AT_FDCWD</home/riomus/runs/sfora-standalone-gpu-sha-build-source-v1>, "/home/riomus/toolchains/cuda-13.4-wheel-env/lib/python3.12/site-packages/nvidia/cu13/bin/../include/crt/sm_90_rt.h", O_RDONLY|O_NOCTTY) = 4</home/riomus/toolchains/cuda-13.4-wheel-env/lib/python3.12/site-packages/nvidia/cu13/include/crt/sm_90_rt.h>
2166797 openat(AT_FDCWD</home/riomus/runs/sfora-standalone-gpu-sha-build-source-v1>, "/home/riomus/toolchains/cuda-13.4-wheel-env/lib/python3.12/site-packages/nvidia/cu13/bin/../include/builtin_types.h", O_RDONLY|O_NOCTTY) = 4</home/riomus/toolchains/cuda-13.4-wheel-env/lib/python3.12/site-packages/nvidia/cu13/include/builtin_types.h>
2166797 openat(AT_FDCWD</home/riomus/runs/sfora-standalone-gpu-sha-build-source-v1>, "/home/riomus/toolchains/cuda-13.4-wheel-env/lib/python3.12/site-packages/nvidia/cu13/bin/../include/crt/host_defines.h", O_RDONLY|O_NOCTTY) = 4</home/riomus/toolchains/cuda-13.4-wheel-env/lib/python3.12/site-packages/nvidia/cu13/include/crt/host_defines.h>
2166797 openat(AT_FDCWD</home/riomus/runs/sfora-standalone-gpu-sha-build-source-v1>, "/home/riomus/toolchains/cuda-13.4-wheel-env/lib/python3.12/site-packages/nvidia/cu13/bin/../include/crt/sm_100_rt.h", O_RDONLY|O_NOCTTY) = 4</home/riomus/toolchains/cuda-13.4-wheel-env/lib/python3.12/site-packages/nvidia/cu13/include/crt/sm_100_rt.h>
2166797 openat(AT_FDCWD</home/riomus/runs/sfora-standalone-gpu-sha-build-source-v1>, "/home/riomus/toolchains/cuda-13.4-wheel-env/lib/python3.12/site-packages/nvidia/cu13/bin/../include/builtin_types.h", O_RDONLY|O_NOCTTY) = 4</home/riomus/toolchains/cuda-13.4-wheel-env/lib/python3.12/site-packages/nvidia/cu13/include/builtin_types.h>
2166797 openat(AT_FDCWD</home/riomus/runs/sfora-standalone-gpu-sha-build-source-v1>, "/home/riomus/toolchains/cuda-13.4-wheel-env/lib/python3.12/site-packages/nvidia/cu13/bin/../include/crt/host_defines.h", O_RDONLY|O_NOCTTY) = 4</home/riomus/toolchains/cuda-13.4-wheel-env/lib/python3.12/site-packages/nvidia/cu13/include/crt/host_defines.h>
2166797 openat(AT_FDCWD</home/riomus/runs/sfora-standalone-gpu-sha-build-source-v1>, "/home/riomus/toolchains/cuda-13.4-wheel-env/lib/python3.12/site-packages/nvidia/cu13/bin/../include/crt/texture_indirect_functions.h", O_RDONLY|O_NOCTTY) = -1 ENOENT (No such file or directory)
2166797 openat(AT_FDCWD</home/riomus/runs/sfora-standalone-gpu-sha-build-source-v1>, "/home/riomus/toolchains/cuda-13.4-wheel-env/lib/python3.12/site-packages/nvidia/cu13/bin/../include/texture_indirect_functions.h", O_RDONLY|O_NOCTTY) = 4</home/riomus/toolchains/cuda-13.4-wheel-env/lib/python3.12/site-packages/nvidia/cu13/include/texture_indirect_functions.h>
2166797 openat(AT_FDCWD</home/riomus/runs/sfora-standalone-gpu-sha-build-source-v1>, "/home/riomus/toolchains/cuda-13.4-wheel-env/lib/python3.12/site-packages/nvidia/cu13/bin/../include/crt/surface_indirect_functions.h", O_RDONLY|O_NOCTTY) = -1 ENOENT (No such file or directory)
2166797 openat(AT_FDCWD</home/riomus/runs/sfora-standalone-gpu-sha-build-source-v1>, "/home/riomus/toolchains/cuda-13.4-wheel-env/lib/python3.12/site-packages/nvidia/cu13/bin/../include/surface_indirect_functions.h", O_RDONLY|O_NOCTTY) = 4</home/riomus/toolchains/cuda-13.4-wheel-env/lib/python3.12/site-packages/nvidia/cu13/include/surface_indirect_functions.h>
2166797 openat(AT_FDCWD</home/riomus/runs/sfora-standalone-gpu-sha-build-source-v1>, "/home/riomus/toolchains/cuda-13.4-wheel-env/lib/python3.12/site-packages/nvidia/cu13/bin/../include/crt/cudacc_ext.h", O_RDONLY|O_NOCTTY) = 4</home/riomus/toolchains/cuda-13.4-wheel-env/lib/python3.12/site-packages/nvidia/cu13/include/crt/cudacc_ext.h>
2166797 openat(AT_FDCWD</home/riomus/runs/sfora-standalone-gpu-sha-build-source-v1>, "/home/riomus/toolchains/cuda-13.4-wheel-env/lib/python3.12/site-packages/nvidia/cu13/bin/../include/device_launch_parameters.h", O_RDONLY|O_NOCTTY) = 4</home/riomus/toolchains/cuda-13.4-wheel-env/lib/python3.12/site-packages/nvidia/cu13/include/device_launch_parameters.h>
2166797 openat(AT_FDCWD</home/riomus/runs/sfora-standalone-gpu-sha-build-source-v1>, "/home/riomus/toolchains/cuda-13.4-wheel-env/lib/python3.12/site-packages/nvidia/cu13/bin/../include/utility", O_RDONLY|O_NOCTTY) = -1 ENOENT (No such file or directory)
2166797 openat(AT_FDCWD</home/riomus/runs/sfora-standalone-gpu-sha-build-source-v1>, "/usr/include/c++/13/utility", O_RDONLY|O_NOCTTY) = 4</usr/include/c++/13/utility>
2166797 openat(AT_FDCWD</home/riomus/runs/sfora-standalone-gpu-sha-build-source-v1>, "/home/riomus/toolchains/cuda-13.4-wheel-env/lib/python3.12/site-packages/nvidia/cu13/bin/../include/bits/stl_relops.h", O_RDONLY|O_NOCTTY) = -1 ENOENT (No such file or directory)
2166797 openat(AT_FDCWD</home/riomus/runs/sfora-standalone-gpu-sha-build-source-v1>, "/usr/include/c++/13/bits/stl_relops.h", O_RDONLY|O_NOCTTY) = 4</usr/include/c++/13/bits/stl_relops.h>
2166797 openat(AT_FDCWD</home/riomus/runs/sfora-standalone-gpu-sha-build-source-v1>, "/home/riomus/toolchains/cuda-13.4-wheel-env/lib/python3.12/site-packages/nvidia/cu13/bin/../include/initializer_list", O_RDONLY|O_NOCTTY) = -1 ENOENT (No such file or directory)
2166797 openat(AT_FDCWD</home/riomus/runs/sfora-standalone-gpu-sha-build-source-v1>, "/usr/include/c++/13/initializer_list", O_RDONLY|O_NOCTTY) = 4</usr/include/c++/13/initializer_list>
2166797 openat(AT_FDCWD</home/riomus/runs/sfora-standalone-gpu-sha-build-source-v1>, "/home/riomus/toolchains/cuda-13.4-wheel-env/lib/python3.12/site-packages/nvidia/cu13/bin/../include/stdint.h", O_RDONLY|O_NOCTTY) = -1 ENOENT (No such file or directory)
2166797 openat(AT_FDCWD</home/riomus/runs/sfora-standalone-gpu-sha-build-source-v1>, "/usr/include/c++/13/stdint.h", O_RDONLY|O_NOCTTY) = -1 ENOENT (No such file or directory)
2166797 openat(AT_FDCWD</home/riomus/runs/sfora-standalone-gpu-sha-build-source-v1>, "/usr/include/aarch64-linux-gnu/c++/13/stdint.h", O_RDONLY|O_NOCTTY) = -1 ENOENT (No such file or directory)
2166797 openat(AT_FDCWD</home/riomus/runs/sfora-standalone-gpu-sha-build-source-v1>, "/usr/include/c++/13/backward/stdint.h", O_RDONLY|O_NOCTTY) = -1 ENOENT (No such file or directory)
2166797 openat(AT_FDCWD</home/riomus/runs/sfora-standalone-gpu-sha-build-source-v1>, "/usr/lib/gcc/aarch64-linux-gnu/13/include/stdint.h", O_RDONLY|O_NOCTTY) = 4</usr/lib/gcc/aarch64-linux-gnu/13/include/stdint.h>
2166797 openat(AT_FDCWD</home/riomus/runs/sfora-standalone-gpu-sha-build-source-v1>, "/usr/local/include/stdint.h", O_RDONLY|O_NOCTTY) = -1 ENOENT (No such file or directory)
2166797 openat(AT_FDCWD</home/riomus/runs/sfora-standalone-gpu-sha-build-source-v1>, "/usr/include/aarch64-linux-gnu/stdint.h", O_RDONLY|O_NOCTTY) = -1 ENOENT (No such file or directory)
2166797 openat(AT_FDCWD</home/riomus/runs/sfora-standalone-gpu-sha-build-source-v1>, "/usr/include/stdint.h", O_RDONLY|O_NOCTTY) = 4</usr/include/stdint.h>
2166797 openat(AT_FDCWD</home/riomus/runs/sfora-standalone-gpu-sha-build-source-v1>, "/usr/include/aarch64-linux-gnu/bits/libc-header-start.h", O_RDONLY|O_NOCTTY) = 4</usr/include/aarch64-linux-gnu/bits/libc-header-start.h>
2166797 openat(AT_FDCWD</home/riomus/runs/sfora-standalone-gpu-sha-build-source-v1>, "/home/riomus/toolchains/cuda-13.4-wheel-env/lib/python3.12/site-packages/nvidia/cu13/bin/../include/bits/wchar.h", O_RDONLY|O_NOCTTY) = -1 ENOENT (No such file or directory)
2166797 openat(AT_FDCWD</home/riomus/runs/sfora-standalone-gpu-sha-build-source-v1>, "/usr/include/c++/13/bits/wchar.h", O_RDONLY|O_NOCTTY) = -1 ENOENT (No such file or directory)
2166797 openat(AT_FDCWD</home/riomus/runs/sfora-standalone-gpu-sha-build-source-v1>, "/usr/include/aarch64-linux-gnu/c++/13/bits/wchar.h", O_RDONLY|O_NOCTTY) = -1 ENOENT (No such file or directory)
2166797 openat(AT_FDCWD</home/riomus/runs/sfora-standalone-gpu-sha-build-source-v1>, "/usr/include/c++/13/backward/bits/wchar.h", O_RDONLY|O_NOCTTY) = -1 ENOENT (No such file or directory)
2166797 openat(AT_FDCWD</home/riomus/runs/sfora-standalone-gpu-sha-build-source-v1>, "/usr/lib/gcc/aarch64-linux-gnu/13/include/bits/wchar.h", O_RDONLY|O_NOCTTY) = -1 ENOENT (No such file or directory)
2166797 openat(AT_FDCWD</home/riomus/runs/sfora-standalone-gpu-sha-build-source-v1>, "/usr/local/include/bits/wchar.h", O_RDONLY|O_NOCTTY) = -1 ENOENT (No such file or directory)
2166797 openat(AT_FDCWD</home/riomus/runs/sfora-standalone-gpu-sha-build-source-v1>, "/usr/include/aarch64-linux-gnu/bits/wchar.h", O_RDONLY|O_NOCTTY) = 4</usr/include/aarch64-linux-gnu/bits/wchar.h>
2166797 openat(AT_FDCWD</home/riomus/runs/sfora-standalone-gpu-sha-build-source-v1>, "/usr/include/aarch64-linux-gnu/bits/wordsize.h", O_RDONLY|O_NOCTTY) = 4</usr/include/aarch64-linux-gnu/bits/wordsize.h>
2166797 openat(AT_FDCWD</home/riomus/runs/sfora-standalone-gpu-sha-build-source-v1>, "/home/riomus/toolchains/cuda-13.4-wheel-env/lib/python3.12/site-packages/nvidia/cu13/bin/../include/bits/stdint-uintn.h", O_RDONLY|O_NOCTTY) = -1 ENOENT (No such file or directory)
2166797 openat(AT_FDCWD</home/riomus/runs/sfora-standalone-gpu-sha-build-source-v1>, "/usr/include/c++/13/bits/stdint-uintn.h", O_RDONLY|O_NOCTTY) = -1 ENOENT (No such file or directory)
2166797 openat(AT_FDCWD</home/riomus/runs/sfora-standalone-gpu-sha-build-source-v1>, "/usr/include/aarch64-linux-gnu/c++/13/bits/stdint-uintn.h", O_RDONLY|O_NOCTTY) = -1 ENOENT (No such file or directory)
2166797 openat(AT_FDCWD</home/riomus/runs/sfora-standalone-gpu-sha-build-source-v1>, "/usr/include/c++/13/backward/bits/stdint-uintn.h", O_RDONLY|O_NOCTTY) = -1 ENOENT (No such file or directory)
2166797 openat(AT_FDCWD</home/riomus/runs/sfora-standalone-gpu-sha-build-source-v1>, "/usr/lib/gcc/aarch64-linux-gnu/13/include/bits/stdint-uintn.h", O_RDONLY|O_NOCTTY) = -1 ENOENT (No such file or directory)
2166797 openat(AT_FDCWD</home/riomus/runs/sfora-standalone-gpu-sha-build-source-v1>, "/usr/local/include/bits/stdint-uintn.h", O_RDONLY|O_NOCTTY) = -1 ENOENT (No such file or directory)
2166797 openat(AT_FDCWD</home/riomus/runs/sfora-standalone-gpu-sha-build-source-v1>, "/usr/include/aarch64-linux-gnu/bits/stdint-uintn.h", O_RDONLY|O_NOCTTY) = 4</usr/include/aarch64-linux-gnu/bits/stdint-uintn.h>
2166797 openat(AT_FDCWD</home/riomus/runs/sfora-standalone-gpu-sha-build-source-v1>, "/home/riomus/toolchains/cuda-13.4-wheel-env/lib/python3.12/site-packages/nvidia/cu13/bin/../include/bits/stdint-least.h", O_RDONLY|O_NOCTTY) = -1 ENOENT (No such file or directory)
2166797 openat(AT_FDCWD</home/riomus/runs/sfora-standalone-gpu-sha-build-source-v1>, "/usr/include/c++/13/bits/stdint-least.h", O_RDONLY|O_NOCTTY) = -1 ENOENT (No such file or directory)
2166797 openat(AT_FDCWD</home/riomus/runs/sfora-standalone-gpu-sha-build-source-v1>, "/usr/include/aarch64-linux-gnu/c++/13/bits/stdint-least.h", O_RDONLY|O_NOCTTY) = -1 ENOENT (No such file or directory)
2166797 openat(AT_FDCWD</home/riomus/runs/sfora-standalone-gpu-sha-build-source-v1>, "/usr/include/c++/13/backward/bits/stdint-least.h", O_RDONLY|O_NOCTTY) = -1 ENOENT (No such file or directory)
2166797 openat(AT_FDCWD</home/riomus/runs/sfora-standalone-gpu-sha-build-source-v1>, "/usr/lib/gcc/aarch64-linux-gnu/13/include/bits/stdint-least.h", O_RDONLY|O_NOCTTY) = -1 ENOENT (No such file or directory)
2166797 openat(AT_FDCWD</home/riomus/runs/sfora-standalone-gpu-sha-build-source-v1>, "/usr/local/include/bits/stdint-least.h", O_RDONLY|O_NOCTTY) = -1 ENOENT (No such file or directory)
2166797 openat(AT_FDCWD</home/riomus/runs/sfora-standalone-gpu-sha-build-source-v1>, "/usr/include/aarch64-linux-gnu/bits/stdint-least.h", O_RDONLY|O_NOCTTY) = 4</usr/include/aarch64-linux-gnu/bits/stdint-least.h>
2166797 +++ exited with 0 +++
2166796 --- SIGCHLD {si_signo=SIGCHLD, si_code=CLD_EXITED, si_pid=2166797, si_uid=1000, si_status=0, si_utime=5 /* 0.05 s */, si_stime=2 /* 0.02 s */} ---
2166796 +++ exited with 0 +++
2166795 --- SIGCHLD {si_signo=SIGCHLD, si_code=CLD_EXITED, si_pid=2166796, si_uid=1000, si_status=0, si_utime=0, si_stime=0} ---
2166795 +++ exited with 0 +++
2166789 --- SIGCHLD {si_signo=SIGCHLD, si_code=CLD_EXITED, si_pid=2166795, si_uid=1000, si_status=0, si_utime=0, si_stime=0} ---
2166789 openat(AT_FDCWD</home/riomus/runs/sfora-standalone-gpu-sha-build-source-v1>, "/tmp/tmpxft_00211005_00000000-5_sha256_occurrences.cpp1.ii", O_RDONLY) = 3</tmp/tmpxft_00211005_00000000-5_sha256_occurrences.cpp1.ii>
2166789 openat(AT_FDCWD</home/riomus/runs/sfora-standalone-gpu-sha-build-source-v1>, "/tmp/tmpxft_00211005_00000000-6_sha256_occurrences.cpp4.ii", O_RDONLY) = 3</tmp/tmpxft_00211005_00000000-6_sha256_occurrences.cpp4.ii>
2166789 openat(AT_FDCWD</home/riomus/runs/sfora-standalone-gpu-sha-build-source-v1>, "/home/riomus/runs/sfora-standalone-gpu-sha-build-source-v1/dependency-source-scan-v1/dependencies.mk", O_WRONLY|O_CREAT|O_TRUNC, 0666) = 3</home/riomus/runs/sfora-standalone-gpu-sha-build-source-v1/dependency-source-scan-v1/dependencies.mk>
2166789 openat(AT_FDCWD</home/riomus/runs/sfora-standalone-gpu-sha-build-source-v1>, "/tmp", O_RDONLY|O_NONBLOCK|O_CLOEXEC|O_DIRECTORY) = 3</tmp>
2166789 +++ exited with 0 +++
