Installed 1 package in 25ms
Would reformat: docs/evidence/compact_metric/sop-siglip2-substrate-v1/actual-objective-gradient-diagnostic-v1-freeze/connected_residual_readout.py
Would reformat: docs/evidence/compact_metric/sop-siglip2-substrate-v1/actual-objective-gradient-diagnostic-v1-freeze/prototype_residual_readout.py
Would reformat: docs/evidence/compact_metric/sop-siglip2-substrate-v1/actual-objective-gradient-diagnostic-v1-freeze/quadratic_readout.py
Would reformat: docs/evidence/compact_metric/sop-siglip2-substrate-v1/actual-objective-gradient-diagnostic-v1-freeze/qualify_actual_objective_encoder_gradients.py
Would reformat: docs/evidence/compact_metric/sop-siglip2-substrate-v1/actual-objective-gradient-diagnostic-v1-freeze/qualify_connected_encoder_gradients.py
Would reformat: docs/evidence/compact_metric/sop-siglip2-substrate-v1/actual-objective-gradient-diagnostic-v1-freeze/test_actual_objective_encoder_gradients.py
Would reformat: docs/evidence/compact_metric/sop-siglip2-substrate-v1/actual-objective-gradient-diagnostic-v1-freeze/train_siglip2_cached_readout.py
Would reformat: docs/evidence/compact_metric/sop-siglip2-substrate-v1/actual-objective-gradient-v1-freeze/connected_residual_readout.py
Would reformat: docs/evidence/compact_metric/sop-siglip2-substrate-v1/actual-objective-gradient-v1-freeze/prototype_residual_readout.py
Would reformat: docs/evidence/compact_metric/sop-siglip2-substrate-v1/actual-objective-gradient-v1-freeze/quadratic_readout.py
Would reformat: docs/evidence/compact_metric/sop-siglip2-substrate-v1/actual-objective-gradient-v1-freeze/qualify_actual_objective_encoder_gradients.py
Would reformat: docs/evidence/compact_metric/sop-siglip2-substrate-v1/actual-objective-gradient-v1-freeze/qualify_connected_encoder_gradients.py
Would reformat: docs/evidence/compact_metric/sop-siglip2-substrate-v1/actual-objective-gradient-v1-freeze/test_actual_objective_encoder_gradients.py
Would reformat: docs/evidence/compact_metric/sop-siglip2-substrate-v1/actual-objective-gradient-v1-freeze/train_siglip2_cached_readout.py
Would reformat: docs/evidence/compact_metric/sop-siglip2-substrate-v1/actual-objective-gradient-v2-freeze/connected_residual_readout.py
Would reformat: docs/evidence/compact_metric/sop-siglip2-substrate-v1/actual-objective-gradient-v2-freeze/prototype_residual_readout.py
Would reformat: docs/evidence/compact_metric/sop-siglip2-substrate-v1/actual-objective-gradient-v2-freeze/quadratic_readout.py
Would reformat: docs/evidence/compact_metric/sop-siglip2-substrate-v1/actual-objective-gradient-v2-freeze/qualify_actual_objective_encoder_gradients.py
Would reformat: docs/evidence/compact_metric/sop-siglip2-substrate-v1/actual-objective-gradient-v2-freeze/qualify_connected_encoder_gradients.py
Would reformat: docs/evidence/compact_metric/sop-siglip2-substrate-v1/actual-objective-gradient-v2-freeze/test_actual_objective_encoder_gradients.py
Would reformat: docs/evidence/compact_metric/sop-siglip2-substrate-v1/actual-objective-gradient-v2-freeze/train_siglip2_cached_readout.py
Would reformat: docs/evidence/compact_metric/sop-siglip2-substrate-v1/actual-objective-processor-cache-source/original-image_processing_backends.py
Would reformat: docs/evidence/compact_metric/sop-siglip2-substrate-v1/asymmetric-exit-phase-source-v1/original_residency_sampler.py
Would reformat: docs/evidence/compact_metric/sop-siglip2-substrate-v1/asymmetric-exit-phase-source-v1/original_sampler_test.py
Would reformat: docs/evidence/compact_metric/sop-siglip2-substrate-v1/compact-evaluation-first-cpu-v10/evaluate_siglip2_compact_ranking.py
Would reformat: docs/evidence/compact_metric/sop-siglip2-substrate-v1/compact-evaluation-first-cpu-v10/export-freeze.py
Would reformat: docs/evidence/compact_metric/sop-siglip2-substrate-v1/compact-evaluation-first-cpu-v10/freeze.py
Would reformat: docs/evidence/compact_metric/sop-siglip2-substrate-v1/compact-evaluation-first-cpu-v10/test_compact_ranking_evaluation.py
Would reformat: docs/evidence/compact_metric/sop-siglip2-substrate-v1/compact-evaluation-first-cpu-v10/verify.py
Would reformat: docs/evidence/compact_metric/sop-siglip2-substrate-v1/compact-evaluation-first-cpu-v11/evaluate_siglip2_compact_ranking.py
Would reformat: docs/evidence/compact_metric/sop-siglip2-substrate-v1/compact-evaluation-first-cpu-v11/freeze.py
Would reformat: docs/evidence/compact_metric/sop-siglip2-substrate-v1/compact-evaluation-first-cpu-v11/test_compact_ranking_evaluation.py
Would reformat: docs/evidence/compact_metric/sop-siglip2-substrate-v1/compact-evaluation-first-cpu-v12/compact-evaluation-cpu-v12-freeze.py
Would reformat: docs/evidence/compact_metric/sop-siglip2-substrate-v1/compact-evaluation-first-cpu-v12/evaluate_siglip2_compact_ranking.py
Would reformat: docs/evidence/compact_metric/sop-siglip2-substrate-v1/compact-evaluation-first-cpu-v12/test_compact_ranking_evaluation.py
Would reformat: docs/evidence/compact_metric/sop-siglip2-substrate-v1/compact-evaluation-first-cpu-v13/compact-evaluation-cpu-v13-freeze.py
Would reformat: docs/evidence/compact_metric/sop-siglip2-substrate-v1/compact-evaluation-first-cpu-v13/evaluate_siglip2_compact_ranking.py
Would reformat: docs/evidence/compact_metric/sop-siglip2-substrate-v1/compact-evaluation-first-cpu-v13/test_compact_ranking_evaluation.py
Would reformat: docs/evidence/compact_metric/sop-siglip2-substrate-v1/compact-evaluation-first-cpu-v14/compact-evaluation-cpu-v14-freeze.py
Would reformat: docs/evidence/compact_metric/sop-siglip2-substrate-v1/compact-evaluation-first-cpu-v14/evaluate_siglip2_compact_ranking.py
Would reformat: docs/evidence/compact_metric/sop-siglip2-substrate-v1/compact-evaluation-first-cpu-v14/test_compact_ranking_evaluation.py
Would reformat: docs/evidence/compact_metric/sop-siglip2-substrate-v1/compact-evaluation-first-cpu-v7/evaluate_siglip2_compact_ranking.py
Would reformat: docs/evidence/compact_metric/sop-siglip2-substrate-v1/compact-evaluation-first-cpu-v7/test_compact_ranking_evaluation.py
Would reformat: docs/evidence/compact_metric/sop-siglip2-substrate-v1/compact-evaluation-first-cpu-v8/evaluate_siglip2_compact_ranking.py
Would reformat: docs/evidence/compact_metric/sop-siglip2-substrate-v1/compact-evaluation-first-cpu-v8/test_compact_ranking_evaluation.py
Would reformat: docs/evidence/compact_metric/sop-siglip2-substrate-v1/compact-evaluation-first-cpu-v9/evaluate_siglip2_compact_ranking.py
Would reformat: docs/evidence/compact_metric/sop-siglip2-substrate-v1/compact-evaluation-first-cpu-v9/test_compact_ranking_evaluation.py
Would reformat: docs/evidence/compact_metric/sop-siglip2-substrate-v1/compact-evaluation-first-cpu-v9/verify.py
Would reformat: docs/evidence/compact_metric/sop-siglip2-substrate-v1/compact-evaluation-first-selection-score-v1/freeze.py
Would reformat: docs/evidence/compact_metric/sop-siglip2-substrate-v1/compact-evaluation-first-selection-score-v1/verify.py
Would reformat: docs/evidence/compact_metric/sop-siglip2-substrate-v1/compact-ranking-evaluation-source-v5/evaluate_siglip2_compact_ranking.py
Would reformat: docs/evidence/compact_metric/sop-siglip2-substrate-v1/compact-ranking-evaluation-source-v5/test_compact_ranking_evaluation.py
Would reformat: docs/evidence/compact_metric/sop-siglip2-substrate-v1/compact-ranking-evaluation-source-v6/evaluate_siglip2_compact_ranking.py
Would reformat: docs/evidence/compact_metric/sop-siglip2-substrate-v1/compact-ranking-evaluation-source-v6/import-only-v1.py
Would reformat: docs/evidence/compact_metric/sop-siglip2-substrate-v1/compact-ranking-evaluation-source-v6/test_compact_ranking_evaluation.py
Would reformat: docs/evidence/compact_metric/sop-siglip2-substrate-v1/compact-ranking-evaluation-source-v7/evaluate_siglip2_compact_ranking.py
Would reformat: docs/evidence/compact_metric/sop-siglip2-substrate-v1/compact-ranking-evaluation-source-v7/import-only-v2.py
Would reformat: docs/evidence/compact_metric/sop-siglip2-substrate-v1/compact-ranking-evaluation-source-v7/test_compact_ranking_evaluation.py
Would reformat: docs/evidence/compact_metric/sop-siglip2-substrate-v1/compact-runtime-import-only-v10/evaluate_siglip2_compact_ranking.py
Would reformat: docs/evidence/compact_metric/sop-siglip2-substrate-v1/compact-runtime-import-only-v10/import-only-v10.py
Would reformat: docs/evidence/compact_metric/sop-siglip2-substrate-v1/compact-runtime-import-only-v10/test_compact_ranking_evaluation.py
Would reformat: docs/evidence/compact_metric/sop-siglip2-substrate-v1/compact-runtime-import-only-v11/evaluate_siglip2_compact_ranking.py
Would reformat: docs/evidence/compact_metric/sop-siglip2-substrate-v1/compact-runtime-import-only-v11/import-only-v11.py
Would reformat: docs/evidence/compact_metric/sop-siglip2-substrate-v1/compact-runtime-import-only-v11/test_compact_ranking_evaluation.py
Would reformat: docs/evidence/compact_metric/sop-siglip2-substrate-v1/compact-runtime-import-only-v12/evaluate_siglip2_compact_ranking.py
Would reformat: docs/evidence/compact_metric/sop-siglip2-substrate-v1/compact-runtime-import-only-v12/import-only-v12.py
Would reformat: docs/evidence/compact_metric/sop-siglip2-substrate-v1/compact-runtime-import-only-v12/test_compact_ranking_evaluation.py
Would reformat: docs/evidence/compact_metric/sop-siglip2-substrate-v1/compact-runtime-import-only-v13/evaluate_siglip2_compact_ranking.py
Would reformat: docs/evidence/compact_metric/sop-siglip2-substrate-v1/compact-runtime-import-only-v13/import-only-v13.py
Would reformat: docs/evidence/compact_metric/sop-siglip2-substrate-v1/compact-runtime-import-only-v13/test_compact_ranking_evaluation.py
Would reformat: docs/evidence/compact_metric/sop-siglip2-substrate-v1/compact-runtime-import-only-v14/evaluate_siglip2_compact_ranking.py
Would reformat: docs/evidence/compact_metric/sop-siglip2-substrate-v1/compact-runtime-import-only-v14/import-only-v14.py
Would reformat: docs/evidence/compact_metric/sop-siglip2-substrate-v1/compact-runtime-import-only-v14/test_compact_ranking_evaluation.py
Would reformat: docs/evidence/compact_metric/sop-siglip2-substrate-v1/compact-runtime-import-only-v3/evaluate_siglip2_compact_ranking.py
Would reformat: docs/evidence/compact_metric/sop-siglip2-substrate-v1/compact-runtime-import-only-v3/import-only-v3.py
Would reformat: docs/evidence/compact_metric/sop-siglip2-substrate-v1/compact-runtime-import-only-v3/test_compact_ranking_evaluation.py
Would reformat: docs/evidence/compact_metric/sop-siglip2-substrate-v1/compact-runtime-import-only-v4/evaluate_siglip2_compact_ranking.py
Would reformat: docs/evidence/compact_metric/sop-siglip2-substrate-v1/compact-runtime-import-only-v4/import-only-v4.py
Would reformat: docs/evidence/compact_metric/sop-siglip2-substrate-v1/compact-runtime-import-only-v4/test_compact_ranking_evaluation.py
Would reformat: docs/evidence/compact_metric/sop-siglip2-substrate-v1/compact-runtime-import-only-v5/evaluate_siglip2_compact_ranking.py
Would reformat: docs/evidence/compact_metric/sop-siglip2-substrate-v1/compact-runtime-import-only-v5/import-only-v5.py
Would reformat: docs/evidence/compact_metric/sop-siglip2-substrate-v1/compact-runtime-import-only-v5/test_compact_ranking_evaluation.py
Would reformat: docs/evidence/compact_metric/sop-siglip2-substrate-v1/compact-runtime-import-only-v6/evaluate_siglip2_compact_ranking.py
Would reformat: docs/evidence/compact_metric/sop-siglip2-substrate-v1/compact-runtime-import-only-v6/import-only-v6.py
Would reformat: docs/evidence/compact_metric/sop-siglip2-substrate-v1/compact-runtime-import-only-v6/test_compact_ranking_evaluation.py
Would reformat: docs/evidence/compact_metric/sop-siglip2-substrate-v1/compact-runtime-import-only-v7/evaluate_siglip2_compact_ranking.py
Would reformat: docs/evidence/compact_metric/sop-siglip2-substrate-v1/compact-runtime-import-only-v7/import-only-v7.py
Would reformat: docs/evidence/compact_metric/sop-siglip2-substrate-v1/compact-runtime-import-only-v7/test_compact_ranking_evaluation.py
Would reformat: docs/evidence/compact_metric/sop-siglip2-substrate-v1/compact-runtime-import-only-v8/evaluate_siglip2_compact_ranking.py
Would reformat: docs/evidence/compact_metric/sop-siglip2-substrate-v1/compact-runtime-import-only-v8/import-only-v8.py
Would reformat: docs/evidence/compact_metric/sop-siglip2-substrate-v1/compact-runtime-import-only-v8/test_compact_ranking_evaluation.py
Would reformat: docs/evidence/compact_metric/sop-siglip2-substrate-v1/compact-runtime-import-only-v9/evaluate_siglip2_compact_ranking.py
Would reformat: docs/evidence/compact_metric/sop-siglip2-substrate-v1/compact-runtime-import-only-v9/import-only-v9.py
Would reformat: docs/evidence/compact_metric/sop-siglip2-substrate-v1/compact-runtime-import-only-v9/test_compact_ranking_evaluation.py
Would reformat: docs/evidence/compact_metric/sop-siglip2-substrate-v1/compact-state-diagnostic-v1/compact-state-diagnostic-v1.py
Would reformat: docs/evidence/compact_metric/sop-siglip2-substrate-v1/compact-state-diagnostic-v1/endpoint-state-mismatch-report-v1.py
Would reformat: docs/evidence/compact_metric/sop-siglip2-substrate-v1/compiler-cast-diagnostic-v1/original-fused-kernel.py
Would reformat: docs/evidence/compact_metric/sop-siglip2-substrate-v1/connected-all-query-margin-v1-freeze/census_connected_core_errors.py
Would reformat: docs/evidence/compact_metric/sop-siglip2-substrate-v1/connected-all-query-margin-v1-freeze/census_connected_core_errors_torch.py
Would reformat: docs/evidence/compact_metric/sop-siglip2-substrate-v1/connected-all-query-margin-v1-freeze/evaluate_siglip2_prototype_residual.py
Would reformat: docs/evidence/compact_metric/sop-siglip2-substrate-v1/connected-all-query-margin-v1-freeze/export_siglip2_substrate_fit.py
Would reformat: docs/evidence/compact_metric/sop-siglip2-substrate-v1/connected-all-query-margin-v1-freeze/extract_siglip2_vision_source.py
Would reformat: docs/evidence/compact_metric/sop-siglip2-substrate-v1/connected-all-query-margin-v1-freeze/qualify_connected_serving_requests.py
Would reformat: docs/evidence/compact_metric/sop-siglip2-substrate-v1/connected-all-query-margin-v1-freeze/qualify_siglip2_substrate_cpu.py
Would reformat: docs/evidence/compact_metric/sop-siglip2-substrate-v1/connected-all-query-margin-v1-freeze/test_connected_core_errors_torch.py
Would reformat: docs/evidence/compact_metric/sop-siglip2-substrate-v1/connected-all-query-margin-v1-freeze/train_siglip2_quadratic_readout.py
Would reformat: docs/evidence/compact_metric/sop-siglip2-substrate-v1/connected-all-query-margin-v1-freeze/train_siglip2_substrate_adaptation.py
Would reformat: docs/evidence/compact_metric/sop-siglip2-substrate-v1/connected-asymmetric-cache-first-179061-v1-freeze/diagnose_connected_asymmetric_cache.py
Would reformat: docs/evidence/compact_metric/sop-siglip2-substrate-v1/connected-asymmetric-cache-first-179061-v1-freeze/test_connected_asymmetric_cache.py
Would reformat: docs/evidence/compact_metric/sop-siglip2-substrate-v1/connected-asymmetric-exit-observation-v1-draft/diagnose_connected_asymmetric_cache.py
Would reformat: docs/evidence/compact_metric/sop-siglip2-substrate-v1/connected-asymmetric-exit-observation-v1-draft/test_connected_asymmetric_cache.py
Would reformat: docs/evidence/compact_metric/sop-siglip2-substrate-v1/connected-asymmetric-exit-observation-v1-freeze/diagnose_connected_asymmetric_cache.py
Would reformat: docs/evidence/compact_metric/sop-siglip2-substrate-v1/connected-asymmetric-exit-observation-v1-freeze/observe_asymmetric_exit_residency.py
Would reformat: docs/evidence/compact_metric/sop-siglip2-substrate-v1/connected-asymmetric-exit-observation-v1-freeze/test_asymmetric_exit_residency.py
Would reformat: docs/evidence/compact_metric/sop-siglip2-substrate-v1/connected-asymmetric-exit-observation-v1-freeze/test_connected_asymmetric_cache.py
Would reformat: docs/evidence/compact_metric/sop-siglip2-substrate-v1/connected-control-serving-gallery-preparation-v1/prepare.py
Would reformat: docs/evidence/compact_metric/sop-siglip2-substrate-v1/connected-cuda-workspace-source-audit-v1/installed-cuda_memory.py
Would reformat: docs/evidence/compact_metric/sop-siglip2-substrate-v1/connected-cuda-workspace-source-audit-v1/installed-version.py
Would reformat: docs/evidence/compact_metric/sop-siglip2-substrate-v1/connected-encoder-b32-profile-v1-freeze/connected_residual_readout.py
Would reformat: docs/evidence/compact_metric/sop-siglip2-substrate-v1/connected-encoder-b32-profile-v1-freeze/prototype_residual_readout.py
Would reformat: docs/evidence/compact_metric/sop-siglip2-substrate-v1/connected-encoder-b32-profile-v1-freeze/quadratic_readout.py
Would reformat: docs/evidence/compact_metric/sop-siglip2-substrate-v1/connected-encoder-b32-profile-v1-freeze/qualify_connected_encoder_gradients.py
Would reformat: docs/evidence/compact_metric/sop-siglip2-substrate-v1/connected-encoder-b32-profile-v1-freeze/test_connected_encoder_gradients.py
Would reformat: docs/evidence/compact_metric/sop-siglip2-substrate-v1/connected-encoder-b32-profile-v1-freeze/train_siglip2_cached_readout.py
Would reformat: docs/evidence/compact_metric/sop-siglip2-substrate-v1/connected-encoder-backend-profile-v1-freeze/connected_residual_readout.py
Would reformat: docs/evidence/compact_metric/sop-siglip2-substrate-v1/connected-encoder-backend-profile-v1-freeze/prototype_residual_readout.py
Would reformat: docs/evidence/compact_metric/sop-siglip2-substrate-v1/connected-encoder-backend-profile-v1-freeze/quadratic_readout.py
Would reformat: docs/evidence/compact_metric/sop-siglip2-substrate-v1/connected-encoder-backend-profile-v1-freeze/qualify_connected_encoder_gradients.py
Would reformat: docs/evidence/compact_metric/sop-siglip2-substrate-v1/connected-encoder-backend-profile-v1-freeze/test_connected_encoder_gradients.py
Would reformat: docs/evidence/compact_metric/sop-siglip2-substrate-v1/connected-encoder-backend-profile-v1-freeze/train_siglip2_cached_readout.py
Would reformat: docs/evidence/compact_metric/sop-siglip2-substrate-v1/connected-encoder-gradient-v1-freeze/connected_residual_readout.py
Would reformat: docs/evidence/compact_metric/sop-siglip2-substrate-v1/connected-encoder-gradient-v1-freeze/prototype_residual_readout.py
Would reformat: docs/evidence/compact_metric/sop-siglip2-substrate-v1/connected-encoder-gradient-v1-freeze/quadratic_readout.py
Would reformat: docs/evidence/compact_metric/sop-siglip2-substrate-v1/connected-encoder-gradient-v1-freeze/qualify_connected_encoder_gradients.py
Would reformat: docs/evidence/compact_metric/sop-siglip2-substrate-v1/connected-encoder-gradient-v1-freeze/test_connected_encoder_gradients.py
Would reformat: docs/evidence/compact_metric/sop-siglip2-substrate-v1/connected-encoder-gradient-v1-freeze/train_siglip2_cached_readout.py
Would reformat: docs/evidence/compact_metric/sop-siglip2-substrate-v1/connected-endpoint-reader-decision-v1/staging-falsifier.py
Would reformat: docs/evidence/compact_metric/sop-siglip2-substrate-v1/connected-endpoint-reader-review-v1/namespace-falsifier.py
Would reformat: docs/evidence/compact_metric/sop-siglip2-substrate-v1/connected-fresh-sha-native-v3-freeze/actual-proposal-preflight.py
Would reformat: docs/evidence/compact_metric/sop-siglip2-substrate-v1/connected-fresh-sha-native-v3-freeze/parent-freezer.py
Would reformat: docs/evidence/compact_metric/sop-siglip2-substrate-v1/connected-full-authority-observation-v1-freeze/observe_connected_full_authority.py
Would reformat: docs/evidence/compact_metric/sop-siglip2-substrate-v1/connected-full-authority-observation-v1-freeze/parent-freeze-generator.py
Would reformat: docs/evidence/compact_metric/sop-siglip2-substrate-v1/connected-full-authority-observation-v1-freeze/test_connected_full_authority_observation.py
Would reformat: docs/evidence/compact_metric/sop-siglip2-substrate-v1/connected-full-authority-observation-v2-freeze/observe_connected_full_authority.py
Would reformat: docs/evidence/compact_metric/sop-siglip2-substrate-v1/connected-full-authority-observation-v2-freeze/parent-freeze-generator.py
Would reformat: docs/evidence/compact_metric/sop-siglip2-substrate-v1/connected-full-authority-observation-v2-freeze/test_connected_full_authority_observation.py
Would reformat: docs/evidence/compact_metric/sop-siglip2-substrate-v1/connected-full-authority-observation-v3/initializer-delegate-falsifier.py
Would reformat: docs/evidence/compact_metric/sop-siglip2-substrate-v1/connected-full-authority-observation-v3-freeze/observe_connected_full_authority.py
Would reformat: docs/evidence/compact_metric/sop-siglip2-substrate-v1/connected-full-authority-observation-v3-freeze/test_connected_full_authority_observation.py
Would reformat: docs/evidence/compact_metric/sop-siglip2-substrate-v1/connected-full-authority-observation-v4-freeze/observe_connected_full_authority.py
Would reformat: docs/evidence/compact_metric/sop-siglip2-substrate-v1/connected-full-authority-observation-v4-freeze/test_connected_full_authority_observation.py
Would reformat: docs/evidence/compact_metric/sop-siglip2-substrate-v1/connected-full-authority-observation-v5-freeze/observe_connected_full_authority.py
Would reformat: docs/evidence/compact_metric/sop-siglip2-substrate-v1/connected-full-authority-observation-v5-freeze/test_connected_full_authority_observation.py
Would reformat: docs/evidence/compact_metric/sop-siglip2-substrate-v1/connected-full-cpu-v4-freeze/evaluate_siglip2_connected_mlp.py
Would reformat: docs/evidence/compact_metric/sop-siglip2-substrate-v1/connected-full-cpu-v4-freeze/test_connected_mlp_evaluation.py
Would reformat: docs/evidence/compact_metric/sop-siglip2-substrate-v1/connected-full-cpu-v5-freeze/evaluate_siglip2_connected_mlp.py
Would reformat: docs/evidence/compact_metric/sop-siglip2-substrate-v1/connected-full-cpu-v5-freeze/test_connected_mlp_evaluation.py
Would reformat: docs/evidence/compact_metric/sop-siglip2-substrate-v1/connected-full-selection-score-v1-freeze/parent-freezer.py
Would reformat: docs/evidence/compact_metric/sop-siglip2-substrate-v1/connected-gallery-freshness-v3-freeze/diagnose_connected_gallery_freshness.py
Would reformat: docs/evidence/compact_metric/sop-siglip2-substrate-v1/connected-gallery-freshness-v3-freeze/test_connected_gallery_freshness.py
Would reformat: docs/evidence/compact_metric/sop-siglip2-substrate-v1/connected-gradient-decomposition-v2-freeze/observe_connected_control_batch_execution.py
Would reformat: docs/evidence/compact_metric/sop-siglip2-substrate-v1/connected-gradient-decomposition-v2-freeze/qualify_connected_gradient_decomposition.py
Would reformat: docs/evidence/compact_metric/sop-siglip2-substrate-v1/connected-gradient-decomposition-v2-freeze/test_connected_gradient_decomposition.py
Would reformat: docs/evidence/compact_metric/sop-siglip2-substrate-v1/connected-gradient-decomposition-v3-freeze/observe_connected_control_batch_execution.py
Would reformat: docs/evidence/compact_metric/sop-siglip2-substrate-v1/connected-gradient-decomposition-v3-freeze/qualify_connected_gradient_decomposition.py
Would reformat: docs/evidence/compact_metric/sop-siglip2-substrate-v1/connected-gradient-decomposition-v3-freeze/test_connected_gradient_decomposition.py
Would reformat: docs/evidence/compact_metric/sop-siglip2-substrate-v1/connected-gradient-decomposition-v4-freeze/observe_connected_control_batch_execution.py
Would reformat: docs/evidence/compact_metric/sop-siglip2-substrate-v1/connected-gradient-decomposition-v4-freeze/qualify_connected_gradient_decomposition.py
Would reformat: docs/evidence/compact_metric/sop-siglip2-substrate-v1/connected-gradient-decomposition-v4-freeze/test_connected_gradient_decomposition.py
Would reformat: docs/evidence/compact_metric/sop-siglip2-substrate-v1/connected-installed-control-serving-body300-v2-freeze/connected_control_native_authority.py
Would reformat: docs/evidence/compact_metric/sop-siglip2-substrate-v1/connected-installed-control-serving-body300-v2-freeze/observe_connected_serving.py
Would reformat: docs/evidence/compact_metric/sop-siglip2-substrate-v1/connected-installed-control-serving-body300-v2-freeze/qualify_connected_control_serving.py
Would reformat: docs/evidence/compact_metric/sop-siglip2-substrate-v1/connected-installed-control-serving-body300-v2-freeze/qualify_connected_serving_requests.py
Would reformat: docs/evidence/compact_metric/sop-siglip2-substrate-v1/connected-installed-control-serving-body300-v2-freeze/test_connected_control_serving.py
Would reformat: docs/evidence/compact_metric/sop-siglip2-substrate-v1/connected-installed-control-serving-body300-v2-freeze/test_connected_serving_requests.py
Would reformat: docs/evidence/compact_metric/sop-siglip2-substrate-v1/connected-installed-control-serving-body300-v2-freeze/test_observe_connected_serving.py
Would reformat: docs/evidence/compact_metric/sop-siglip2-substrate-v1/connected-installed-observer-source-v1/alias-py313-runner.py
Would reformat: docs/evidence/compact_metric/sop-siglip2-substrate-v1/connected-library-bridge-source-v1/package-ast-checker.py
Would reformat: docs/evidence/compact_metric/sop-siglip2-substrate-v1/connected-mlp-cpu-phase-diag-v1-freeze/observe_connected_mlp_phases.py
Would reformat: docs/evidence/compact_metric/sop-siglip2-substrate-v1/connected-mlp-cpu-phase-diag-v1-freeze/test_connected_mlp_phase_observer.py
Would reformat: docs/evidence/compact_metric/sop-siglip2-substrate-v1/connected-mlp-cpu-phase-diag-v2-freeze/observe_connected_mlp_phases.py
Would reformat: docs/evidence/compact_metric/sop-siglip2-substrate-v1/connected-mlp-cpu-phase-diag-v2-freeze/test_connected_mlp_phase_observer.py
Would reformat: docs/evidence/compact_metric/sop-siglip2-substrate-v1/connected-mlp-cpu-v1-freeze/test_siglip2_connected_mlp.py
Would reformat: docs/evidence/compact_metric/sop-siglip2-substrate-v1/connected-mlp-cpu-v1-freeze/train_siglip2_connected_mlp.py
Would reformat: docs/evidence/compact_metric/sop-siglip2-substrate-v1/connected-mlp-cpu-v2-freeze/test_siglip2_connected_mlp.py
Would reformat: docs/evidence/compact_metric/sop-siglip2-substrate-v1/connected-mlp-cpu-v2-freeze/train_siglip2_connected_mlp.py
Would reformat: docs/evidence/compact_metric/sop-siglip2-substrate-v1/connected-mlp-cpu-v3-freeze/test_siglip2_connected_mlp.py
Would reformat: docs/evidence/compact_metric/sop-siglip2-substrate-v1/connected-mlp-cpu-v3-freeze/train_siglip2_connected_mlp.py
Would reformat: docs/evidence/compact_metric/sop-siglip2-substrate-v1/connected-mlp-cpu-v4-freeze/test_siglip2_connected_mlp.py
Would reformat: docs/evidence/compact_metric/sop-siglip2-substrate-v1/connected-mlp-cpu-v4-freeze/train_siglip2_connected_mlp.py
Would reformat: docs/evidence/compact_metric/sop-siglip2-substrate-v1/connected-mlp-cpu-v5-freeze/test_siglip2_connected_mlp.py
Would reformat: docs/evidence/compact_metric/sop-siglip2-substrate-v1/connected-mlp-cpu-v5-freeze/train_siglip2_connected_mlp.py
Would reformat: docs/evidence/compact_metric/sop-siglip2-substrate-v1/connected-mlp-cpu-v6-freeze/source-preflight.py
Would reformat: docs/evidence/compact_metric/sop-siglip2-substrate-v1/connected-mlp-cpu-v6-freeze/test_siglip2_connected_mlp.py
Would reformat: docs/evidence/compact_metric/sop-siglip2-substrate-v1/connected-mlp-cpu-v6-freeze/train_siglip2_connected_mlp.py
Would reformat: docs/evidence/compact_metric/sop-siglip2-substrate-v1/connected-mlp-cuda-phase-diag-v1-freeze/observe_connected_mlp_phases.py
Would reformat: docs/evidence/compact_metric/sop-siglip2-substrate-v1/connected-mlp-cuda-phase-diag-v1-freeze/test_connected_mlp_phase_observer.py
Would reformat: docs/evidence/compact_metric/sop-siglip2-substrate-v1/connected-mlp-evaluation-export-candidate-179061-v1/parent-verifier.py
Would reformat: docs/evidence/compact_metric/sop-siglip2-substrate-v1/connected-mlp-evaluation-export-control-179061-v2/parent-verifier.py
Would reformat: docs/evidence/compact_metric/sop-siglip2-substrate-v1/connected-mlp-evaluation-first-cpu-v1/metadata-verifier.py
Would reformat: docs/evidence/compact_metric/sop-siglip2-substrate-v1/connected-mlp-evaluation-first-cpu-v1/parent-verifier.py
Would reformat: docs/evidence/compact_metric/sop-siglip2-substrate-v1/connected-mlp-evaluation-first-cpu-v2-freeze/evaluate_siglip2_connected_mlp.py
Would reformat: docs/evidence/compact_metric/sop-siglip2-substrate-v1/connected-mlp-evaluation-first-cpu-v2-freeze/test_connected_mlp_evaluation.py
Would reformat: docs/evidence/compact_metric/sop-siglip2-substrate-v1/connected-mlp-evaluation-first-cpu-v3/metadata-verifier.py
Would reformat: docs/evidence/compact_metric/sop-siglip2-substrate-v1/connected-mlp-evaluation-first-cpu-v4/parent-metadata-verifier.py
Would reformat: docs/evidence/compact_metric/sop-siglip2-substrate-v1/connected-mlp-evaluation-first-cpu-v4-freeze/parent-freeze-generator.py
Would reformat: docs/evidence/compact_metric/sop-siglip2-substrate-v1/connected-mlp-evaluation-first-cpu-v5/parent-metadata-verifier.py
Would reformat: docs/evidence/compact_metric/sop-siglip2-substrate-v1/connected-mlp-evaluation-first-cpu-v5-freeze/evaluate_siglip2_connected_mlp.py
Would reformat: docs/evidence/compact_metric/sop-siglip2-substrate-v1/connected-mlp-evaluation-first-cpu-v5-freeze/parent-freeze-generator.py
Would reformat: docs/evidence/compact_metric/sop-siglip2-substrate-v1/connected-mlp-evaluation-first-cpu-v5-freeze/test_connected_mlp_evaluation.py
Would reformat: docs/evidence/compact_metric/sop-siglip2-substrate-v1/connected-mlp-evaluation-first-selection-score-v2/parent-metadata-verifier.py
Would reformat: docs/evidence/compact_metric/sop-siglip2-substrate-v1/connected-mlp-evaluation-first-selection-score-v2-freeze/parent-freeze-generator.py
Would reformat: docs/evidence/compact_metric/sop-siglip2-substrate-v1/connected-mlp-evaluation-full-cpu-v1-freeze/evaluate_siglip2_connected_mlp.py
Would reformat: docs/evidence/compact_metric/sop-siglip2-substrate-v1/connected-mlp-evaluation-full-cpu-v1-freeze/parent-freeze-generator.py
Would reformat: docs/evidence/compact_metric/sop-siglip2-substrate-v1/connected-mlp-evaluation-full-cpu-v1-freeze/test_connected_mlp_evaluation.py
Would reformat: docs/evidence/compact_metric/sop-siglip2-substrate-v1/connected-mlp-evaluation-full-cpu-v2-freeze/evaluate_siglip2_connected_mlp.py
Would reformat: docs/evidence/compact_metric/sop-siglip2-substrate-v1/connected-mlp-evaluation-full-cpu-v2-freeze/test_connected_mlp_evaluation.py
Would reformat: docs/evidence/compact_metric/sop-siglip2-substrate-v1/connected-mlp-evaluation-full-cpu-v3-freeze/evaluate_siglip2_connected_mlp.py
Would reformat: docs/evidence/compact_metric/sop-siglip2-substrate-v1/connected-mlp-evaluation-full-cpu-v3-freeze/test_connected_mlp_evaluation.py
Would reformat: docs/evidence/compact_metric/sop-siglip2-substrate-v1/connected-mlp-evaluation-full-cpu-v5/parent-verifier.py
Would reformat: docs/evidence/compact_metric/sop-siglip2-substrate-v1/connected-mlp-evaluation-full-export-candidate-179061-v2/parent-verifier.py
Would reformat: docs/evidence/compact_metric/sop-siglip2-substrate-v1/connected-mlp-evaluation-full-export-candidate-179069-v2/parent-verifier.py
Would reformat: docs/evidence/compact_metric/sop-siglip2-substrate-v1/connected-mlp-evaluation-full-export-control-179061-v2/parent-verifier.py
Would reformat: docs/evidence/compact_metric/sop-siglip2-substrate-v1/connected-mlp-evaluation-full-export-control-179069-v2/parent-verifier.py
Would reformat: docs/evidence/compact_metric/sop-siglip2-substrate-v1/connected-mlp-evaluation-full-selection-score-v1/parent-verifier.py
Would reformat: docs/evidence/compact_metric/sop-siglip2-substrate-v1/connected-mlp-evaluator-source-v2-freeze/evaluate_siglip2_connected_mlp.py
Would reformat: docs/evidence/compact_metric/sop-siglip2-substrate-v1/connected-mlp-evaluator-source-v2-freeze/test_connected_mlp_evaluation.py
Would reformat: docs/evidence/compact_metric/sop-siglip2-substrate-v1/connected-mlp-identity-evaluation-reference-v1-freeze/evaluate_siglip2_identity_diversity.py
Would reformat: docs/evidence/compact_metric/sop-siglip2-substrate-v1/connected-mlp-identity-evaluation-reference-v1-freeze/test_identity_diversity_evaluation.py
Would reformat: docs/evidence/compact_metric/sop-siglip2-substrate-v1/connected-mlp-mechanics-candidate-179069-v1/parent-verifier.py
Would reformat: docs/evidence/compact_metric/sop-siglip2-substrate-v1/connected-mlp-mechanics-control-179069-v1/parent-verifier.py
Would reformat: docs/evidence/compact_metric/sop-siglip2-substrate-v1/connected-mlp-train-candidate-179069-v1/parent-verifier.py
Would reformat: docs/evidence/compact_metric/sop-siglip2-substrate-v1/connected-mlp-train-control-179069-v1/parent-verifier.py
Would reformat: docs/evidence/compact_metric/sop-siglip2-substrate-v1/connected-original-export-admission-source-v1/evaluate_siglip2_connected_mlp.py
Would reformat: docs/evidence/compact_metric/sop-siglip2-substrate-v1/connected-original-export-admission-source-v1/test_connected_mlp_evaluation.py
Would reformat: docs/evidence/compact_metric/sop-siglip2-substrate-v1/connected-pooling-probe-source-v1/decorators/auto_docstring.py
Would reformat: docs/evidence/compact_metric/sop-siglip2-substrate-v1/connected-pooling-probe-source-v1/decorators/generic.py
Would reformat: docs/evidence/compact_metric/sop-siglip2-substrate-v1/connected-pooling-probe-source-v1/decorators/output_capturing.py
Would reformat: docs/evidence/compact_metric/sop-siglip2-substrate-v1/connected-pooling-probe-source-v1/modeling_siglip.py
Would reformat: docs/evidence/compact_metric/sop-siglip2-substrate-v1/connected-probe-control-serving-assets-v1/generator.py
Would reformat: docs/evidence/compact_metric/sop-siglip2-substrate-v1/connected-probe-cpu-v2-freeze/source-preflight.py
Would reformat: docs/evidence/compact_metric/sop-siglip2-substrate-v1/connected-probe-cpu-v2-freeze/test_siglip2_connected_probe.py
Would reformat: docs/evidence/compact_metric/sop-siglip2-substrate-v1/connected-probe-cpu-v2-freeze/train_siglip2_connected_probe.py
Would reformat: docs/evidence/compact_metric/sop-siglip2-substrate-v1/connected-probe-evaluation-first-cpu-v2-freeze/verify_fresh_sha_table.py
Would reformat: docs/evidence/compact_metric/sop-siglip2-substrate-v1/connected-probe-evaluation-first-cpu-v3/parent-verifier.py
Would reformat: docs/evidence/compact_metric/sop-siglip2-substrate-v1/connected-probe-evaluation-first-cpu-v3-freeze/verify_fresh_sha_table.py
Would reformat: docs/evidence/compact_metric/sop-siglip2-substrate-v1/connected-probe-evaluation-source-v1-freeze/evaluate_siglip2_connected_probe.py
Would reformat: docs/evidence/compact_metric/sop-siglip2-substrate-v1/connected-probe-evaluation-source-v1-freeze/test_connected_probe_evaluation.py
Would reformat: docs/evidence/compact_metric/sop-siglip2-substrate-v1/connected-probe-export-candidate-179061-v1/parent-verifier.py
Would reformat: docs/evidence/compact_metric/sop-siglip2-substrate-v1/connected-probe-export-control-179061-v1/parent-verifier.py
Would reformat: docs/evidence/compact_metric/sop-siglip2-substrate-v1/connected-probe-first-selection-score-v1/parent-verifier.py
Would reformat: docs/evidence/compact_metric/sop-siglip2-substrate-v1/connected-probe-first-selection-score-v1-freeze/parent-freezer.py
Would reformat: docs/evidence/compact_metric/sop-siglip2-substrate-v1/connected-probe-first-selection-score-v1-freeze/parent-verifier.py
Would reformat: docs/evidence/compact_metric/sop-siglip2-substrate-v1/connected-probe-installed-control-serving-v1-freeze/connected_control_native_authority.py
Would reformat: docs/evidence/compact_metric/sop-siglip2-substrate-v1/connected-probe-installed-control-serving-v1-freeze/observe_connected_serving.py
Would reformat: docs/evidence/compact_metric/sop-siglip2-substrate-v1/connected-probe-installed-control-serving-v1-freeze/parent-freezer.py
Would reformat: docs/evidence/compact_metric/sop-siglip2-substrate-v1/connected-probe-installed-control-serving-v1-freeze/qualify_connected_probe_serving.py
Would reformat: docs/evidence/compact_metric/sop-siglip2-substrate-v1/connected-probe-installed-control-serving-v1-freeze/qualify_connected_serving_requests.py
Would reformat: docs/evidence/compact_metric/sop-siglip2-substrate-v1/connected-probe-installed-control-serving-v1-freeze/test_connected_probe_serving.py
Would reformat: docs/evidence/compact_metric/sop-siglip2-substrate-v1/connected-probe-installed-control-serving-v1-freeze/test_connected_serving_requests.py
Would reformat: docs/evidence/compact_metric/sop-siglip2-substrate-v1/connected-probe-installed-control-serving-v1-freeze/test_observe_connected_serving.py
Would reformat: docs/evidence/compact_metric/sop-siglip2-substrate-v1/connected-probe-installed-control-serving-v2-freeze/connected_control_native_authority.py
Would reformat: docs/evidence/compact_metric/sop-siglip2-substrate-v1/connected-probe-installed-control-serving-v2-freeze/observe_connected_serving.py
Would reformat: docs/evidence/compact_metric/sop-siglip2-substrate-v1/connected-probe-installed-control-serving-v2-freeze/parent-freezer.py
Would reformat: docs/evidence/compact_metric/sop-siglip2-substrate-v1/connected-probe-installed-control-serving-v2-freeze/qualify_connected_probe_serving.py
Would reformat: docs/evidence/compact_metric/sop-siglip2-substrate-v1/connected-probe-installed-control-serving-v2-freeze/qualify_connected_serving_requests.py
Would reformat: docs/evidence/compact_metric/sop-siglip2-substrate-v1/connected-probe-installed-control-serving-v2-freeze/test_connected_probe_serving.py
Would reformat: docs/evidence/compact_metric/sop-siglip2-substrate-v1/connected-probe-installed-control-serving-v2-freeze/test_connected_serving_requests.py
Would reformat: docs/evidence/compact_metric/sop-siglip2-substrate-v1/connected-probe-installed-control-serving-v2-freeze/test_observe_connected_serving.py
Would reformat: docs/evidence/compact_metric/sop-siglip2-substrate-v1/connected-probe-installed-control-serving-v3-freeze/connected_control_native_authority.py
Would reformat: docs/evidence/compact_metric/sop-siglip2-substrate-v1/connected-probe-installed-control-serving-v3-freeze/observe_connected_serving.py
Would reformat: docs/evidence/compact_metric/sop-siglip2-substrate-v1/connected-probe-installed-control-serving-v3-freeze/qualify_connected_probe_serving.py
Would reformat: docs/evidence/compact_metric/sop-siglip2-substrate-v1/connected-probe-installed-control-serving-v3-freeze/qualify_connected_serving_requests.py
Would reformat: docs/evidence/compact_metric/sop-siglip2-substrate-v1/connected-probe-installed-control-serving-v3-freeze/test_connected_probe_serving.py
Would reformat: docs/evidence/compact_metric/sop-siglip2-substrate-v1/connected-probe-installed-control-serving-v3-freeze/test_connected_serving_requests.py
Would reformat: docs/evidence/compact_metric/sop-siglip2-substrate-v1/connected-probe-installed-control-serving-v3-freeze/test_observe_connected_serving.py
Would reformat: docs/evidence/compact_metric/sop-siglip2-substrate-v1/connected-probe-installed-control-serving-v4-freeze/connected_control_native_authority.py
Would reformat: docs/evidence/compact_metric/sop-siglip2-substrate-v1/connected-probe-installed-control-serving-v4-freeze/observe_connected_serving.py
Would reformat: docs/evidence/compact_metric/sop-siglip2-substrate-v1/connected-probe-installed-control-serving-v4-freeze/qualify_connected_probe_serving.py
Would reformat: docs/evidence/compact_metric/sop-siglip2-substrate-v1/connected-probe-installed-control-serving-v4-freeze/qualify_connected_serving_requests.py
Would reformat: docs/evidence/compact_metric/sop-siglip2-substrate-v1/connected-probe-installed-control-serving-v4-freeze/test_connected_probe_serving.py
Would reformat: docs/evidence/compact_metric/sop-siglip2-substrate-v1/connected-probe-installed-control-serving-v4-freeze/test_connected_serving_requests.py
Would reformat: docs/evidence/compact_metric/sop-siglip2-substrate-v1/connected-probe-installed-control-serving-v4-freeze/test_observe_connected_serving.py
Would reformat: docs/evidence/compact_metric/sop-siglip2-substrate-v1/connected-probe-launcher-sha-ab-v1-freeze/residency_sampler.py
Would reformat: docs/evidence/compact_metric/sop-siglip2-substrate-v1/connected-probe-launcher-sha-ab-v1-freeze/verify_fresh_sha_table.py
Would reformat: docs/evidence/compact_metric/sop-siglip2-substrate-v1/connected-probe-serving-composition-audit-20261009/source-falsifier.py
Would reformat: docs/evidence/compact_metric/sop-siglip2-substrate-v1/connected-py313-assurance-v1/run.py
Would reformat: docs/evidence/compact_metric/sop-siglip2-substrate-v1/connected-py313-assurance-v2/run.py
Would reformat: docs/evidence/compact_metric/sop-siglip2-substrate-v1/connected-py313-assurance-v3/run.py
Would reformat: docs/evidence/compact_metric/sop-siglip2-substrate-v1/connected-py313-assurance-v4-freeze/run.py
Would reformat: docs/evidence/compact_metric/sop-siglip2-substrate-v1/connected-py313-assurance-v5-freeze/run.py
Would reformat: docs/evidence/compact_metric/sop-siglip2-substrate-v1/connected-residual-native-math-v1-freeze/connected_residual_readout.py
Would reformat: docs/evidence/compact_metric/sop-siglip2-substrate-v1/connected-residual-native-math-v1-freeze/driver.py
Would reformat: docs/evidence/compact_metric/sop-siglip2-substrate-v1/connected-residual-native-math-v1-freeze/prototype_residual_readout.py
Would reformat: docs/evidence/compact_metric/sop-siglip2-substrate-v1/connected-residual-native-math-v1-freeze/quadratic_readout.py
Would reformat: docs/evidence/compact_metric/sop-siglip2-substrate-v1/connected-residual-native-math-v1-freeze/train_siglip2_cached_readout.py
Would reformat: docs/evidence/compact_metric/sop-siglip2-substrate-v1/corrected128-budget4000-v1/failed-v1/sfora-corrected128-budget4000-controller-v1/run_pe_corrected128_budget4000.py
Would reformat: docs/evidence/compact_metric/sop-siglip2-substrate-v1/corrected128-budget4000-v1/failed-v1/sfora-corrected128-budget4000-source-v1/test_pe_corrected128_budget4000.py
Would reformat: docs/evidence/compact_metric/sop-siglip2-substrate-v1/corrected128-budget4000-v1/failed-v1/sfora-corrected128-budget4000-source-v1/train_pe_corrected128_budget4000.py
Would reformat: docs/evidence/compact_metric/sop-siglip2-substrate-v1/corrected128-budget4000-v1/terminal/sfora-corrected128-budget4000-controller-v2/run_pe_corrected128_budget4000.py
Would reformat: docs/evidence/compact_metric/sop-siglip2-substrate-v1/corrected128-budget4000-v1/terminal/sfora-corrected128-budget4000-qualification-source-v2/qualify_pe_corrected128_budget4000.py
Would reformat: docs/evidence/compact_metric/sop-siglip2-substrate-v1/corrected128-budget4000-v1/terminal/sfora-corrected128-budget4000-qualification-source-v2/test_pe_corrected128_budget4000_qualification.py
Would reformat: docs/evidence/compact_metric/sop-siglip2-substrate-v1/corrected128-budget4000-v1/terminal/sfora-corrected128-budget4000-source-v2/train_pe_corrected128_budget4000.py
Would reformat: docs/evidence/compact_metric/sop-siglip2-substrate-v1/corrected128-budget4000-v1/v2-preflight/sfora-corrected128-budget4000-controller-v2/run_pe_corrected128_budget4000.py
Would reformat: docs/evidence/compact_metric/sop-siglip2-substrate-v1/corrected128-budget4000-v1/v2-preflight/sfora-corrected128-budget4000-source-v2/test_pe_corrected128_budget4000.py
Would reformat: docs/evidence/compact_metric/sop-siglip2-substrate-v1/corrected128-budget4000-v1/v2-preflight/sfora-corrected128-budget4000-source-v2/train_pe_corrected128_budget4000.py
Would reformat: docs/evidence/compact_metric/sop-siglip2-substrate-v1/cutile-ffi-size-v1/cpu.py
Would reformat: docs/evidence/compact_metric/sop-siglip2-substrate-v1/cutile-ffi-size-v1/full.py
Would reformat: docs/evidence/compact_metric/sop-siglip2-substrate-v1/cutile-ffi-size-v1/verify.py
Would reformat: docs/evidence/compact_metric/sop-siglip2-substrate-v1/cutile-native-compare-v1/build-candidate.py
Would reformat: docs/evidence/compact_metric/sop-siglip2-substrate-v1/cutile-native-compare-v1/build.py
Would reformat: docs/evidence/compact_metric/sop-siglip2-substrate-v1/cutile-native-compare-v1/probe.py
Would reformat: docs/evidence/compact_metric/sop-siglip2-substrate-v1/cutile-native-compare-v1/run.py
Would reformat: docs/evidence/compact_metric/sop-siglip2-substrate-v1/cutile-native-compare-v1/verify.py
Would reformat: docs/evidence/compact_metric/sop-siglip2-substrate-v1/cutile-runtime-bounds-v1/verify.py
Would reformat: docs/evidence/compact_metric/sop-siglip2-substrate-v1/cutile-runtime-reuse-v1/verify.py
Would reformat: docs/evidence/compact_metric/sop-siglip2-substrate-v1/cutile-threads-v1/cpu.py
Would reformat: docs/evidence/compact_metric/sop-siglip2-substrate-v1/cutile-threads-v1/gpu.py
Would reformat: docs/evidence/compact_metric/sop-siglip2-substrate-v1/cutile-threads-v1/parse_cutile_jit_timing.py
Would reformat: docs/evidence/compact_metric/sop-siglip2-substrate-v1/cutile-threads-v1/probe_cutile_runtime_bounds.py
Would reformat: docs/evidence/compact_metric/sop-siglip2-substrate-v1/cutile-threads-v1/probe_cutile_threads.py
Would reformat: docs/evidence/compact_metric/sop-siglip2-substrate-v1/cutile-threads-v1/verify.py
Would reformat: docs/evidence/compact_metric/sop-siglip2-substrate-v1/dense-boundary-v1/prototype-v1/large_dense_boundary.py
Would reformat: docs/evidence/compact_metric/sop-siglip2-substrate-v1/dense-boundary-v1/prototype-v1/qualify_large_dense_boundary_cpu.py
Would reformat: docs/evidence/compact_metric/sop-siglip2-substrate-v1/dense-boundary-v1/prototype-v2/large_dense_boundary.py
Would reformat: docs/evidence/compact_metric/sop-siglip2-substrate-v1/dense-boundary-v1/prototype-v2/qualify_large_dense_boundary_cpu.py
Would reformat: docs/evidence/compact_metric/sop-siglip2-substrate-v1/dense-boundary-v1/prototype-v3/large_dense_boundary.py
Would reformat: docs/evidence/compact_metric/sop-siglip2-substrate-v1/dense-boundary-v1/prototype-v3/qualify_large_dense_boundary_cpu.py
Would reformat: docs/evidence/compact_metric/sop-siglip2-substrate-v1/export-exit-scan-ab-v1-freeze/driver.py
Would reformat: docs/evidence/compact_metric/sop-siglip2-substrate-v1/export-exit-scan-ab-v1-freeze/train_siglip2_identity_diversity.py
Would reformat: docs/evidence/compact_metric/sop-siglip2-substrate-v1/full-valid-anchor-2000-v1/decision/compare_pe_full_valid_anchor_checkpoint.py
Would reformat: docs/evidence/compact_metric/sop-siglip2-substrate-v1/full-valid-anchor-2000-v1/qualification/qualify_pe_full_valid_anchor_checkpoint.py
Would reformat: docs/evidence/compact_metric/sop-siglip2-substrate-v1/fullfeature-residual-evaluation-full-cpu-v1/verify.py
Would reformat: docs/evidence/compact_metric/sop-siglip2-substrate-v1/fullfeature-residual-full-exports-source-v1/freeze.py
Would reformat: docs/evidence/compact_metric/sop-siglip2-substrate-v1/fullfeature-residual-full-exports-source-v1/verify.py
Would reformat: docs/evidence/compact_metric/sop-siglip2-substrate-v1/fullfeature-residual-full-score-source-v1/freeze.py
Would reformat: docs/evidence/compact_metric/sop-siglip2-substrate-v1/fullfeature-residual-full-score-source-v1/verify.py
Would reformat: docs/evidence/compact_metric/sop-siglip2-substrate-v1/genuine-view-v1/export-source-v1/train_sop_siglip2_compact.py
Would reformat: docs/evidence/compact_metric/sop-siglip2-substrate-v1/genuine-view-v1/export-source-v2/train_sop_siglip2_compact.py
Would reformat: docs/evidence/compact_metric/sop-siglip2-substrate-v1/identity-diversity-v1/cpu-residency-diag-v1/residency-sampler-v1.py
Would reformat: docs/evidence/compact_metric/sop-siglip2-substrate-v1/identity-diversity-v1/cpu-residency-diag-v1/sampler-fixtures.py
Would reformat: docs/evidence/compact_metric/sop-siglip2-substrate-v1/identity-diversity-v1/cpu-v4-freeze/residency-sampler-v1.py
Would reformat: docs/evidence/compact_metric/sop-siglip2-substrate-v1/identity-diversity-v1/first-evaluator-cpu-v1-freeze/evaluate_siglip2_identity_diversity.py
Would reformat: docs/evidence/compact_metric/sop-siglip2-substrate-v1/identity-diversity-v1/first-evaluator-cpu-v1-freeze/test_identity_diversity_evaluation.py
Would reformat: docs/evidence/compact_metric/sop-siglip2-substrate-v1/identity-diversity-v1/init-observation-v1-freeze/check-observer-v1.py
Would reformat: docs/evidence/compact_metric/sop-siglip2-substrate-v1/identity-diversity-v1/init-observation-v1-freeze/init-admission-observe-v1.py
Would reformat: docs/evidence/compact_metric/sop-siglip2-substrate-v1/identity-diversity-v1/path-diagnostic-v1/sfora-identity-diversity-path-diagnostic-v1.py
Would reformat: docs/evidence/compact_metric/sop-siglip2-substrate-v1/identity-diversity-v1/runtime-recovery-v1/restore.py
Would reformat: docs/evidence/compact_metric/sop-siglip2-substrate-v1/identity-diversity-v1/trainer-source-v2/test_siglip2_identity_diversity.py
Would reformat: docs/evidence/compact_metric/sop-siglip2-substrate-v1/identity-diversity-v1/trainer-source-v2/train_siglip2_identity_diversity.py
Would reformat: docs/evidence/compact_metric/sop-siglip2-substrate-v1/identity-diversity-v1/trainer-source-v3/test_siglip2_identity_diversity.py
Would reformat: docs/evidence/compact_metric/sop-siglip2-substrate-v1/identity-diversity-v1/trainer-source-v3/train_siglip2_identity_diversity.py
Would reformat: docs/evidence/compact_metric/sop-siglip2-substrate-v1/identity-diversity-v1/view-source-v1/export_siglip2_identity_diversity_views.py
Would reformat: docs/evidence/compact_metric/sop-siglip2-substrate-v1/identity-diversity-v1/view-source-v1/test_siglip2_identity_diversity_views.py
Would reformat: docs/evidence/compact_metric/sop-siglip2-substrate-v1/image-anchor-cpu-v2/verify.py
Would reformat: docs/evidence/compact_metric/sop-siglip2-substrate-v1/image-anchor-evaluation-first-cpu-v1/verify.py
Would reformat: docs/evidence/compact_metric/sop-siglip2-substrate-v1/image-anchor-evaluation-first-cpu-v1-freeze/evaluate_siglip2_compact_ranking.py
Would reformat: docs/evidence/compact_metric/sop-siglip2-substrate-v1/image-anchor-evaluation-first-cpu-v1-freeze/freeze.py
Would reformat: docs/evidence/compact_metric/sop-siglip2-substrate-v1/image-anchor-evaluation-first-cpu-v1-freeze/test_compact_ranking_evaluation.py
Would reformat: docs/evidence/compact_metric/sop-siglip2-substrate-v1/image-anchor-evaluator-source-v1/evaluate_siglip2_compact_ranking.py
Would reformat: docs/evidence/compact_metric/sop-siglip2-substrate-v1/image-anchor-evaluator-source-v1/test_compact_ranking_evaluation.py
Would reformat: docs/evidence/compact_metric/sop-siglip2-substrate-v1/image-anchor-first-exports-v1-freeze/freeze.py
Would reformat: docs/evidence/compact_metric/sop-siglip2-substrate-v1/image-anchor-identity-diagnostic-v1/diagnostic.py
Would reformat: docs/evidence/compact_metric/sop-siglip2-substrate-v1/image-anchor-mechanics-control-v1/verify.py
Would reformat: docs/evidence/compact_metric/sop-siglip2-substrate-v1/image-anchor-mechanics-v1-freeze/freeze.py
Would reformat: docs/evidence/compact_metric/sop-siglip2-substrate-v1/image-anchor-train-control-179061-v1/verify.py
Would reformat: docs/evidence/compact_metric/sop-siglip2-substrate-v1/image-anchor-train-pair-v1-freeze/freeze.py
Would reformat: docs/evidence/compact_metric/sop-siglip2-substrate-v1/image-anchor-train-source-v2/test_siglip2_compact_ranking.py
Would reformat: docs/evidence/compact_metric/sop-siglip2-substrate-v1/image-anchor-train-source-v2/train_siglip2_compact_ranking.py
Would reformat: docs/evidence/compact_metric/sop-siglip2-substrate-v1/inshop-direct-width-quality100-v1/extract_checkpoint_evidence.py
Would reformat: docs/evidence/compact_metric/sop-siglip2-substrate-v1/inshop-direct-width-quality100-v1/recover_saved_quality.py
Would reformat: docs/evidence/compact_metric/sop-siglip2-substrate-v1/inshop-direct-width-quality100-v1/verify_saved_tensors.py
Would reformat: docs/evidence/compact_metric/sop-siglip2-substrate-v1/inshop-direct-width-quality1000-v1/verify_metadata.py
Would reformat: docs/evidence/compact_metric/sop-siglip2-substrate-v1/inshop-direct-width-quality1000-v1/verify_saved_tensors.py
Would reformat: docs/evidence/compact_metric/sop-siglip2-substrate-v1/inshop-fit-recovery-v1/preflight.py
Would reformat: docs/evidence/compact_metric/sop-siglip2-substrate-v1/inshop-fit-recovery-v1/verify.py
Would reformat: docs/evidence/compact_metric/sop-siglip2-substrate-v1/inshop-large-optimization-resume-v1/check-resume-fingerprint.py
Would reformat: docs/evidence/compact_metric/sop-siglip2-substrate-v1/inshop-moda-source-v1/precision_check.py
Would reformat: docs/evidence/compact_metric/sop-siglip2-substrate-v1/inshop-moda-source-v1/raw_diagnostic.py
Would reformat: docs/evidence/compact_metric/sop-siglip2-substrate-v1/inshop-nonlinear-head-v1/verify.py
Would reformat: docs/evidence/compact_metric/sop-siglip2-substrate-v1/inshop-source-rank-179026/source_rank.py
Would reformat: docs/evidence/compact_metric/sop-siglip2-substrate-v1/inshop-subcenter-research-v1/verify_census.py
Would reformat: docs/evidence/compact_metric/sop-siglip2-substrate-v1/large-coverage-v1/check-training-startup.py
Would reformat: docs/evidence/compact_metric/sop-siglip2-substrate-v1/large-lower-adapter-v1/pilot-admission-v1/control_optimization_cpu.py
Would reformat: docs/evidence/compact_metric/sop-siglip2-substrate-v1/large-lower-adapter-v1/pilot-admission-v1/mechanics_optimization_cpu.py
Would reformat: docs/evidence/compact_metric/sop-siglip2-substrate-v1/large-lower-adapter-v1/pilot-admission-v1/mechanics_pe_large_optimization.py
Would reformat: docs/evidence/compact_metric/sop-siglip2-substrate-v1/large-lower-adapter-v1/pilot-admission-v1/teacher_pe_large_optimization.py
Would reformat: docs/evidence/compact_metric/sop-siglip2-substrate-v1/large-precision-v1/verify.py
Would reformat: docs/evidence/compact_metric/sop-siglip2-substrate-v1/late-dense-v1/full2000-benchmark-admission-observer-v1.py
Would reformat: docs/evidence/compact_metric/sop-siglip2-substrate-v1/late-dense-v1/full2000-benchmark-admission-observer-v2.py
Would reformat: docs/evidence/compact_metric/sop-siglip2-substrate-v1/late-dense-v1/full2000-memory-profile-controller-v1.py
Would reformat: docs/evidence/compact_metric/sop-siglip2-substrate-v1/late-dense-v1/image-exposure-census.py
Would reformat: docs/evidence/compact_metric/sop-siglip2-substrate-v1/live-top1-cpu-v2/terminal-verifier.py
Would reformat: docs/evidence/compact_metric/sop-siglip2-substrate-v1/live-top1-evaluation-first-cpu-source-v1/freeze.py
Would reformat: docs/evidence/compact_metric/sop-siglip2-substrate-v1/live-top1-evaluation-first-cpu-v1/verify.py
Would reformat: docs/evidence/compact_metric/sop-siglip2-substrate-v1/live-top1-export-source-v1/sfora-live-top1-freeze-exports.py
Would reformat: docs/evidence/compact_metric/sop-siglip2-substrate-v1/live-top1-first-export-control-179061-v1/verify.py
Would reformat: docs/evidence/compact_metric/sop-siglip2-substrate-v1/live-top1-first-score-source-v1/sfora-live-top1-first-score-v1-freeze.py
Would reformat: docs/evidence/compact_metric/sop-siglip2-substrate-v1/live-top1-first-score-source-v1/sfora-live-top1-first-score-v1-verify.py
Would reformat: docs/evidence/compact_metric/sop-siglip2-substrate-v1/live-top1-mechanics-source-v1/freeze.py
Would reformat: docs/evidence/compact_metric/sop-siglip2-substrate-v1/live-top1-source-v1/freeze.py
Would reformat: docs/evidence/compact_metric/sop-siglip2-substrate-v1/live-top1-source-v1/terminal-verifier.py
Would reformat: docs/evidence/compact_metric/sop-siglip2-substrate-v1/live-top1-source-v2/freeze.py
Would reformat: docs/evidence/compact_metric/sop-siglip2-substrate-v1/live-top1-train-source-v1/freeze.py
Would reformat: docs/evidence/compact_metric/sop-siglip2-substrate-v1/native-trajectory-average-v1/compiler-canary/canary.py
Would reformat: docs/evidence/compact_metric/sop-siglip2-substrate-v1/new-runtime-encoder-profile-v1/driver.py
Would reformat: docs/evidence/compact_metric/sop-siglip2-substrate-v1/pe-augmented-100-v1/verify-startup-v2.py
Would reformat: docs/evidence/compact_metric/sop-siglip2-substrate-v1/pe-core-source-v1/verify.py
Would reformat: docs/evidence/compact_metric/sop-siglip2-substrate-v1/pe-l14-final-block-v1/cpu-v1/executed/pe_l14_final_block.py
Would reformat: docs/evidence/compact_metric/sop-siglip2-substrate-v1/pe-l14-final-block-v1/cpu-v1/executed/qualify_pe_l14_final_block.py
Would reformat: docs/evidence/compact_metric/sop-siglip2-substrate-v1/pe-l14-native-pool-v1/cpu-v1/pe_l14_native_pool.py
Would reformat: docs/evidence/compact_metric/sop-siglip2-substrate-v1/pe-l14-native-pool-v1/cpu-v1/qualify_pe_l14_native_pool.py
Would reformat: docs/evidence/compact_metric/sop-siglip2-substrate-v1/pe-l14-prefetch-v1/pilot/audit-v1/executed-source.py
Would reformat: docs/evidence/compact_metric/sop-siglip2-substrate-v1/pe-l14-readout-v1/pixel-profile/executed-source.py
Would reformat: docs/evidence/compact_metric/sop-siglip2-substrate-v1/pe-training-smoke-v1/diagnose-large-cpu.py
Would reformat: docs/evidence/compact_metric/sop-siglip2-substrate-v1/pixel-transfer-v1/probe.py
Would reformat: docs/evidence/compact_metric/sop-siglip2-substrate-v1/postln-v1/train-source-v1/test_siglip2_postln_adaptation.py
Would reformat: docs/evidence/compact_metric/sop-siglip2-substrate-v1/postln-v1/train-source-v1/train_siglip2_postln_adaptation.py
Would reformat: docs/evidence/compact_metric/sop-siglip2-substrate-v1/postln-v1/train-source-v2/test_siglip2_postln_adaptation.py
Would reformat: docs/evidence/compact_metric/sop-siglip2-substrate-v1/postln-v1/train-source-v2/train_siglip2_postln_adaptation.py
Would reformat: docs/evidence/compact_metric/sop-siglip2-substrate-v1/probe-installed-control-serving-freeze-v5/connected_control_native_authority.py
Would reformat: docs/evidence/compact_metric/sop-siglip2-substrate-v1/probe-installed-control-serving-freeze-v5/observe_connected_serving.py
Would reformat: docs/evidence/compact_metric/sop-siglip2-substrate-v1/probe-installed-control-serving-freeze-v5/qualify_connected_probe_serving.py
Would reformat: docs/evidence/compact_metric/sop-siglip2-substrate-v1/probe-installed-control-serving-freeze-v5/qualify_connected_serving_requests.py
Would reformat: docs/evidence/compact_metric/sop-siglip2-substrate-v1/probe-installed-control-serving-freeze-v5/test_connected_probe_serving.py
Would reformat: docs/evidence/compact_metric/sop-siglip2-substrate-v1/probe-installed-control-serving-freeze-v5/test_connected_serving_requests.py
Would reformat: docs/evidence/compact_metric/sop-siglip2-substrate-v1/probe-installed-control-serving-freeze-v5/test_observe_connected_serving.py
Would reformat: docs/evidence/compact_metric/sop-siglip2-substrate-v1/probe-installed-control-serving-freeze-v6/connected_control_native_authority.py
Would reformat: docs/evidence/compact_metric/sop-siglip2-substrate-v1/probe-installed-control-serving-freeze-v6/observe_connected_serving.py
Would reformat: docs/evidence/compact_metric/sop-siglip2-substrate-v1/probe-installed-control-serving-freeze-v6/qualify_connected_probe_serving.py
Would reformat: docs/evidence/compact_metric/sop-siglip2-substrate-v1/probe-installed-control-serving-freeze-v6/qualify_connected_serving_requests.py
Would reformat: docs/evidence/compact_metric/sop-siglip2-substrate-v1/probe-installed-control-serving-freeze-v6/test_connected_probe_serving.py
Would reformat: docs/evidence/compact_metric/sop-siglip2-substrate-v1/probe-installed-control-serving-freeze-v6/test_connected_serving_requests.py
Would reformat: docs/evidence/compact_metric/sop-siglip2-substrate-v1/probe-installed-control-serving-freeze-v6/test_observe_connected_serving.py
Would reformat: docs/evidence/compact_metric/sop-siglip2-substrate-v1/probe-loader-mapping-causal-audit-20261009/stdlib-mechanism.py
Would reformat: docs/evidence/compact_metric/sop-siglip2-substrate-v1/prototype-residual-ridge-v1/compact-evaluator-path-diagnostic-v1/diagnostic.py
Would reformat: docs/evidence/compact_metric/sop-siglip2-substrate-v1/prototype-residual-ridge-v1/compact-ranking-evaluation-reference-v1/evaluate_siglip2_nearest_ranking.py
Would reformat: docs/evidence/compact_metric/sop-siglip2-substrate-v1/prototype-residual-ridge-v1/compact-ranking-evaluation-reference-v1/test_nearest_ranking_evaluation.py
Would reformat: docs/evidence/compact_metric/sop-siglip2-substrate-v1/prototype-residual-ridge-v1/compact-ranking-evaluation-source-v3/evaluate_siglip2_compact_ranking.py
Would reformat: docs/evidence/compact_metric/sop-siglip2-substrate-v1/prototype-residual-ridge-v1/compact-ranking-evaluation-source-v3/test_compact_ranking_evaluation.py
Would reformat: docs/evidence/compact_metric/sop-siglip2-substrate-v1/prototype-residual-ridge-v1/compact-ranking-evaluation-source-v4/evaluate_siglip2_compact_ranking.py
Would reformat: docs/evidence/compact_metric/sop-siglip2-substrate-v1/prototype-residual-ridge-v1/compact-ranking-evaluation-source-v4/test_compact_ranking_evaluation.py
Would reformat: docs/evidence/compact_metric/sop-siglip2-substrate-v1/prototype-residual-ridge-v1/evaluation-cpu300-proposal-v1/evaluate_siglip2_prototype_residual.py
Would reformat: docs/evidence/compact_metric/sop-siglip2-substrate-v1/prototype-residual-ridge-v1/evaluation-cpu300-proposal-v1/test_siglip2_prototype_residual_evaluation.py
Would reformat: docs/evidence/compact_metric/sop-siglip2-substrate-v1/prototype-residual-ridge-v1/evaluation-source-v1/evaluate_siglip2_prototype_residual.py
Would reformat: docs/evidence/compact_metric/sop-siglip2-substrate-v1/prototype-residual-ridge-v1/evaluation-source-v1/test_siglip2_prototype_residual_evaluation.py
Would reformat: docs/evidence/compact_metric/sop-siglip2-substrate-v1/prototype-residual-ridge-v1/evaluation-source-v2/evaluate_siglip2_prototype_residual.py
Would reformat: docs/evidence/compact_metric/sop-siglip2-substrate-v1/prototype-residual-ridge-v1/evaluation-source-v2/test_siglip2_prototype_residual_evaluation.py
Would reformat: docs/evidence/compact_metric/sop-siglip2-substrate-v1/prototype-residual-ridge-v1/evaluation-source-v3/evaluate_siglip2_prototype_residual.py
Would reformat: docs/evidence/compact_metric/sop-siglip2-substrate-v1/prototype-residual-ridge-v1/evaluation-source-v3/test_siglip2_prototype_residual_evaluation.py
Would reformat: docs/evidence/compact_metric/sop-siglip2-substrate-v1/prototype-residual-ridge-v1/evaluation-source-v4/evaluate_siglip2_prototype_residual.py
Would reformat: docs/evidence/compact_metric/sop-siglip2-substrate-v1/prototype-residual-ridge-v1/evaluation-source-v4/test_siglip2_prototype_residual_evaluation.py
Would reformat: docs/evidence/compact_metric/sop-siglip2-substrate-v1/prototype-residual-ridge-v1/nearest-ranking-train-source-v1/nearest_ranking_readout.py
Would reformat: docs/evidence/compact_metric/sop-siglip2-substrate-v1/prototype-residual-ridge-v1/nearest-ranking-train-source-v1/test_siglip2_nearest_ranking.py
Would reformat: docs/evidence/compact_metric/sop-siglip2-substrate-v1/prototype-residual-ridge-v1/nearest-ranking-train-source-v1/train_siglip2_nearest_ranking.py
Would reformat: docs/evidence/compact_metric/sop-siglip2-substrate-v1/prototype-residual-ridge-v1/nearest-ranking-train-source-v3/nearest_ranking_readout.py
Would reformat: docs/evidence/compact_metric/sop-siglip2-substrate-v1/prototype-residual-ridge-v1/nearest-ranking-train-source-v3/test_siglip2_nearest_ranking.py
Would reformat: docs/evidence/compact_metric/sop-siglip2-substrate-v1/prototype-residual-ridge-v1/nearest-ranking-train-source-v3/train_siglip2_nearest_ranking.py
Would reformat: docs/evidence/compact_metric/sop-siglip2-substrate-v1/prototype-residual-ridge-v1/signed-concat-fit-source-v1/fit_siglip2_prototype_residual.py
Would reformat: docs/evidence/compact_metric/sop-siglip2-substrate-v1/prototype-residual-ridge-v1/signed-concat-fit-source-v1/prototype_residual_readout.py
Would reformat: docs/evidence/compact_metric/sop-siglip2-substrate-v1/prototype-residual-ridge-v1/signed-concat-fit-source-v1/test_siglip2_prototype_residual.py
Would reformat: docs/evidence/compact_metric/sop-siglip2-substrate-v1/prototype-residual-ridge-v1/solver-source-v1/foundation_adapter.py
Would reformat: docs/evidence/compact_metric/sop-siglip2-substrate-v1/prototype-residual-ridge-v1/train-source-v1/fit_siglip2_prototype_residual.py
Would reformat: docs/evidence/compact_metric/sop-siglip2-substrate-v1/prototype-residual-ridge-v1/train-source-v1/test_siglip2_prototype_residual.py
Would reformat: docs/evidence/compact_metric/sop-siglip2-substrate-v1/prototype-residual-ridge-v1/train-source-v2/fit_siglip2_prototype_residual.py
Would reformat: docs/evidence/compact_metric/sop-siglip2-substrate-v1/prototype-residual-ridge-v1/train-source-v2/test_siglip2_prototype_residual.py
Would reformat: docs/evidence/compact_metric/sop-siglip2-substrate-v1/prototype-residual-ridge-v1/train-source-v3/fit_siglip2_prototype_residual.py
Would reformat: docs/evidence/compact_metric/sop-siglip2-substrate-v1/prototype-residual-ridge-v1/train-source-v3/test_siglip2_prototype_residual.py
Would reformat: docs/evidence/compact_metric/sop-siglip2-substrate-v1/quadratic-readout-v1/fresh-copy-native-source-v1/compare_quadratic_fresh_copy.py
Would reformat: docs/evidence/compact_metric/sop-siglip2-substrate-v1/quadratic-readout-v1/fresh-copy-native-source-v1/test_compare_quadratic_fresh_copy.py
Would reformat: docs/evidence/compact_metric/sop-siglip2-substrate-v1/quadratic-readout-v1/fresh-copy-source-check-v1/lifetime-repro.py
Would reformat: docs/evidence/compact_metric/sop-siglip2-substrate-v1/quadratic-readout-v1/train-source-v7/quadratic_encoder_frames.py
Would reformat: docs/evidence/compact_metric/sop-siglip2-substrate-v1/quadratic-readout-v1/train-source-v7/quadratic_readout.py
Would reformat: docs/evidence/compact_metric/sop-siglip2-substrate-v1/quadratic-readout-v1/train-source-v7/test_siglip2_quadratic_readout.py
Would reformat: docs/evidence/compact_metric/sop-siglip2-substrate-v1/quadratic-readout-v1/train-source-v7/train_siglip2_quadratic_readout.py
Would reformat: docs/evidence/compact_metric/sop-siglip2-substrate-v1/rank-routed-mlp-cpu-v1-freeze/source-preflight.py
Would reformat: docs/evidence/compact_metric/sop-siglip2-substrate-v1/rank-routed-mlp-cpu-v1-freeze/test_siglip2_rank_routed_mlp.py
Would reformat: docs/evidence/compact_metric/sop-siglip2-substrate-v1/rank-routed-mlp-cpu-v1-freeze/train_siglip2_rank_routed_mlp.py
Would reformat: docs/evidence/compact_metric/sop-siglip2-substrate-v1/rank-routed-mlp-cpu-v2-freeze/source-preflight.py
Would reformat: docs/evidence/compact_metric/sop-siglip2-substrate-v1/rank-routed-mlp-cpu-v2-freeze/test_siglip2_rank_routed_mlp.py
Would reformat: docs/evidence/compact_metric/sop-siglip2-substrate-v1/rank-routed-mlp-cpu-v2-freeze/train_siglip2_rank_routed_mlp.py
Would reformat: docs/evidence/compact_metric/sop-siglip2-substrate-v1/rank-routed-mlp-cpu-v3-freeze/source-preflight.py
Would reformat: docs/evidence/compact_metric/sop-siglip2-substrate-v1/rank-routed-mlp-cpu-v3-freeze/test_siglip2_rank_routed_mlp.py
Would reformat: docs/evidence/compact_metric/sop-siglip2-substrate-v1/rank-routed-mlp-cpu-v3-freeze/train_siglip2_rank_routed_mlp.py
Would reformat: docs/evidence/compact_metric/sop-siglip2-substrate-v1/rank-routed-mlp-cpu-v4-freeze/source-preflight.py
Would reformat: docs/evidence/compact_metric/sop-siglip2-substrate-v1/rank-routed-mlp-cpu-v4-freeze/test_siglip2_rank_routed_mlp.py
Would reformat: docs/evidence/compact_metric/sop-siglip2-substrate-v1/rank-routed-mlp-cpu-v4-freeze/train_siglip2_rank_routed_mlp.py
Would reformat: docs/evidence/compact_metric/sop-siglip2-substrate-v1/smooth-ap-evaluation-first-cpu-v1/accepted-verify.py
Would reformat: docs/evidence/compact_metric/sop-siglip2-substrate-v1/smooth-ap-evaluation-first-cpu-v1/freeze.py
Would reformat: docs/evidence/compact_metric/sop-siglip2-substrate-v1/smooth-ap-evaluation-first-cpu-v1/verify.py
Would reformat: docs/evidence/compact_metric/sop-siglip2-substrate-v1/smooth-ap-evaluation-first-exports-v1/freeze.py
Would reformat: docs/evidence/compact_metric/sop-siglip2-substrate-v1/smooth-ap-first-export-control-179061-v1/verify.py
Would reformat: docs/evidence/compact_metric/sop-siglip2-substrate-v1/smooth-ap-first-selection-score-v1/freeze.py
Would reformat: docs/evidence/compact_metric/sop-siglip2-substrate-v1/smooth-ap-first-selection-score-v1/verify.py
Would reformat: docs/evidence/compact_metric/sop-siglip2-substrate-v1/smooth-ap-mechanics-control-v1/verify.py
Would reformat: docs/evidence/compact_metric/sop-siglip2-substrate-v1/smooth-ap-mechanics-v1/freeze.py
Would reformat: docs/evidence/compact_metric/sop-siglip2-substrate-v1/smooth-ap-train-control-179061-v1/verify.py
Would reformat: docs/evidence/compact_metric/sop-siglip2-substrate-v1/smooth-ap-train-first-v1/freeze.py
Would reformat: docs/evidence/compact_metric/sop-siglip2-substrate-v1/smooth-ap-trainer-source-v1/freeze.py
Would reformat: docs/evidence/compact_metric/sop-siglip2-substrate-v1/sop-custom-gallery-179024/scale-v2/verify_scale.py
Would reformat: docs/evidence/compact_metric/sop-siglip2-substrate-v1/sop-custom-gallery-179024/scale-v6/verify_scale.py
Would reformat: docs/evidence/compact_metric/sop-siglip2-substrate-v1/sop-custom-gallery-179024/scale-v7/verify_scale.py
Would reformat: docs/evidence/compact_metric/sop-siglip2-substrate-v1/sop-direct-batch32-cpu-v1/verify.py
Would reformat: docs/evidence/compact_metric/sop-siglip2-substrate-v1/sop-public-scale-train-v3/large_batch_check.py
Would reformat: docs/evidence/compact_metric/sop-siglip2-substrate-v1/sop-public-scale-train-v3/profile_encode_rss.py
Would reformat: docs/evidence/compact_metric/sop-siglip2-substrate-v1/sop-rgb-copy-screen-179024/screen.py
Would reformat: docs/evidence/compact_metric/sop-siglip2-substrate-v1/standalone-gpu-sha-build-v1-freeze/build.py
Would reformat: docs/evidence/compact_metric/sop-siglip2-substrate-v1/standalone-gpu-sha-build-v3-freeze/build.py
Would reformat: docs/evidence/compact_metric/sop-siglip2-substrate-v1/standalone-gpu-sha-build-v4-freeze/build.py
Would reformat: docs/evidence/compact_metric/sop-siglip2-substrate-v1/standalone-gpu-sha-build-v5-freeze/build.py
Would reformat: docs/evidence/compact_metric/sop-siglip2-substrate-v1/standalone-gpu-sha-full-v1-freeze/bootstrap.py
Would reformat: docs/evidence/compact_metric/sop-siglip2-substrate-v1/standalone-gpu-sha-full-v1-freeze/extract_siglip2_vision_source.py
Would reformat: docs/evidence/compact_metric/sop-siglip2-substrate-v1/standalone-gpu-sha-full-v1-freeze/qualify_cuda_sha256_native.py
Would reformat: docs/evidence/compact_metric/sop-siglip2-substrate-v1/standalone-gpu-sha-full-v1-freeze/test_cuda_sha256_native.py
Would reformat: docs/evidence/compact_metric/sop-siglip2-substrate-v1/standalone-gpu-sha-smoke-v1-freeze/bootstrap.py
Would reformat: docs/evidence/compact_metric/sop-siglip2-substrate-v1/standalone-gpu-sha-smoke-v1-freeze/qualify_connected_serving_requests.py
Would reformat: docs/evidence/compact_metric/sop-siglip2-substrate-v1/standalone-gpu-sha-smoke-v1-freeze/qualify_cuda_sha256_native.py
Would reformat: docs/evidence/compact_metric/sop-siglip2-substrate-v1/standalone-gpu-sha-smoke-v1-freeze/test_cuda_sha256_native.py
Would reformat: docs/evidence/compact_metric/sop-siglip2-substrate-v1/standalone-gpu-sha-smoke-v1-freeze/train_siglip2_connected_mlp.py
Would reformat: docs/evidence/compact_metric/sop-siglip2-substrate-v1/standalone-gpu-sha-smoke-v1-freeze/train_siglip2_connected_probe.py
Would reformat: docs/evidence/compact_metric/sop-siglip2-substrate-v1/standalone-gpu-sha-smoke-v2-freeze/bootstrap.py
Would reformat: docs/evidence/compact_metric/sop-siglip2-substrate-v1/standalone-gpu-sha-smoke-v2-freeze/connected_inference.py
Would reformat: docs/evidence/compact_metric/sop-siglip2-substrate-v1/standalone-gpu-sha-smoke-v2-freeze/connected_probe_inference.py
Would reformat: docs/evidence/compact_metric/sop-siglip2-substrate-v1/standalone-gpu-sha-smoke-v2-freeze/qualify_connected_serving_requests.py
Would reformat: docs/evidence/compact_metric/sop-siglip2-substrate-v1/standalone-gpu-sha-smoke-v2-freeze/qualify_cuda_sha256_native.py
Would reformat: docs/evidence/compact_metric/sop-siglip2-substrate-v1/standalone-gpu-sha-smoke-v2-freeze/test_cuda_sha256_native.py
Would reformat: docs/evidence/compact_metric/sop-siglip2-substrate-v1/teacher-retained256-v1/controller/run_pe_teacher_retained256_pilot.py
Would reformat: docs/evidence/compact_metric/sop-siglip2-substrate-v1/teacher-retained256-v1/source/test_pe_teacher_retained256.py
Would reformat: docs/evidence/compact_metric/sop-siglip2-substrate-v1/teacher-retained256-v1/source/train_pe_teacher_retained256.py
Would reformat: docs/evidence/compact_metric/sop-siglip2-substrate-v1/teacher-retained256-v1/terminal/sfora-teacher-retained256-qualification-source-v1/qualify_pe_teacher_retained256.py
Would reformat: docs/evidence/compact_metric/sop-siglip2-substrate-v1/teacher-retained256-v1/terminal/sfora-teacher-retained256-qualification-source-v1/test_pe_teacher_retained256_qualification.py
Would reformat: reports/receipts/factorized_residual_ann_2026-09-19-threadmatched/faiss_threadmatched.py
Would reformat: reports/receipts/factorized_residual_ann_2026-09-19-threadmatched/fastscan_screen.py
Would reformat: scratch_cub_local_metric_oracle.py
Would reformat: scratch_met_local_adc_gap_codebooks.py
Would reformat: scratch_met_native_noise_shaped_pq.py
Would reformat: scratch_met_powered_opq64_baseline.py
Would reformat: scratch_met_product_residual_codec.py
Would reformat: scratch_met_radial_bias_adc.py
Would reformat: scratch_met_second_moment_precoder.py
Would reformat: scratch_shortlist_graph_panel.py
Would reformat: scratch_sop_direct_head_guard.py
Would reformat: scratch_stanford_dogs_cld_gate.py
Would reformat: scripts/_scratch_compact_residual_head.py
Would reformat: scripts/_scratch_compact_teacher_error_census.py
Would reformat: scripts/_scratch_cub_direct256_int4.py
Would reformat: scripts/_scratch_deployed_code_rank_finish_f0.py
Would reformat: scripts/_scratch_flip_view_information_gate.py
Would reformat: scripts/_scratch_flip_view_matched_gate.py
Would reformat: scripts/_scratch_local_scatter_power_screen.py
Would reformat: scripts/_scratch_oml_sop_asymmetric_int4.py
Would reformat: scripts/_scratch_oml_sop_int4_qat.py
Would reformat: scripts/_scratch_oml_sop_rank_scale_int4.py
Would reformat: scripts/_scratch_oml_sop_scann_anisotropic_128byte.py
Would reformat: scripts/_scratch_power_mixed_objective_probe.py
Would reformat: scripts/_scratch_power_whitening_replication.py
Would reformat: scripts/_scratch_power_whitening_source_control.py
Would reformat: scripts/_scratch_same_teacher_ladder.py
Would reformat: scripts/_scratch_siglip2_so400m_cars_screen.py
Would reformat: scripts/_scratch_siglip2_so400m_cub_replication.py
Would reformat: scripts/_scratch_sop_direct256_int4.py
Would reformat: scripts/_scratch_sop_pca256_float_ceiling.py
Would reformat: scripts/_scratch_top2_dba_eurosat_holdout.py
Would reformat: scripts/_scratch_top2_dba_gate.py
Would reformat: scripts/_scratch_unicom_lastblock_rank_finish.py
Would reformat: scripts/_scratch_unicom_preprojection_export.py
Would reformat: scripts/_scratch_unicom_preprojection_gate.py
Would reformat: scripts/acquire_pe_l14.py
Would reformat: scripts/acquire_pe_s16.py
Would reformat: scripts/analyze_inshop_cardinality_matched_positive.py
Would reformat: scripts/analyze_inshop_positive_margin.py
Would reformat: scripts/analyze_inshop_prehead_rankmatched.py
Would reformat: scripts/analyze_inshop_trained_rankmatched.py
Would reformat: scripts/analyze_inshop_untrained_rankmatched.py
Would reformat: scripts/analyze_l14_inshop_train_heads.py
Would reformat: scripts/analyze_pfml_reference.py
Would reformat: scripts/analyze_reference_matrix.py
Would reformat: scripts/analyze_rsatk_reference.py
Would reformat: scripts/analyze_sop_b16_loss_decomposition.py
Would reformat: scripts/analyze_sop_official_structure.py
Would reformat: scripts/analyze_sop_tail_cub_transfer.py
Would reformat: scripts/analyze_sop_tail_eval_control.py
Would reformat: scripts/analyze_sop_token_maxsim_top32.py
Would reformat: scripts/audit_cub_corpus.py
Would reformat: scripts/audit_inshop_direct_width_saved.py
Would reformat: scripts/audit_inshop_pe_fit_features.py
Would reformat: scripts/audit_inshop_pe_pair.py
Would reformat: scripts/audit_inshop_pe_training_checkpoint.py
Would reformat: scripts/audit_ipsr_gate0_pack.py
Would reformat: scripts/audit_pe_full_valid_anchor_processor.py
Would reformat: scripts/audit_pe_full_valid_anchor_states.py
Would reformat: scripts/audit_pe_l14_final_mlp_pilot.py
Would reformat: scripts/audit_pe_l14_fit.py
Would reformat: scripts/audit_pe_l14_native_pool_pilot.py
Would reformat: scripts/audit_pe_l14_prefetch_pilot.py
Would reformat: scripts/audit_pe_large_final_block_pilot.py
Would reformat: scripts/audit_pe_large_final_two_pilot.py
Would reformat: scripts/audit_pe_large_pool_checkpoint_validation.py
Would reformat: scripts/audit_pe_large_pool_pilot.py
Would reformat: scripts/audit_pe_large_precision_pair.py
Would reformat: scripts/audit_pe_large_teacher_anchor_pilot.py
Would reformat: scripts/audit_pe_lowrank_pilot.py
Would reformat: scripts/audit_pe_native_muon_pilot.py
Would reformat: scripts/audit_pe_s16_fit.py
Would reformat: scripts/audit_pe_s16_pilot.py
Would reformat: scripts/audit_sop_inshop_joint_inventory.py
Would reformat: scripts/audit_static_checkpoint_limits.py
Would reformat: scripts/benchmark_full_valid_anchor_serving.py
Would reformat: scripts/benchmark_l14_exact_head_sop_train.py
Would reformat: scripts/build_sop_label_twin_audit.py
Would reformat: scripts/build_unicom_fepf_run_config.py
Would reformat: scripts/build_unicom_finish_ablation_config.py
Would reformat: scripts/build_unicom_full_width_pair_config.py
Would reformat: scripts/cache_inshop_untrained_pooled.py
Would reformat: scripts/census_connected_core_errors.py
Would reformat: scripts/census_connected_core_errors_torch.py
Would reformat: scripts/check_inshop_pe_displacement_premise.py
Would reformat: scripts/check_inshop_pe_learning_attribution.py
Would reformat: scripts/check_inshop_pe_pair.py
Would reformat: scripts/check_large_dense_boundary.py
Would reformat: scripts/check_large_dense_retained_official.py
Would reformat: scripts/check_large_dense_retained_serving.py
Would reformat: scripts/check_large_hard_schedule.py
Would reformat: scripts/check_large_lower_adapter.py
Would reformat: scripts/check_large_pool_runtime.py
Would reformat: scripts/check_pe_immutable_amp.py
Would reformat: scripts/check_pe_l14_fit.py
Would reformat: scripts/check_pe_l14_native_pool.py
Would reformat: scripts/check_pe_l14_readout.py
Would reformat: scripts/check_pe_l14_readout_cost.py
Would reformat: scripts/check_pe_l14_training.py
Would reformat: scripts/check_pe_large_final_block.py
Would reformat: scripts/check_pe_large_final_block_gpu_startup.py
Would reformat: scripts/check_pe_large_final_block_pilot_startup.py
Would reformat: scripts/check_pe_large_final_block_training_startup.py
Would reformat: scripts/check_pe_large_final_two.py
Would reformat: scripts/check_pe_large_final_two_gpu_startup.py
Would reformat: scripts/check_pe_large_final_two_pilot_startup.py
Would reformat: scripts/check_pe_large_final_two_training_startup.py
Would reformat: scripts/check_pe_large_pool.py
Would reformat: scripts/check_pe_large_pool_validation_audit.py
Would reformat: scripts/check_pe_large_teacher_fit_startup.py
Would reformat: scripts/check_pe_native_muon.py
Would reformat: scripts/check_pe_prefetched_export.py
Would reformat: scripts/check_pe_s16_fit.py
Would reformat: scripts/check_pe_s16_training.py
Would reformat: scripts/check_sop_normalization_lookup.py
Would reformat: scripts/check_sop_preprocessing_worker.py
Would reformat: scripts/compare_nearest_ranking_current_bytes.py
Would reformat: scripts/compare_pe_full_valid_anchor_checkpoint.py
Would reformat: scripts/compare_quadratic_fresh_copy.py
Would reformat: scripts/compare_unicom_full_width_profiles.py
Would reformat: scripts/confirm_unicom_full_width_objective.py
Would reformat: scripts/connected_control_native_authority.py
Would reformat: scripts/connected_residual_readout.py
Would reformat: scripts/decide_pe_native_valid_anchor.py
Would reformat: scripts/decide_unicom_full_width_objective.py
Would reformat: scripts/diagnose_arcg.py
Would reformat: scripts/diagnose_class_connectivity.py
Would reformat: scripts/diagnose_connected_archived_precision.py
Would reformat: scripts/diagnose_connected_asymmetric_cache.py
Would reformat: scripts/diagnose_connected_gallery_freshness.py
Would reformat: scripts/diagnose_inshop_pe_compression.py
Would reformat: scripts/diagnose_inshop_pe_learning_attribution.py
Would reformat: scripts/diagnose_oapf.py
Would reformat: scripts/diagnose_pass159_cotangent_stage_a.py
Would reformat: scripts/diagnose_pass181_cieb_stage_a.py
Would reformat: scripts/diagnose_pass198_bsir_stage_a.py
Would reformat: scripts/diagnose_pass200_rsta_stage_a.py
Would reformat: scripts/diagnose_pass201_cis_operator.py
Would reformat: scripts/diagnose_pass205_rdgc_stage_b.py
Would reformat: scripts/diagnose_pe_l14_readout_quantization.py
Would reformat: scripts/diagnose_rspg_graph.py
Would reformat: scripts/diagnose_sop_seen_gallery_effect.py
Would reformat: scripts/diagnose_sop_siglip2_unseen_gallery.py
Would reformat: scripts/direct_inshop_width.py
Would reformat: scripts/evaluate_factorized_residual_ann.py
Would reformat: scripts/evaluate_foundation_hardened_folds.py
Would reformat: scripts/evaluate_foundation_ridge_stitch.py
Would reformat: scripts/evaluate_foundation_score_fusion.py
Would reformat: scripts/evaluate_foundation_stitch_official.py
Would reformat: scripts/evaluate_inshop_alsp.py
Would reformat: scripts/evaluate_inshop_gallery_hubness.py
Would reformat: scripts/evaluate_inshop_reciprocal_reranking.py
Would reformat: scripts/evaluate_oml_interpolation.py
Would reformat: scripts/evaluate_progressive_residual_ann.py
Would reformat: scripts/evaluate_published_inshop_checkpoint.py
Would reformat: scripts/evaluate_siglip2_cached_readout.py
Would reformat: scripts/evaluate_siglip2_compact_ranking.py
Would reformat: scripts/evaluate_siglip2_connected_mlp.py
Would reformat: scripts/evaluate_siglip2_connected_probe.py
Would reformat: scripts/evaluate_siglip2_genuine_views.py
Would reformat: scripts/evaluate_siglip2_identity_diversity.py
Would reformat: scripts/evaluate_siglip2_identity_mix.py
Would reformat: scripts/evaluate_siglip2_nearest_ranking.py
Would reformat: scripts/evaluate_siglip2_prototype_residual.py
Would reformat: scripts/evaluate_siglip2_quadratic_readout.py
Would reformat: scripts/evaluate_sop_compact_checkpoint.py
Would reformat: scripts/evaluate_sop_tail_cub_transfer.py
Would reformat: scripts/evaluate_sop_teacher_anchored_distillation.py
Would reformat: scripts/evaluate_unicom_ema_imprint_official.py
Would reformat: scripts/evaluate_unicom_ema_imprint_replication.py
Would reformat: scripts/evaluate_unicom_fepf.py
Would reformat: scripts/evaluate_unicom_finish_ablation.py
Would reformat: scripts/evaluate_unicom_full_width_objective.py
Would reformat: scripts/evaluate_unicom_rank_finish_confirmation.py
Would reformat: scripts/export_final_cars_embeddings.py
Would reformat: scripts/export_final_inshop_embeddings.py
Would reformat: scripts/export_final_sop_train_embeddings.py
Would reformat: scripts/export_image_queue_adaptation.py
Would reformat: scripts/export_inshop_pe_fit_features.py
Would reformat: scripts/export_inshop_trained_prehead.py
Would reformat: scripts/export_large_dense_pilot.py
Would reformat: scripts/export_large_dense_retained_official.py
Would reformat: scripts/export_large_lower_pilot.py
Would reformat: scripts/export_large_pool_checkpoint.py
Would reformat: scripts/export_late_dense_adaptation.py
Would reformat: scripts/export_pe_l14_fit.py
Would reformat: scripts/export_pe_large_teacher_fit.py
Would reformat: scripts/export_pe_s16_fit.py
Would reformat: scripts/export_role_matched_adaptation.py
Would reformat: scripts/export_siglip2_genuine_views.py
Would reformat: scripts/export_siglip2_identity_diversity_views.py
Would reformat: scripts/export_siglip2_substrate_adaptation.py
Would reformat: scripts/export_siglip2_substrate_fit.py
Would reformat: scripts/export_token_residual_adaptation.py
Would reformat: scripts/export_unicom_inshop_embeddings.py
Would reformat: scripts/extract_connected_probe_inference.py
Would reformat: scripts/extract_siglip2_vision_source.py
Would reformat: scripts/fit_siglip2_prototype_residual.py
Would reformat: scripts/freeze_fullfeature_confirmation_cpu.py
Would reformat: scripts/freeze_identity_diversity_scope.py
Would reformat: scripts/freeze_live_top1_confirmation_cpu.py
Would reformat: scripts/image_queue_sampler.py
Would reformat: scripts/initialize_siglip2_substrate_fit.py
Would reformat: scripts/inspect_inshop_pe_update_geometry.py
Would reformat: scripts/large_dense_boundary.py
Would reformat: scripts/large_hard_schedule.py
Would reformat: scripts/large_lower_adapter.py
Would reformat: scripts/late_dense_boundary.py
Would reformat: scripts/measure_camw_cpu.py
Would reformat: scripts/measure_caspg_gate.py
Would reformat: scripts/measure_cea_gate.py
Would reformat: scripts/measure_cebn_blend_cpu.py
Would reformat: scripts/measure_cmr_gate.py
Would reformat: scripts/measure_connected_mlp_displacement.py
Would reformat: scripts/measure_coordinate_quorum.py
Would reformat: scripts/measure_crossfit_proxy_gap.py
Would reformat: scripts/measure_ensemble_complementarity.py
Would reformat: scripts/measure_frequency_band_acquisition.py
Would reformat: scripts/measure_inshop_class_topology.py
Would reformat: scripts/measure_inshop_support_escape.py
Would reformat: scripts/measure_inshop_untrained_geometry.py
Would reformat: scripts/measure_nuisance_transfer.py
Would reformat: scripts/measure_opis_retrieval_relevance.py
Would reformat: scripts/measure_pe_large_export_overlap.py
Would reformat: scripts/measure_pe_large_public_precision_pair.py
Would reformat: scripts/measure_pebh_cpu_gate.py
Would reformat: scripts/measure_prenorm_magnitude.py
Would reformat: scripts/measure_shared_confusions.py
Would reformat: scripts/measure_single_seed_consensus.py
Would reformat: scripts/nearest_ranking_readout.py
Would reformat: scripts/observe_asymmetric_exit_residency.py
Would reformat: scripts/observe_connected_control_batch_execution.py
Would reformat: scripts/observe_connected_full_authority.py
Would reformat: scripts/observe_connected_mlp_phases.py
Would reformat: scripts/observe_connected_serving.py
Would reformat: scripts/parse_cutile_jit_timing.py
Would reformat: scripts/pass201_pa_source_v2_contract.py
Would reformat: scripts/pe_immutable_amp.py
Would reformat: scripts/pe_l14_checkpoint.py
Would reformat: scripts/pe_l14_final_block.py
Would reformat: scripts/pe_l14_final_mlp.py
Would reformat: scripts/pe_l14_native_pool.py
Would reformat: scripts/pe_l14_readout.py
Would reformat: scripts/pe_l14_training.py
Would reformat: scripts/pe_large_coverage.py
Would reformat: scripts/pe_large_final_block.py
Would reformat: scripts/pe_large_final_two.py
Would reformat: scripts/pe_large_optimization.py
Would reformat: scripts/pe_large_pool.py
Would reformat: scripts/pe_large_teacher_anchor.py
Would reformat: scripts/pe_large_teacher_targets.py
Would reformat: scripts/pe_lowrank_adaptation.py
Would reformat: scripts/pe_native_muon.py
Would reformat: scripts/pe_native_valid_anchor.py
Would reformat: scripts/pe_prefetched_export.py
Would reformat: scripts/pe_s16_training.py
Would reformat: scripts/probe_compiler_fp16_casts.py
Would reformat: scripts/probe_cutile_runtime_bounds.py
Would reformat: scripts/probe_cutile_threads.py
Would reformat: scripts/probe_ect_zero_training.py
Would reformat: scripts/probe_inshop_crop_garment_retention.py
Would reformat: scripts/probe_inshop_deployed256_cached.py
Would reformat: scripts/probe_inshop_impostor_scaling.py
Would reformat: scripts/probe_inshop_moda_source.py
Would reformat: scripts/probe_inshop_pose_failure_specificity.py
Would reformat: scripts/probe_inshop_pose_impostor_enrichment.py
Would reformat: scripts/probe_inshop_tipsv2_l14_source.py
Would reformat: scripts/probe_inshop_weight_soup.py
Would reformat: scripts/probe_inshop_wide_training_head.py
Would reformat: scripts/probe_l14_exact_head_fold.py
Would reformat: scripts/probe_pe_l14_checkpoint_parity.py
Would reformat: scripts/probe_pe_l14_deterministic_checkpoint.py
Would reformat: scripts/probe_pe_l14_gradient_repeatability.py
Would reformat: scripts/probe_pe_lowrank_mechanics.py
Would reformat: scripts/probe_siglip_vision_meta_export.py
Would reformat: scripts/probe_sop_direct_batch32.py
Would reformat: scripts/probe_sop_normalization_lookup.py
Would reformat: scripts/probe_sop_preprocessing_worker.py
Would reformat: scripts/probe_sop_siglip2_compiler.py
Would reformat: scripts/probe_sop_siglip2_cuda_graph.py
Would reformat: scripts/probe_sop_siglip2_processor_v2.py
Would reformat: scripts/probe_sop_token_maxsim_top32.py
Would reformat: scripts/profile_once.py
Would reformat: scripts/profile_pe_l14_readout_input.py
Would reformat: scripts/profile_pe_l14_readout_pixels.py
Would reformat: scripts/profile_unicom_training_step.py
Would reformat: scripts/prototype_residual_readout.py
Would reformat: scripts/quadratic_encoder_frames.py
Would reformat: scripts/quadratic_readout.py
Would reformat: scripts/qualify_actual_objective_encoder_gradients.py
Would reformat: scripts/qualify_connected_control_serving.py
Would reformat: scripts/qualify_connected_encoder_gradients.py
Would reformat: scripts/qualify_connected_fresh_sha.py
Would reformat: scripts/qualify_connected_fresh_sha_bootstrap.py
Would reformat: scripts/qualify_connected_gradient_decomposition.py
Would reformat: scripts/qualify_connected_probe_serving.py
Would reformat: scripts/qualify_connected_serving_requests.py
Would reformat: scripts/qualify_cuda_sha256_native.py
Would reformat: scripts/qualify_cudnn_wheel_provenance.py
Would reformat: scripts/qualify_full_valid_anchor_serving.py
Would reformat: scripts/qualify_image_queue_adaptation_cpu.py
Would reformat: scripts/qualify_large_dense_boundary_cpu.py
Would reformat: scripts/qualify_large_dense_retained_serving.py
Would reformat: scripts/qualify_large_hard_schedule.py
Would reformat: scripts/qualify_large_lower_adapter_cpu.py
Would reformat: scripts/qualify_late_dense_adaptation_cpu.py
Would reformat: scripts/qualify_pe_corrected128_budget4000.py
Would reformat: scripts/qualify_pe_full_native_trajectory_average.py
Would reformat: scripts/qualify_pe_full_valid_anchor_checkpoint.py
Would reformat: scripts/qualify_pe_full_valid_anchor_cpu.py
Would reformat: scripts/qualify_pe_l14_final_block.py
Would reformat: scripts/qualify_pe_l14_final_block_gpu.py
Would reformat: scripts/qualify_pe_l14_final_mlp.py
Would reformat: scripts/qualify_pe_l14_final_mlp_gpu.py
Would reformat: scripts/qualify_pe_l14_native_pool.py
Would reformat: scripts/qualify_pe_l14_native_pool_gpu.py
Would reformat: scripts/qualify_pe_l14_prefetch.py
Would reformat: scripts/qualify_pe_large_coverage.py
Would reformat: scripts/qualify_pe_large_coverage_checkpoint.py
Would reformat: scripts/qualify_pe_large_export_input.py
Would reformat: scripts/qualify_pe_large_final_block.py
Would reformat: scripts/qualify_pe_large_final_block_gpu.py
Would reformat: scripts/qualify_pe_large_final_two.py
Would reformat: scripts/qualify_pe_large_final_two_gpu.py
Would reformat: scripts/qualify_pe_large_immutable_amp_cpu.py
Would reformat: scripts/qualify_pe_large_immutable_amp_gpu.py
Would reformat: scripts/qualify_pe_large_inshop_official.py
Would reformat: scripts/qualify_pe_large_optimization_checkpoint.py
Would reformat: scripts/qualify_pe_large_optimization_cpu.py
Would reformat: scripts/qualify_pe_large_pool.py
Would reformat: scripts/qualify_pe_large_pool_gpu.py
Would reformat: scripts/qualify_pe_large_pool_prefetch.py
Would reformat: scripts/qualify_pe_large_public_b1.py
Would reformat: scripts/qualify_pe_large_public_fp16.py
Would reformat: scripts/qualify_pe_large_public_serving.py
Would reformat: scripts/qualify_pe_large_teacher_anchor_cpu.py
Would reformat: scripts/qualify_pe_large_teacher_anchor_gpu.py
Would reformat: scripts/qualify_pe_large_trained_candidate.py
Would reformat: scripts/qualify_pe_lowrank_native_cpu.py
Would reformat: scripts/qualify_pe_native_trajectory_average.py
Would reformat: scripts/qualify_pe_native_valid_anchor_confirmation.py
Would reformat: scripts/qualify_pe_native_valid_anchor_cpu.py
Would reformat: scripts/qualify_pe_native_valid_anchor_held.py
Would reformat: scripts/qualify_pe_native_valid_anchor_serving.py
Would reformat: scripts/qualify_pe_s16.py
Would reformat: scripts/qualify_pe_s16_gpu.py
Would reformat: scripts/qualify_pe_teacher_retained256.py
Would reformat: scripts/qualify_role_matched_cpu.py
Would reformat: scripts/qualify_siglip2_initialized_cpu.py
Would reformat: scripts/qualify_siglip2_substrate_cpu.py
Would reformat: scripts/qualify_token_residual_cpu.py
Would reformat: scripts/role_matched_bank_rank.py
Would reformat: scripts/run_foundation_adapter_screen.py
Would reformat: scripts/run_foundation_nonlinear_stitch.py
Would reformat: scripts/run_inshop_direct_width_smoke.py
Would reformat: scripts/run_pass201_pa_source_v2.py
Would reformat: scripts/run_pe_corrected128_budget4000.py
Would reformat: scripts/run_pe_teacher_retained256_pilot.py
Would reformat: scripts/run_sop_teacher_anchored_panel.py
Would reformat: scripts/run_unicom_fepf_campaign.py
Would reformat: scripts/run_unicom_fepf_cuda_canary.py
Would reformat: scripts/run_unicom_finish_ablation.py
Would reformat: scripts/run_unicom_from_checkout.py
Would reformat: scripts/score_image_queue_adaptation.py
Would reformat: scripts/score_inshop_archived_consensus.py
Would reformat: scripts/score_inshop_pe_raw_attribution.py
Would reformat: scripts/score_large_dense_pilot.py
Would reformat: scripts/score_large_dense_retained_official.py
Would reformat: scripts/score_large_lower_pilot.py
Would reformat: scripts/score_large_pool_checkpoint.py
Would reformat: scripts/score_late_dense_adaptation.py
Would reformat: scripts/score_role_matched_adaptation.py
Would reformat: scripts/score_siglip2_substrate_adaptation.py
Would reformat: scripts/score_token_residual_adaptation.py
Would reformat: scripts/screen_sop_architecture_holdout.py
Would reformat: scripts/screen_unicom_cap_f0.py
Would reformat: scripts/screen_unicom_proxy_muon_f0.py
Would reformat: scripts/screen_unicom_rank_finish.py
Would reformat: scripts/screen_unicom_spherical_probe.py
Would reformat: scripts/summarize_unicom_ema_imprint_replication.py
Would reformat: scripts/test_actual_objective_encoder_gradients.py
Would reformat: scripts/test_analyze_l14_inshop_train_heads.py
Would reformat: scripts/test_asymmetric_exit_residency.py
Would reformat: scripts/test_compact_ranking_evaluation.py
Would reformat: scripts/test_compare_nearest_ranking_current_bytes.py
Would reformat: scripts/test_compare_quadratic_fresh_copy.py
Would reformat: scripts/test_connected_archived_precision.py
Would reformat: scripts/test_connected_asymmetric_cache.py
Would reformat: scripts/test_connected_compact_serving.py
Would reformat: scripts/test_connected_control_batch_execution.py
Would reformat: scripts/test_connected_control_serving.py
Would reformat: scripts/test_connected_core_errors.py
Would reformat: scripts/test_connected_core_errors_torch.py
Would reformat: scripts/test_connected_encoder_gradients.py
Would reformat: scripts/test_connected_fresh_sha.py
Would reformat: scripts/test_connected_fresh_sha_bootstrap.py
Would reformat: scripts/test_connected_full_authority_observation.py
Would reformat: scripts/test_connected_gallery_freshness.py
Would reformat: scripts/test_connected_gradient_decomposition.py
Would reformat: scripts/test_connected_inference_extraction.py
Would reformat: scripts/test_connected_mlp_displacement.py
Would reformat: scripts/test_connected_mlp_evaluation.py
Would reformat: scripts/test_connected_mlp_phase_observer.py
Would reformat: scripts/test_connected_probe_evaluation.py
Would reformat: scripts/test_connected_probe_inference_extraction.py
Would reformat: scripts/test_connected_probe_serving.py
Would reformat: scripts/test_connected_residual_readout.py
Would reformat: scripts/test_connected_serving_requests.py
Would reformat: scripts/test_cuda_sha256_native.py
Would reformat: scripts/test_cuda_sha256_source.py
Would reformat: scripts/test_cudnn_wheel_provenance.py
Would reformat: scripts/test_diagnose_sop_seen_gallery_effect.py
Would reformat: scripts/test_direct_inshop_width.py
Would reformat: scripts/test_evaluate_sop_siglip2_official.py
Would reformat: scripts/test_extract_siglip2_vision_source.py
Would reformat: scripts/test_freeze_fullfeature_confirmation_cpu.py
Would reformat: scripts/test_freeze_live_top1_confirmation_cpu.py
Would reformat: scripts/test_full_valid_anchor_serving.py
Would reformat: scripts/test_identity_diversity_evaluation.py
Would reformat: scripts/test_identity_diversity_scope.py
Would reformat: scripts/test_image_queue_adaptation.py
Would reformat: scripts/test_image_queue_adaptation_cpu.py
Would reformat: scripts/test_image_queue_held.py
Would reformat: scripts/test_image_queue_sampler.py
Would reformat: scripts/test_inshop_archived_consensus.py
Would reformat: scripts/test_late_dense_adaptation.py
Would reformat: scripts/test_late_dense_boundary.py
Would reformat: scripts/test_late_dense_held.py
Would reformat: scripts/test_nearest_ranking_evaluation.py
Would reformat: scripts/test_nearest_ranking_readout.py
Would reformat: scripts/test_observe_connected_serving.py
Would reformat: scripts/test_packed_int8_core_extraction.py
Would reformat: scripts/test_pe_corrected128_budget4000.py
Would reformat: scripts/test_pe_corrected128_budget4000_qualification.py
Would reformat: scripts/test_pe_full_native_trajectory_average.py
Would reformat: scripts/test_pe_full_valid_anchor_entrypoints.py
Would reformat: scripts/test_pe_native_trajectory_average.py
Would reformat: scripts/test_pe_teacher_retained256.py
Would reformat: scripts/test_pe_teacher_retained256_qualification.py
Would reformat: scripts/test_profile_once.py
Would reformat: scripts/test_quadratic_readout.py
Would reformat: scripts/test_role_matched_adaptation.py
Would reformat: scripts/test_role_matched_bank_rank.py
Would reformat: scripts/test_role_matched_cpu.py
Would reformat: scripts/test_role_matched_held.py
Would reformat: scripts/test_scratch_deployed_code_rank_finish_f0.py
Would reformat: scripts/test_scratch_flip_view_matched_gate.py
Would reformat: scripts/test_scratch_same_teacher_ladder.py
Would reformat: scripts/test_siglip2_cached_readout.py
Would reformat: scripts/test_siglip2_cached_readout_evaluation.py
Would reformat: scripts/test_siglip2_compact_ranking.py
Would reformat: scripts/test_siglip2_connected_mlp.py
Would reformat: scripts/test_siglip2_connected_probe.py
Would reformat: scripts/test_siglip2_genuine_view_evaluation.py
Would reformat: scripts/test_siglip2_genuine_view_training.py
Would reformat: scripts/test_siglip2_genuine_views.py
Would reformat: scripts/test_siglip2_identity_diversity.py
Would reformat: scripts/test_siglip2_identity_diversity_views.py
Would reformat: scripts/test_siglip2_identity_mix.py
Would reformat: scripts/test_siglip2_identity_mix_evaluation.py
Would reformat: scripts/test_siglip2_initialized_cpu.py
Would reformat: scripts/test_siglip2_nearest_ranking.py
Would reformat: scripts/test_siglip2_postln_adaptation.py
Would reformat: scripts/test_siglip2_prototype_residual.py
Would reformat: scripts/test_siglip2_prototype_residual_evaluation.py
Would reformat: scripts/test_siglip2_quadratic_readout.py
Would reformat: scripts/test_siglip2_quadratic_readout_evaluation.py
Would reformat: scripts/test_siglip2_rank_routed_mlp.py
Would reformat: scripts/test_siglip2_substrate_adaptation.py
Would reformat: scripts/test_siglip2_substrate_cpu.py
Would reformat: scripts/test_siglip2_substrate_fit.py
Would reformat: scripts/test_siglip2_substrate_held.py
Would reformat: scripts/test_siglip2_substrate_initializer.py
Would reformat: scripts/test_token_residual_adaptation.py
Would reformat: scripts/test_token_residual_cpu.py
Would reformat: scripts/test_token_residual_held.py
Would reformat: scripts/test_token_residual_readout.py
Would reformat: scripts/test_verify_fresh_sha_table.py
Would reformat: scripts/token_residual_readout.py
Would reformat: scripts/train_image_queue_adaptation.py
Would reformat: scripts/train_inshop_pe_pair.py
Would reformat: scripts/train_inshop_siglip2_unseen_gallery.py
Would reformat: scripts/train_large_dense_mechanics.py
Would reformat: scripts/train_large_dense_pilot.py
Would reformat: scripts/train_large_lower_mechanics.py
Would reformat: scripts/train_large_lower_pilot.py
Would reformat: scripts/train_late_dense_adaptation.py
Would reformat: scripts/train_pe_corrected128_budget4000.py
Would reformat: scripts/train_pe_full_valid_anchor.py
Would reformat: scripts/train_pe_l14.py
Would reformat: scripts/train_pe_l14_checkpoint.py
Would reformat: scripts/train_pe_l14_final_block.py
Would reformat: scripts/train_pe_l14_final_mlp.py
Would reformat: scripts/train_pe_l14_native_pool.py
Would reformat: scripts/train_pe_l14_prefetch.py
Would reformat: scripts/train_pe_l14_readout.py
Would reformat: scripts/train_pe_large_coverage.py
Would reformat: scripts/train_pe_large_final_block.py
Would reformat: scripts/train_pe_large_final_block_pilot.py
Would reformat: scripts/train_pe_large_final_two.py
Would reformat: scripts/train_pe_large_final_two_pilot.py
Would reformat: scripts/train_pe_large_optimization.py
Would reformat: scripts/train_pe_large_optimization_chunk.py
Would reformat: scripts/train_pe_large_pool.py
Would reformat: scripts/train_pe_large_teacher_anchor.py
Would reformat: scripts/train_pe_large_teacher_anchor_pilot.py
Would reformat: scripts/train_pe_lowrank_100.py
Would reformat: scripts/train_pe_native_muon.py
Would reformat: scripts/train_pe_native_valid_anchor.py
Would reformat: scripts/train_pe_s16.py
Would reformat: scripts/train_pe_teacher_retained256.py
Would reformat: scripts/train_role_matched_adaptation.py
Would reformat: scripts/train_siglip2_cached_readout.py
Would reformat: scripts/train_siglip2_compact_ranking.py
Would reformat: scripts/train_siglip2_connected_mlp.py
Would reformat: scripts/train_siglip2_connected_probe.py
Would reformat: scripts/train_siglip2_genuine_views.py
Would reformat: scripts/train_siglip2_identity_diversity.py
Would reformat: scripts/train_siglip2_identity_mix.py
Would reformat: scripts/train_siglip2_nearest_ranking.py
Would reformat: scripts/train_siglip2_postln_adaptation.py
Would reformat: scripts/train_siglip2_quadratic_readout.py
Would reformat: scripts/train_siglip2_rank_routed_mlp.py
Would reformat: scripts/train_siglip2_substrate_adaptation.py
Would reformat: scripts/train_sop_siglip2_compact.py
Would reformat: scripts/train_token_residual_adaptation.py
Would reformat: scripts/train_unicom_inshop.py
Would reformat: scripts/validate_pe_large_pool_checkpoint.py
Would reformat: scripts/verify_fresh_sha_table.py
Would reformat: scripts/verify_pass200_rsta_scientific_artifact.py
Would reformat: scripts/verify_pe_large_optimization_chunk.py
Would reformat: scripts/verify_sop_siglip2_gallery_scale.py
Would reformat: scripts/verify_spectral_fragmentation_gate.py
Would reformat: src/sfora/_connected_inference_authority.py
Would reformat: src/sfora/_connected_probe_inference_authority.py
Would reformat: src/sfora/amortized_local_scale.py
Would reformat: src/sfora/atomic_publication.py
Would reformat: src/sfora/cadr.py
Would reformat: src/sfora/cea.py
Would reformat: src/sfora/cem.py
Would reformat: src/sfora/connected_compact_serving.py
Would reformat: src/sfora/connected_inference.py
Would reformat: src/sfora/connected_probe_inference.py
Would reformat: src/sfora/factorized_residual_ann.py
Would reformat: src/sfora/factorized_residual_index.py
Would reformat: src/sfora/foundation_adapter.py
Would reformat: src/sfora/gallery_hubness.py
Would reformat: src/sfora/idgp.py
Would reformat: src/sfora/image_end_to_end.py
Would reformat: src/sfora/image_recipes.py
Would reformat: src/sfora/losses.py
Would reformat: src/sfora/mcps_study.py
Would reformat: src/sfora/pq_candidate_scoring.py
Would reformat: src/sfora/progressive_residual_quantization.py
Would reformat: src/sfora/progressive_residual_scoring.py
Would reformat: src/sfora/reciprocal_reranking.py
Would reformat: src/sfora/teacher_anchored_schedule_io.py
Would reformat: src/sfora/unicom_cap.py
Would reformat: src/sfora/unicom_fepf.py
Would reformat: src/sfora/unicom_finish_evidence.py
Would reformat: src/sfora/unicom_finish_protocol.py
Would reformat: src/sfora/unicom_probe.py
Would reformat: src/sfora/unicom_proxy_muon.py
Would reformat: src/sfora/unicom_retrieval_audit.py
Would reformat: src/sfora/unicom_runtime_authority.py
Would reformat: tests/data/factorized_residual_golden/prototype_benchmark_packed_one_lut_native.py
Would reformat: tests/data/factorized_residual_golden/prototype_benchmark_stock_100m_direct.py
Would reformat: tests/data/factorized_residual_golden/prototype_build_bigann_ivf_from_centroids.py
Would reformat: tests/data/factorized_residual_golden/prototype_pack_one_lut_index.py
Would reformat: tests/test_amortized_local_scale.py
Would reformat: tests/test_analyze_inshop_training_geometry.py
Would reformat: tests/test_analyze_pfml_final_field.py
Would reformat: tests/test_analyze_pfml_reference.py
Would reformat: tests/test_arcg.py
Would reformat: tests/test_atomic_publication.py
Would reformat: tests/test_bep_torch.py
Would reformat: tests/test_build_unicom_fepf_run_config.py
Would reformat: tests/test_build_unicom_finish_ablation_config.py
Would reformat: tests/test_cadr.py
Would reformat: tests/test_compact_metric.py
Would reformat: tests/test_confirm_unicom_full_width_objective.py
Would reformat: tests/test_dada_reproduction.py
Would reformat: tests/test_decide_unicom_full_width_objective.py
Would reformat: tests/test_diagnose_pass159_cotangent_stage_a.py
Would reformat: tests/test_diagnose_pass181_cieb_stage_a.py
Would reformat: tests/test_diagnose_pass200_rsta_stage_a.py
Would reformat: tests/test_diagnose_pass201_cis_operator.py
Would reformat: tests/test_diagnose_pass205_rdgc_stage_b.py
Would reformat: tests/test_evaluate_calibrated_tail_moment.py
Would reformat: tests/test_evaluate_factorized_residual_ann.py
Would reformat: tests/test_evaluate_inshop_alsp.py
Would reformat: tests/test_evaluate_inshop_gallery_hubness.py
Would reformat: tests/test_evaluate_oml_interpolation.py
Would reformat: tests/test_evaluate_progressive_residual_ann.py
Would reformat: tests/test_evaluate_published_inshop_checkpoint.py
Would reformat: tests/test_evaluate_sop_teacher_anchored_distillation.py
Would reformat: tests/test_evaluate_unicom_ema_imprint_factorial.py
Would reformat: tests/test_evaluate_unicom_ema_imprint_official.py
Would reformat: tests/test_evaluate_unicom_ema_imprint_replication.py
Would reformat: tests/test_evaluate_unicom_fepf.py
Would reformat: tests/test_evaluate_unicom_finish_ablation.py
Would reformat: tests/test_evaluate_unicom_full_width_objective.py
Would reformat: tests/test_evaluate_unicom_rank_finish_confirmation.py
Would reformat: tests/test_export_unicom_inshop_embeddings.py
Would reformat: tests/test_factorized_residual_ann.py
Would reformat: tests/test_factorized_residual_index.py
Would reformat: tests/test_factorized_residual_native.py
Would reformat: tests/test_foundation_adapter.py
Would reformat: tests/test_fragmentation_identity_stability.py
Would reformat: tests/test_gallery_hubness.py
Would reformat: tests/test_idgp.py
Would reformat: tests/test_image_end_to_end.py
Would reformat: tests/test_inshop_valid_anchor_rank.py
Would reformat: tests/test_ipsr.py
Would reformat: tests/test_mcps_study.py
Would reformat: tests/test_measure_frequency_band_acquisition.py
Would reformat: tests/test_measure_opis_retrieval_relevance.py
Would reformat: tests/test_oapf_diagnostic.py
Would reformat: tests/test_objective_loss_registry.py
Would reformat: tests/test_package_import_boundary.py
Would reformat: tests/test_pass201_pa_source_v2_contract.py
Would reformat: tests/test_probe_representation_ceiling.py
Would reformat: tests/test_profile_unicom_training_step.py
Would reformat: tests/test_progressive_residual_scoring.py
Would reformat: tests/test_rcc_objective.py
Would reformat: tests/test_rsta_normwise_adjoint.py
Would reformat: tests/test_run_inshop_corrected_reference_seed1_script.py
Would reformat: tests/test_run_inshop_corrected_reference_seed2_script.py
Would reformat: tests/test_run_inshop_corrected_reference_seed3_script.py
Would reformat: tests/test_run_pass201_pa_source_v2.py
Would reformat: tests/test_run_sop_teacher_anchored_panel.py
Would reformat: tests/test_run_unicom_fepf_campaign.py
Would reformat: tests/test_run_unicom_fepf_cuda_canary.py
Would reformat: tests/test_run_unicom_finish_ablation.py
Would reformat: tests/test_scratch_siglip2_so400m_cars_screen.py
Would reformat: tests/test_scratch_siglip2_so400m_cub_replication.py
Would reformat: tests/test_scratch_unicom_lastblock_rank_finish.py
Would reformat: tests/test_scratch_unicom_preprojection_export.py
Would reformat: tests/test_screen_unicom_cap_f0.py
Would reformat: tests/test_screen_unicom_proxy_muon_f0.py
Would reformat: tests/test_screen_unicom_rank_finish.py
Would reformat: tests/test_screen_unicom_spherical_probe.py
Would reformat: tests/test_summarize_unicom_ema_imprint_replication.py
Would reformat: tests/test_train_unicom_inshop.py
Would reformat: tests/test_unicom_cap.py
Would reformat: tests/test_unicom_cap_f0_run_config.py
Would reformat: tests/test_unicom_fepf.py
Would reformat: tests/test_unicom_finish_evidence.py
Would reformat: tests/test_unicom_finish_protocol.py
Would reformat: tests/test_unicom_full_width_objective_run_config.py
Would reformat: tests/test_unicom_probe.py
Would reformat: tests/test_unicom_proxy_muon.py
Would reformat: tests/test_unicom_proxy_muon_f0_run_config.py
Would reformat: tests/test_unicom_retrieval_audit.py
Would reformat: tests/test_unicom_training.py
Would reformat: tests/test_vector_store.py
Would reformat: tests/test_verify_pass200_rsta_scientific_artifact.py
Would reformat: tests/test_verify_pfml_cars_final_script.py
1190 files would be reformatted, 639 files already formatted
