/home/riomus/runs/sfora-so400-fullfeature-residual-evaluation-source-v1/full-export-control-179061-v1-command.sh: OK
Running as unit: sfora-so400-fullfeature-residual-evaluation-full-export-control-179061-v1.service; invocation ID: fa1937101daa4ca18bc17a7ed6edd776
/home/riomus/.local/share/uv/python/cpython-3.13.9-linux-aarch64-gnu/bin/python3.13: OK
/home/riomus/runs/sfora-native256-initialized-cpu-final-footer-v1.py: OK
/home/riomus/runs/sfora-native256-stop-cgroup-footer-v1.py: OK
/home/riomus/runs/sfora-so400-compact-ranking-evaluation-reference-v1/evaluate_siglip2_nearest_ranking.py: OK
/home/riomus/runs/sfora-so400-compact-ranking-evaluation-reference-v1/execution.json: OK
/home/riomus/runs/sfora-so400-compact-ranking-evaluation-reference-v1/test_nearest_ranking_evaluation.py: OK
/home/riomus/runs/sfora-so400-fullfeature-residual-evaluation-source-v1/authority-full-export-control-179061-v1.json: OK
/home/riomus/runs/sfora-so400-fullfeature-residual-evaluation-source-v1/evaluate_siglip2_compact_ranking.py: OK
/home/riomus/runs/sfora-so400-fullfeature-residual-evaluation-source-v1/execution.json: OK
/home/riomus/runs/sfora-so400-fullfeature-residual-evaluation-source-v1/test_compact_ranking_evaluation.py: OK
/home/riomus/runs/sfora-so400-fullfeature-residual-train-candidate-179061-v1/bundle/bundle.json: OK
/home/riomus/runs/sfora-so400-fullfeature-residual-train-candidate-179061-v1/receipt.json: OK
/home/riomus/runs/sfora-so400-fullfeature-residual-train-candidate-179061-v1/resume.pt: OK
/home/riomus/runs/sfora-so400-fullfeature-residual-train-control-179061-v1/bundle/bundle.json: OK
/home/riomus/runs/sfora-so400-fullfeature-residual-train-control-179061-v1/receipt.json: OK
/home/riomus/runs/sfora-so400-fullfeature-residual-train-control-179061-v1/resume.pt: OK
/home/riomus/runs/sfora-so400-fullfeature-residual-train-source-v1/authority-train-candidate-179061-v1.json: OK
/home/riomus/runs/sfora-so400-fullfeature-residual-train-source-v1/authority-train-control-179061-v1.json: OK
/home/riomus/runs/sfora-so400-fullfeature-residual-train-source-v1/execution.json: OK
/home/riomus/runs/sfora-so400-fullfeature-residual-train-source-v1/test_siglip2_compact_ranking.py: OK
/home/riomus/runs/sfora-so400-fullfeature-residual-train-source-v1/train-candidate-179061-v1.log: OK
/home/riomus/runs/sfora-so400-fullfeature-residual-train-source-v1/train-control-179061-v1.log: OK
/home/riomus/runs/sfora-so400-fullfeature-residual-train-source-v1/train_siglip2_compact_ranking.py: OK
/home/riomus/runs/sfora-so400-genuine-view-evaluation-source-v4/evaluate_siglip2_genuine_views.py: OK
/home/riomus/runs/sfora-so400-genuine-view-evaluation-source-v4/execution.json: OK
/home/riomus/runs/sfora-so400-genuine-view-evaluation-source-v4/test_siglip2_genuine_view_evaluation.py: OK
/home/riomus/runs/sfora-so400-signed-concat-evaluation-source-v2/evaluate_siglip2_prototype_residual.py: OK
/home/riomus/runs/sfora-so400-signed-concat-evaluation-source-v2/execution.json: OK
/home/riomus/runs/sfora-so400-signed-concat-evaluation-source-v2/test_siglip2_prototype_residual_evaluation.py: OK
/home/riomus/runs/sfora-so400-fullfeature-residual-evaluation-full-cpu-v1/receipt.json: OK
/home/riomus/runs/sfora-so400-fullfeature-residual-evaluation-source-v1/full-cpu-v1.log: OK
/home/riomus/runs/sfora-so400-fullfeature-residual-train-candidate-179069-v2/resume.pt: OK
/home/riomus/runs/sfora-so400-fullfeature-residual-train-candidate-179069-v2/bundle/bundle.json: OK
/home/riomus/runs/sfora-so400-fullfeature-residual-train-source-v1/authority-train-candidate-179069-v2.json: OK
/home/riomus/runs/sfora-so400-fullfeature-residual-train-candidate-179069-v2/receipt.json: OK
/home/riomus/runs/sfora-so400-fullfeature-residual-train-source-v1/train-candidate-179069-v2.log: OK
/home/riomus/runs/sfora-so400-fullfeature-residual-train-control-179069-v2/resume.pt: OK
/home/riomus/runs/sfora-so400-fullfeature-residual-train-control-179069-v2/bundle/bundle.json: OK
/home/riomus/runs/sfora-so400-fullfeature-residual-train-source-v1/authority-train-control-179069-v2.json: OK
/home/riomus/runs/sfora-so400-fullfeature-residual-train-control-179069-v2/receipt.json: OK
/home/riomus/runs/sfora-so400-fullfeature-residual-train-source-v1/train-control-179069-v2.log: OK
{"event": "COMPACT_PHASE", "phase": "shared_source_preparation", "boundary": "begin", "seconds": 219.05091927060857}
{"event": "COMPACT_PHASE", "phase": "shared_source_preparation", "boundary": "end", "delta_seconds": 19.924869715236127, "seconds": 238.9757908419706}
{"event": "COMPACT_PHASE", "phase": "cache_target_preparation", "boundary": "begin", "seconds": 238.97583325766027}
{"event": "COMPACT_PHASE", "phase": "cache_target_preparation", "boundary": "end", "delta_seconds": 2.310587159357965, "seconds": 241.28642353694886}
{"progress": "admitted", "phase": "export", "stage": "full", "seconds": 247.30466569401324}
{"event": "COMPACT_TIMING", "stage": "loader", "boundary": "begin", "pass_index": 0, "seconds": 254.1833393718116}
{"event": "COMPACT_RUNTIME_HASH", "boundary": "begin", "elapsed_seconds": 0.0, "item_count": 1941}
{"event": "COMPACT_RUNTIME_HASH", "boundary": "end", "elapsed_seconds": 0.21973566291853786, "item_count": 1941}
{"event": "COMPACT_TIMING", "stage": "loader", "boundary": "end", "pass_index": 0, "seconds": 279.2404412869364}
{"event": "COMPACT_TIMING", "stage": "endpoint_facts", "boundary": "begin", "pass_index": 0, "seconds": 279.24051334988326}
{"event": "COMPACT_TIMING", "stage": "endpoint_facts", "boundary": "end", "pass_index": 0, "seconds": 280.5908972499892}
{"event": "COMPACT_TIMING", "stage": "witness", "boundary": "begin", "pass_index": 0, "seconds": 280.59095764998347}
{"event": "COMPACT_RUNTIME_HASH", "boundary": "begin", "elapsed_seconds": 0.0, "item_count": 1941}
{"event": "COMPACT_RUNTIME_HASH", "boundary": "end", "elapsed_seconds": 0.2100752149708569, "item_count": 1941}
{"event": "COMPACT_TIMING", "stage": "witness", "boundary": "end", "pass_index": 0, "seconds": 282.6150691830553}
{"event": "COMPACT_TIMING", "stage": "diagnostic", "boundary": "begin", "pass_index": 0, "seconds": 282.6151319989003}
{"event": "COMPACT_RUNTIME_HASH", "boundary": "begin", "elapsed_seconds": 0.0, "item_count": 1941}
{"event": "COMPACT_RUNTIME_HASH", "boundary": "end", "elapsed_seconds": 0.27703734720125794, "item_count": 1941}
{"event": "COMPACT_RUNTIME_HASH", "boundary": "begin", "elapsed_seconds": 0.0, "item_count": 1941}
{"event": "COMPACT_RUNTIME_HASH", "boundary": "end", "elapsed_seconds": 0.320336839184165, "item_count": 1941}
{"event": "COMPACT_RUNTIME_HASH", "boundary": "begin", "elapsed_seconds": 0.0, "item_count": 1941}
{"event": "COMPACT_RUNTIME_HASH", "boundary": "end", "elapsed_seconds": 0.3380964151583612, "item_count": 1941}
{"event": "COMPACT_RUNTIME_HASH", "boundary": "begin", "elapsed_seconds": 0.0, "item_count": 1941}
{"event": "COMPACT_RUNTIME_HASH", "boundary": "end", "elapsed_seconds": 0.34697961900383234, "item_count": 1941}
{"event": "COMPACT_RUNTIME_HASH", "boundary": "begin", "elapsed_seconds": 0.0, "item_count": 1941}
{"event": "COMPACT_RUNTIME_HASH", "boundary": "end", "elapsed_seconds": 0.27687147492542863, "item_count": 1941}
{"event": "COMPACT_RUNTIME_HASH", "boundary": "begin", "elapsed_seconds": 0.0, "item_count": 1941}
{"event": "COMPACT_RUNTIME_HASH", "boundary": "end", "elapsed_seconds": 0.31650071684271097, "item_count": 1941}
{"event": "COMPACT_RUNTIME_HASH", "boundary": "begin", "elapsed_seconds": 0.0, "item_count": 1941}
{"event": "COMPACT_RUNTIME_HASH", "boundary": "end", "elapsed_seconds": 0.3229593331925571, "item_count": 1941}
{"event": "COMPACT_RUNTIME_HASH", "boundary": "begin", "elapsed_seconds": 0.0, "item_count": 1941}
{"event": "COMPACT_RUNTIME_HASH", "boundary": "end", "elapsed_seconds": 0.290252897888422, "item_count": 1941}
{"event": "COMPACT_RUNTIME_HASH", "boundary": "begin", "elapsed_seconds": 0.0, "item_count": 1941}
{"event": "COMPACT_RUNTIME_HASH", "boundary": "end", "elapsed_seconds": 0.29724320909008384, "item_count": 1941}
{"event": "COMPACT_RUNTIME_HASH", "boundary": "begin", "elapsed_seconds": 0.0, "item_count": 1941}
{"event": "COMPACT_RUNTIME_HASH", "boundary": "end", "elapsed_seconds": 0.30527682788670063, "item_count": 1941}
{"event": "COMPACT_RUNTIME_HASH", "boundary": "begin", "elapsed_seconds": 0.0, "item_count": 1941}
{"event": "COMPACT_RUNTIME_HASH", "boundary": "end", "elapsed_seconds": 0.31608947133645415, "item_count": 1941}
{"event": "COMPACT_RUNTIME_HASH", "boundary": "begin", "elapsed_seconds": 0.0, "item_count": 1941}
{"event": "COMPACT_RUNTIME_HASH", "boundary": "end", "elapsed_seconds": 0.4468598193489015, "item_count": 1941}
{"event": "COMPACT_TIMING", "stage": "diagnostic", "boundary": "end", "pass_index": 0, "seconds": 292.2048924770206}
{"event": "COMPACT_TIMING", "stage": "export_pass", "boundary": "begin", "pass_index": 0, "seconds": 292.2049313890748}
{"event": "COMPACT_TIMING", "stage": "images_outputs", "boundary": "begin", "role": "query", "batch_start": 0, "batch_size": 32, "seconds": 292.20498423697427}
{"event": "COMPACT_RUNTIME_HASH", "boundary": "begin", "elapsed_seconds": 0.0, "item_count": 1941}
{"event": "COMPACT_RUNTIME_HASH", "boundary": "end", "elapsed_seconds": 0.32052869722247124, "item_count": 1941}
{"event": "COMPACT_TIMING", "stage": "images_outputs", "boundary": "end", "role": "query", "batch_start": 0, "batch_size": 32, "seconds": 293.73994970181957}
{"event": "COMPACT_TIMING", "stage": "images_outputs", "boundary": "begin", "role": "query", "batch_start": 32, "batch_size": 32, "seconds": 293.75296123698354}
{"event": "COMPACT_RUNTIME_HASH", "boundary": "begin", "elapsed_seconds": 0.0, "item_count": 1941}
{"event": "COMPACT_RUNTIME_HASH", "boundary": "end", "elapsed_seconds": 0.32981938775628805, "item_count": 1941}
{"event": "COMPACT_TIMING", "stage": "images_outputs", "boundary": "end", "role": "query", "batch_start": 32, "batch_size": 32, "seconds": 294.8792593739927}
{"event": "COMPACT_TIMING", "stage": "images_outputs", "boundary": "begin", "role": "query", "batch_start": 64, "batch_size": 32, "seconds": 294.88102119602263}
{"event": "COMPACT_RUNTIME_HASH", "boundary": "begin", "elapsed_seconds": 0.0, "item_count": 1941}
{"event": "COMPACT_RUNTIME_HASH", "boundary": "end", "elapsed_seconds": 0.31095223035663366, "item_count": 1941}
{"event": "COMPACT_TIMING", "stage": "images_outputs", "boundary": "end", "role": "query", "batch_start": 64, "batch_size": 32, "seconds": 295.97488870704547}
{"event": "COMPACT_TIMING", "stage": "images_outputs", "boundary": "begin", "role": "query", "batch_start": 96, "batch_size": 32, "seconds": 295.9779204148799}
{"event": "COMPACT_RUNTIME_HASH", "boundary": "begin", "elapsed_seconds": 0.0, "item_count": 1941}
{"event": "COMPACT_RUNTIME_HASH", "boundary": "end", "elapsed_seconds": 0.2738443613052368, "item_count": 1941}
{"event": "COMPACT_TIMING", "stage": "images_outputs", "boundary": "end", "role": "query", "batch_start": 96, "batch_size": 32, "seconds": 297.0893885581754}
{"event": "COMPACT_TIMING", "stage": "images_outputs", "boundary": "begin", "role": "query", "batch_start": 128, "batch_size": 32, "seconds": 297.0918881390244}
{"event": "COMPACT_RUNTIME_HASH", "boundary": "begin", "elapsed_seconds": 0.0, "item_count": 1941}
{"event": "COMPACT_RUNTIME_HASH", "boundary": "end", "elapsed_seconds": 0.29143430618569255, "item_count": 1941}
{"event": "COMPACT_TIMING", "stage": "images_outputs", "boundary": "end", "role": "query", "batch_start": 128, "batch_size": 32, "seconds": 298.18576257908717}
{"event": "COMPACT_TIMING", "stage": "images_outputs", "boundary": "begin", "role": "query", "batch_start": 160, "batch_size": 32, "seconds": 298.18723923293874}
{"event": "COMPACT_RUNTIME_HASH", "boundary": "begin", "elapsed_seconds": 0.0, "item_count": 1941}
{"event": "COMPACT_RUNTIME_HASH", "boundary": "end", "elapsed_seconds": 0.2918221289291978, "item_count": 1941}
{"event": "COMPACT_TIMING", "stage": "images_outputs", "boundary": "end", "role": "query", "batch_start": 160, "batch_size": 32, "seconds": 299.2517368029803}
{"event": "COMPACT_TIMING", "stage": "images_outputs", "boundary": "begin", "role": "query", "batch_start": 192, "batch_size": 32, "seconds": 299.25399673497304}
{"event": "COMPACT_RUNTIME_HASH", "boundary": "begin", "elapsed_seconds": 0.0, "item_count": 1941}
{"event": "COMPACT_RUNTIME_HASH", "boundary": "end", "elapsed_seconds": 0.2978322971612215, "item_count": 1941}
{"event": "COMPACT_TIMING", "stage": "images_outputs", "boundary": "end", "role": "query", "batch_start": 192, "batch_size": 32, "seconds": 300.33297340618446}
{"event": "COMPACT_TIMING", "stage": "images_outputs", "boundary": "begin", "role": "query", "batch_start": 224, "batch_size": 32, "seconds": 300.33531375415623}
{"event": "COMPACT_RUNTIME_HASH", "boundary": "begin", "elapsed_seconds": 0.0, "item_count": 1941}
{"event": "COMPACT_RUNTIME_HASH", "boundary": "end", "elapsed_seconds": 0.31852033408358693, "item_count": 1941}
{"event": "COMPACT_TIMING", "stage": "images_outputs", "boundary": "end", "role": "query", "batch_start": 224, "batch_size": 32, "seconds": 301.4279033350758}
{"event": "COMPACT_TIMING", "stage": "images_outputs", "boundary": "begin", "role": "query", "batch_start": 256, "batch_size": 32, "seconds": 301.43039979506284}
{"event": "COMPACT_RUNTIME_HASH", "boundary": "begin", "elapsed_seconds": 0.0, "item_count": 1941}
{"event": "COMPACT_RUNTIME_HASH", "boundary": "end", "elapsed_seconds": 0.4448217609897256, "item_count": 1941}
{"event": "COMPACT_TIMING", "stage": "images_outputs", "boundary": "end", "role": "query", "batch_start": 256, "batch_size": 32, "seconds": 302.64154681377113}
{"event": "COMPACT_TIMING", "stage": "images_outputs", "boundary": "begin", "role": "query", "batch_start": 288, "batch_size": 32, "seconds": 302.6432544598356}
{"event": "COMPACT_RUNTIME_HASH", "boundary": "begin", "elapsed_seconds": 0.0, "item_count": 1941}
{"event": "COMPACT_RUNTIME_HASH", "boundary": "end", "elapsed_seconds": 0.3214226011186838, "item_count": 1941}
{"event": "COMPACT_TIMING", "stage": "images_outputs", "boundary": "end", "role": "query", "batch_start": 288, "batch_size": 32, "seconds": 303.79252754803747}
{"event": "COMPACT_TIMING", "stage": "images_outputs", "boundary": "begin", "role": "query", "batch_start": 320, "batch_size": 32, "seconds": 303.79477092111483}
{"event": "COMPACT_RUNTIME_HASH", "boundary": "begin", "elapsed_seconds": 0.0, "item_count": 1941}
{"event": "COMPACT_RUNTIME_HASH", "boundary": "end", "elapsed_seconds": 0.34629946388304234, "item_count": 1941}
{"event": "COMPACT_TIMING", "stage": "images_outputs", "boundary": "end", "role": "query", "batch_start": 320, "batch_size": 32, "seconds": 304.93591502914205}
{"event": "COMPACT_TIMING", "stage": "images_outputs", "boundary": "begin", "role": "query", "batch_start": 352, "batch_size": 32, "seconds": 304.9384763217531}
{"event": "COMPACT_RUNTIME_HASH", "boundary": "begin", "elapsed_seconds": 0.0, "item_count": 1941}
{"event": "COMPACT_RUNTIME_HASH", "boundary": "end", "elapsed_seconds": 0.32069437904283404, "item_count": 1941}
{"event": "COMPACT_TIMING", "stage": "images_outputs", "boundary": "end", "role": "query", "batch_start": 352, "batch_size": 32, "seconds": 306.03319889400154}
{"event": "COMPACT_TIMING", "stage": "images_outputs", "boundary": "begin", "role": "query", "batch_start": 384, "batch_size": 32, "seconds": 306.0351187312044}
{"event": "COMPACT_RUNTIME_HASH", "boundary": "begin", "elapsed_seconds": 0.0, "item_count": 1941}
{"event": "COMPACT_RUNTIME_HASH", "boundary": "end", "elapsed_seconds": 0.3325056112371385, "item_count": 1941}
{"event": "COMPACT_TIMING", "stage": "images_outputs", "boundary": "end", "role": "query", "batch_start": 384, "batch_size": 32, "seconds": 307.13334811478853}
{"event": "COMPACT_TIMING", "stage": "images_outputs", "boundary": "begin", "role": "query", "batch_start": 416, "batch_size": 32, "seconds": 307.1343565620482}
{"event": "COMPACT_RUNTIME_HASH", "boundary": "begin", "elapsed_seconds": 0.0, "item_count": 1941}
{"event": "COMPACT_RUNTIME_HASH", "boundary": "end", "elapsed_seconds": 0.3034590110182762, "item_count": 1941}
{"event": "COMPACT_TIMING", "stage": "images_outputs", "boundary": "end", "role": "query", "batch_start": 416, "batch_size": 32, "seconds": 308.2087783147581}
{"event": "COMPACT_TIMING", "stage": "images_outputs", "boundary": "begin", "role": "query", "batch_start": 448, "batch_size": 32, "seconds": 308.21024021692574}
{"event": "COMPACT_RUNTIME_HASH", "boundary": "begin", "elapsed_seconds": 0.0, "item_count": 1941}
{"event": "COMPACT_RUNTIME_HASH", "boundary": "end", "elapsed_seconds": 0.3199705723673105, "item_count": 1941}
{"event": "COMPACT_TIMING", "stage": "images_outputs", "boundary": "end", "role": "query", "batch_start": 448, "batch_size": 32, "seconds": 309.3539064368233}
{"event": "COMPACT_TIMING", "stage": "images_outputs", "boundary": "begin", "role": "query", "batch_start": 480, "batch_size": 32, "seconds": 309.355400307104}
{"event": "COMPACT_RUNTIME_HASH", "boundary": "begin", "elapsed_seconds": 0.0, "item_count": 1941}
{"event": "COMPACT_RUNTIME_HASH", "boundary": "end", "elapsed_seconds": 0.31037481036037207, "item_count": 1941}
{"event": "COMPACT_TIMING", "stage": "images_outputs", "boundary": "end", "role": "query", "batch_start": 480, "batch_size": 32, "seconds": 310.4913440900855}
{"event": "COMPACT_TIMING", "stage": "images_outputs", "boundary": "begin", "role": "query", "batch_start": 512, "batch_size": 32, "seconds": 310.4934155270457}
{"event": "COMPACT_RUNTIME_HASH", "boundary": "begin", "elapsed_seconds": 0.0, "item_count": 1941}
{"event": "COMPACT_RUNTIME_HASH", "boundary": "end", "elapsed_seconds": 0.28475286113098264, "item_count": 1941}
{"event": "COMPACT_TIMING", "stage": "images_outputs", "boundary": "end", "role": "query", "batch_start": 512, "batch_size": 32, "seconds": 311.57687362190336}
{"event": "COMPACT_TIMING", "stage": "images_outputs", "boundary": "begin", "role": "query", "batch_start": 544, "batch_size": 32, "seconds": 311.5783052998595}
{"event": "COMPACT_RUNTIME_HASH", "boundary": "begin", "elapsed_seconds": 0.0, "item_count": 1941}
{"event": "COMPACT_RUNTIME_HASH", "boundary": "end", "elapsed_seconds": 0.32751424331218004, "item_count": 1941}
{"event": "COMPACT_TIMING", "stage": "images_outputs", "boundary": "end", "role": "query", "batch_start": 544, "batch_size": 32, "seconds": 312.6956255249679}
{"event": "COMPACT_TIMING", "stage": "images_outputs", "boundary": "begin", "role": "query", "batch_start": 576, "batch_size": 32, "seconds": 312.6973605309613}
{"event": "COMPACT_RUNTIME_HASH", "boundary": "begin", "elapsed_seconds": 0.0, "item_count": 1941}
{"event": "COMPACT_RUNTIME_HASH", "boundary": "end", "elapsed_seconds": 0.4515666658990085, "item_count": 1941}
{"event": "COMPACT_TIMING", "stage": "images_outputs", "boundary": "end", "role": "query", "batch_start": 576, "batch_size": 32, "seconds": 313.9187673837878}
{"event": "COMPACT_TIMING", "stage": "images_outputs", "boundary": "begin", "role": "query", "batch_start": 608, "batch_size": 32, "seconds": 313.9214966921136}
{"event": "COMPACT_RUNTIME_HASH", "boundary": "begin", "elapsed_seconds": 0.0, "item_count": 1941}
{"event": "COMPACT_RUNTIME_HASH", "boundary": "end", "elapsed_seconds": 0.3313915659673512, "item_count": 1941}
{"event": "COMPACT_TIMING", "stage": "images_outputs", "boundary": "end", "role": "query", "batch_start": 608, "batch_size": 32, "seconds": 315.0594595791772}
{"event": "COMPACT_TIMING", "stage": "images_outputs", "boundary": "begin", "role": "query", "batch_start": 640, "batch_size": 32, "seconds": 315.0618212078698}
{"event": "COMPACT_RUNTIME_HASH", "boundary": "begin", "elapsed_seconds": 0.0, "item_count": 1941}
{"event": "COMPACT_RUNTIME_HASH", "boundary": "end", "elapsed_seconds": 0.29726194916293025, "item_count": 1941}
{"event": "COMPACT_TIMING", "stage": "images_outputs", "boundary": "end", "role": "query", "batch_start": 640, "batch_size": 32, "seconds": 316.15541450819}
{"event": "COMPACT_TIMING", "stage": "images_outputs", "boundary": "begin", "role": "query", "batch_start": 672, "batch_size": 32, "seconds": 316.15630961116403}
{"event": "COMPACT_RUNTIME_HASH", "boundary": "begin", "elapsed_seconds": 0.0, "item_count": 1941}
{"event": "COMPACT_RUNTIME_HASH", "boundary": "end", "elapsed_seconds": 0.3082687184214592, "item_count": 1941}
{"event": "COMPACT_TIMING", "stage": "images_outputs", "boundary": "end", "role": "query", "batch_start": 672, "batch_size": 32, "seconds": 317.22702123085037}
{"event": "COMPACT_TIMING", "stage": "images_outputs", "boundary": "begin", "role": "query", "batch_start": 704, "batch_size": 32, "seconds": 317.228912236169}
{"event": "COMPACT_RUNTIME_HASH", "boundary": "begin", "elapsed_seconds": 0.0, "item_count": 1941}
{"event": "COMPACT_RUNTIME_HASH", "boundary": "end", "elapsed_seconds": 0.31750924978405237, "item_count": 1941}
{"event": "COMPACT_TIMING", "stage": "images_outputs", "boundary": "end", "role": "query", "batch_start": 704, "batch_size": 32, "seconds": 318.3018400929868}
{"event": "COMPACT_TIMING", "stage": "images_outputs", "boundary": "begin", "role": "query", "batch_start": 736, "batch_size": 32, "seconds": 318.3029204281047}
{"event": "COMPACT_RUNTIME_HASH", "boundary": "begin", "elapsed_seconds": 0.0, "item_count": 1941}
{"event": "COMPACT_RUNTIME_HASH", "boundary": "end", "elapsed_seconds": 0.36189058097079396, "item_count": 1941}
{"event": "COMPACT_TIMING", "stage": "images_outputs", "boundary": "end", "role": "query", "batch_start": 736, "batch_size": 32, "seconds": 319.4579908470623}
{"event": "COMPACT_TIMING", "stage": "images_outputs", "boundary": "begin", "role": "query", "batch_start": 768, "batch_size": 32, "seconds": 319.45954959699884}
{"event": "COMPACT_RUNTIME_HASH", "boundary": "begin", "elapsed_seconds": 0.0, "item_count": 1941}
{"event": "COMPACT_RUNTIME_HASH", "boundary": "end", "elapsed_seconds": 0.3225096268579364, "item_count": 1941}
{"event": "COMPACT_TIMING", "stage": "images_outputs", "boundary": "end", "role": "query", "batch_start": 768, "batch_size": 32, "seconds": 320.5739818629809}
{"event": "COMPACT_TIMING", "stage": "images_outputs", "boundary": "begin", "role": "query", "batch_start": 800, "batch_size": 32, "seconds": 320.57608027616516}
{"event": "COMPACT_RUNTIME_HASH", "boundary": "begin", "elapsed_seconds": 0.0, "item_count": 1941}
{"event": "COMPACT_RUNTIME_HASH", "boundary": "end", "elapsed_seconds": 0.32870006700977683, "item_count": 1941}
{"event": "COMPACT_TIMING", "stage": "images_outputs", "boundary": "end", "role": "query", "batch_start": 800, "batch_size": 32, "seconds": 321.70428679697216}
{"event": "COMPACT_TIMING", "stage": "images_outputs", "boundary": "begin", "role": "query", "batch_start": 832, "batch_size": 32, "seconds": 321.7056027469225}
{"event": "COMPACT_RUNTIME_HASH", "boundary": "begin", "elapsed_seconds": 0.0, "item_count": 1941}
{"event": "COMPACT_RUNTIME_HASH", "boundary": "end", "elapsed_seconds": 0.31269946601241827, "item_count": 1941}
{"event": "COMPACT_TIMING", "stage": "images_outputs", "boundary": "end", "role": "query", "batch_start": 832, "batch_size": 32, "seconds": 322.80246395012364}
{"event": "COMPACT_TIMING", "stage": "images_outputs", "boundary": "begin", "role": "query", "batch_start": 864, "batch_size": 32, "seconds": 322.80354495719075}
{"event": "COMPACT_RUNTIME_HASH", "boundary": "begin", "elapsed_seconds": 0.0, "item_count": 1941}
{"event": "COMPACT_RUNTIME_HASH", "boundary": "end", "elapsed_seconds": 0.31855764891952276, "item_count": 1941}
{"event": "COMPACT_TIMING", "stage": "images_outputs", "boundary": "end", "role": "query", "batch_start": 864, "batch_size": 32, "seconds": 323.8969097980298}
{"event": "COMPACT_TIMING", "stage": "images_outputs", "boundary": "begin", "role": "query", "batch_start": 896, "batch_size": 32, "seconds": 323.89907425874844}
{"event": "COMPACT_RUNTIME_HASH", "boundary": "begin", "elapsed_seconds": 0.0, "item_count": 1941}
{"event": "COMPACT_RUNTIME_HASH", "boundary": "end", "elapsed_seconds": 0.3383468706160784, "item_count": 1941}
{"event": "COMPACT_TIMING", "stage": "images_outputs", "boundary": "end", "role": "query", "batch_start": 896, "batch_size": 32, "seconds": 325.00734341610223}
{"event": "COMPACT_TIMING", "stage": "images_outputs", "boundary": "begin", "role": "query", "batch_start": 928, "batch_size": 32, "seconds": 325.0086992061697}
{"event": "COMPACT_RUNTIME_HASH", "boundary": "begin", "elapsed_seconds": 0.0, "item_count": 1941}
{"event": "COMPACT_RUNTIME_HASH", "boundary": "end", "elapsed_seconds": 0.323694521561265, "item_count": 1941}
{"event": "COMPACT_TIMING", "stage": "images_outputs", "boundary": "end", "role": "query", "batch_start": 928, "batch_size": 32, "seconds": 326.1032956149429}
{"event": "COMPACT_TIMING", "stage": "images_outputs", "boundary": "begin", "role": "query", "batch_start": 960, "batch_size": 32, "seconds": 326.10606729099527}
{"event": "COMPACT_RUNTIME_HASH", "boundary": "begin", "elapsed_seconds": 0.0, "item_count": 1941}
{"event": "COMPACT_RUNTIME_HASH", "boundary": "end", "elapsed_seconds": 0.5021541859023273, "item_count": 1941}
{"event": "COMPACT_TIMING", "stage": "images_outputs", "boundary": "end", "role": "query", "batch_start": 960, "batch_size": 32, "seconds": 327.37309588398784}
{"event": "COMPACT_TIMING", "stage": "images_outputs", "boundary": "begin", "role": "query", "batch_start": 992, "batch_size": 32, "seconds": 327.37455061776564}
{"event": "COMPACT_RUNTIME_HASH", "boundary": "begin", "elapsed_seconds": 0.0, "item_count": 1941}
{"event": "COMPACT_RUNTIME_HASH", "boundary": "end", "elapsed_seconds": 0.33737802505493164, "item_count": 1941}
{"event": "COMPACT_TIMING", "stage": "images_outputs", "boundary": "end", "role": "query", "batch_start": 992, "batch_size": 32, "seconds": 328.52079582214355}
{"event": "COMPACT_TIMING", "stage": "images_outputs", "boundary": "begin", "role": "query", "batch_start": 1024, "batch_size": 32, "seconds": 328.5224082041532}
{"event": "COMPACT_RUNTIME_HASH", "boundary": "begin", "elapsed_seconds": 0.0, "item_count": 1941}
{"event": "COMPACT_RUNTIME_HASH", "boundary": "end", "elapsed_seconds": 0.316234964877367, "item_count": 1941}
{"event": "COMPACT_TIMING", "stage": "images_outputs", "boundary": "end", "role": "query", "batch_start": 1024, "batch_size": 32, "seconds": 329.6107210549526}
{"event": "COMPACT_TIMING", "stage": "images_outputs", "boundary": "begin", "role": "query", "batch_start": 1056, "batch_size": 32, "seconds": 329.6128371488303}
{"event": "COMPACT_RUNTIME_HASH", "boundary": "begin", "elapsed_seconds": 0.0, "item_count": 1941}
{"event": "COMPACT_RUNTIME_HASH", "boundary": "end", "elapsed_seconds": 0.336559449788183, "item_count": 1941}
{"event": "COMPACT_TIMING", "stage": "images_outputs", "boundary": "end", "role": "query", "batch_start": 1056, "batch_size": 32, "seconds": 330.71788481017575}
{"event": "COMPACT_TIMING", "stage": "images_outputs", "boundary": "begin", "role": "query", "batch_start": 1088, "batch_size": 32, "seconds": 330.71928207203746}
{"event": "COMPACT_RUNTIME_HASH", "boundary": "begin", "elapsed_seconds": 0.0, "item_count": 1941}
{"event": "COMPACT_RUNTIME_HASH", "boundary": "end", "elapsed_seconds": 0.27610143600031734, "item_count": 1941}
{"event": "COMPACT_TIMING", "stage": "images_outputs", "boundary": "end", "role": "query", "batch_start": 1088, "batch_size": 32, "seconds": 331.7886307099834}
{"event": "COMPACT_TIMING", "stage": "images_outputs", "boundary": "begin", "role": "query", "batch_start": 1120, "batch_size": 32, "seconds": 331.7900653798133}
{"event": "COMPACT_RUNTIME_HASH", "boundary": "begin", "elapsed_seconds": 0.0, "item_count": 1941}
{"event": "COMPACT_RUNTIME_HASH", "boundary": "end", "elapsed_seconds": 0.3178622745908797, "item_count": 1941}
{"event": "COMPACT_TIMING", "stage": "images_outputs", "boundary": "end", "role": "query", "batch_start": 1120, "batch_size": 32, "seconds": 332.8778233700432}
{"event": "COMPACT_TIMING", "stage": "images_outputs", "boundary": "begin", "role": "query", "batch_start": 1152, "batch_size": 32, "seconds": 332.8799590948038}
{"event": "COMPACT_RUNTIME_HASH", "boundary": "begin", "elapsed_seconds": 0.0, "item_count": 1941}
{"event": "COMPACT_RUNTIME_HASH", "boundary": "end", "elapsed_seconds": 0.31964932940900326, "item_count": 1941}
{"event": "COMPACT_TIMING", "stage": "images_outputs", "boundary": "end", "role": "query", "batch_start": 1152, "batch_size": 32, "seconds": 334.00744664808735}
{"event": "COMPACT_TIMING", "stage": "images_outputs", "boundary": "begin", "role": "query", "batch_start": 1184, "batch_size": 32, "seconds": 334.0089413342066}
{"event": "COMPACT_RUNTIME_HASH", "boundary": "begin", "elapsed_seconds": 0.0, "item_count": 1941}
{"event": "COMPACT_RUNTIME_HASH", "boundary": "end", "elapsed_seconds": 0.32340009277686477, "item_count": 1941}
{"event": "COMPACT_TIMING", "stage": "images_outputs", "boundary": "end", "role": "query", "batch_start": 1184, "batch_size": 32, "seconds": 335.11792896082625}
{"event": "COMPACT_TIMING", "stage": "images_outputs", "boundary": "begin", "role": "query", "batch_start": 1216, "batch_size": 32, "seconds": 335.1201435821131}
{"event": "COMPACT_RUNTIME_HASH", "boundary": "begin", "elapsed_seconds": 0.0, "item_count": 1941}
{"event": "COMPACT_RUNTIME_HASH", "boundary": "end", "elapsed_seconds": 0.31021531112492085, "item_count": 1941}
{"event": "COMPACT_TIMING", "stage": "images_outputs", "boundary": "end", "role": "query", "batch_start": 1216, "batch_size": 32, "seconds": 336.20032140798867}
{"event": "COMPACT_TIMING", "stage": "images_outputs", "boundary": "begin", "role": "query", "batch_start": 1248, "batch_size": 32, "seconds": 336.2020528940484}
{"event": "COMPACT_RUNTIME_HASH", "boundary": "begin", "elapsed_seconds": 0.0, "item_count": 1941}
{"event": "COMPACT_RUNTIME_HASH", "boundary": "end", "elapsed_seconds": 0.2867184467613697, "item_count": 1941}
{"event": "COMPACT_TIMING", "stage": "images_outputs", "boundary": "end", "role": "query", "batch_start": 1248, "batch_size": 32, "seconds": 337.2533131111413}
{"event": "COMPACT_TIMING", "stage": "images_outputs", "boundary": "begin", "role": "query", "batch_start": 1280, "batch_size": 32, "seconds": 337.25457338104025}
{"event": "COMPACT_RUNTIME_HASH", "boundary": "begin", "elapsed_seconds": 0.0, "item_count": 1941}
{"event": "COMPACT_RUNTIME_HASH", "boundary": "end", "elapsed_seconds": 0.3140723779797554, "item_count": 1941}
{"event": "COMPACT_TIMING", "stage": "images_outputs", "boundary": "end", "role": "query", "batch_start": 1280, "batch_size": 32, "seconds": 338.3603646461852}
{"event": "COMPACT_TIMING", "stage": "images_outputs", "boundary": "begin", "role": "query", "batch_start": 1312, "batch_size": 32, "seconds": 338.36222955584526}
{"event": "COMPACT_RUNTIME_HASH", "boundary": "begin", "elapsed_seconds": 0.0, "item_count": 1941}
{"event": "COMPACT_RUNTIME_HASH", "boundary": "end", "elapsed_seconds": 0.29591833939775825, "item_count": 1941}
{"event": "COMPACT_TIMING", "stage": "images_outputs", "boundary": "end", "role": "query", "batch_start": 1312, "batch_size": 32, "seconds": 339.4712275848724}
{"event": "COMPACT_TIMING", "stage": "images_outputs", "boundary": "begin", "role": "query", "batch_start": 1344, "batch_size": 32, "seconds": 339.473047262989}
{"event": "COMPACT_RUNTIME_HASH", "boundary": "begin", "elapsed_seconds": 0.0, "item_count": 1941}
{"event": "COMPACT_RUNTIME_HASH", "boundary": "end", "elapsed_seconds": 0.4662185739725828, "item_count": 1941}
{"event": "COMPACT_TIMING", "stage": "images_outputs", "boundary": "end", "role": "query", "batch_start": 1344, "batch_size": 32, "seconds": 340.72582182008773}
{"event": "COMPACT_TIMING", "stage": "images_outputs", "boundary": "begin", "role": "query", "batch_start": 1376, "batch_size": 32, "seconds": 340.72673660190776}
{"event": "COMPACT_RUNTIME_HASH", "boundary": "begin", "elapsed_seconds": 0.0, "item_count": 1941}
{"event": "COMPACT_RUNTIME_HASH", "boundary": "end", "elapsed_seconds": 0.28690903913229704, "item_count": 1941}
{"event": "COMPACT_TIMING", "stage": "images_outputs", "boundary": "end", "role": "query", "batch_start": 1376, "batch_size": 32, "seconds": 341.7936980971135}
{"event": "COMPACT_TIMING", "stage": "images_outputs", "boundary": "begin", "role": "query", "batch_start": 1408, "batch_size": 32, "seconds": 341.79603523015976}
{"event": "COMPACT_RUNTIME_HASH", "boundary": "begin", "elapsed_seconds": 0.0, "item_count": 1941}
{"event": "COMPACT_RUNTIME_HASH", "boundary": "end", "elapsed_seconds": 0.3065937478095293, "item_count": 1941}
{"event": "COMPACT_TIMING", "stage": "images_outputs", "boundary": "end", "role": "query", "batch_start": 1408, "batch_size": 32, "seconds": 342.8756168531254}
{"event": "COMPACT_TIMING", "stage": "images_outputs", "boundary": "begin", "role": "query", "batch_start": 1440, "batch_size": 32, "seconds": 342.87732070684433}
{"event": "COMPACT_RUNTIME_HASH", "boundary": "begin", "elapsed_seconds": 0.0, "item_count": 1941}
{"event": "COMPACT_RUNTIME_HASH", "boundary": "end", "elapsed_seconds": 0.2969472659751773, "item_count": 1941}
{"event": "COMPACT_TIMING", "stage": "images_outputs", "boundary": "end", "role": "query", "batch_start": 1440, "batch_size": 32, "seconds": 343.95173196913674}
{"event": "COMPACT_TIMING", "stage": "images_outputs", "boundary": "begin", "role": "query", "batch_start": 1472, "batch_size": 32, "seconds": 343.9537789421156}
{"event": "COMPACT_RUNTIME_HASH", "boundary": "begin", "elapsed_seconds": 0.0, "item_count": 1941}
{"event": "COMPACT_RUNTIME_HASH", "boundary": "end", "elapsed_seconds": 0.3209017300978303, "item_count": 1941}
{"event": "COMPACT_TIMING", "stage": "images_outputs", "boundary": "end", "role": "query", "batch_start": 1472, "batch_size": 32, "seconds": 345.0493073607795}
{"event": "COMPACT_TIMING", "stage": "images_outputs", "boundary": "begin", "role": "query", "batch_start": 1504, "batch_size": 32, "seconds": 345.05135396588594}
{"event": "COMPACT_RUNTIME_HASH", "boundary": "begin", "elapsed_seconds": 0.0, "item_count": 1941}
{"event": "COMPACT_RUNTIME_HASH", "boundary": "end", "elapsed_seconds": 0.3454901119694114, "item_count": 1941}
{"event": "COMPACT_TIMING", "stage": "images_outputs", "boundary": "end", "role": "query", "batch_start": 1504, "batch_size": 32, "seconds": 346.16348303481936}
{"event": "COMPACT_TIMING", "stage": "images_outputs", "boundary": "begin", "role": "query", "batch_start": 1536, "batch_size": 32, "seconds": 346.1644898499362}
{"event": "COMPACT_RUNTIME_HASH", "boundary": "begin", "elapsed_seconds": 0.0, "item_count": 1941}
{"event": "COMPACT_RUNTIME_HASH", "boundary": "end", "elapsed_seconds": 0.2826671898365021, "item_count": 1941}
{"event": "COMPACT_TIMING", "stage": "images_outputs", "boundary": "end", "role": "query", "batch_start": 1536, "batch_size": 32, "seconds": 347.2032379619777}
{"event": "COMPACT_TIMING", "stage": "images_outputs", "boundary": "begin", "role": "query", "batch_start": 1568, "batch_size": 32, "seconds": 347.20460693584755}
{"event": "COMPACT_RUNTIME_HASH", "boundary": "begin", "elapsed_seconds": 0.0, "item_count": 1941}
{"event": "COMPACT_RUNTIME_HASH", "boundary": "end", "elapsed_seconds": 0.3098716661334038, "item_count": 1941}
{"event": "COMPACT_TIMING", "stage": "images_outputs", "boundary": "end", "role": "query", "batch_start": 1568, "batch_size": 32, "seconds": 348.28822658909485}
{"event": "COMPACT_TIMING", "stage": "images_outputs", "boundary": "begin", "role": "query", "batch_start": 1600, "batch_size": 32, "seconds": 348.2901456579566}
{"event": "COMPACT_RUNTIME_HASH", "boundary": "begin", "elapsed_seconds": 0.0, "item_count": 1941}
{"event": "COMPACT_RUNTIME_HASH", "boundary": "end", "elapsed_seconds": 0.3034161380492151, "item_count": 1941}
{"event": "COMPACT_TIMING", "stage": "images_outputs", "boundary": "end", "role": "query", "batch_start": 1600, "batch_size": 32, "seconds": 349.38814332382753}
{"event": "COMPACT_TIMING", "stage": "images_outputs", "boundary": "begin", "role": "query", "batch_start": 1632, "batch_size": 32, "seconds": 349.3902020570822}
{"event": "COMPACT_RUNTIME_HASH", "boundary": "begin", "elapsed_seconds": 0.0, "item_count": 1941}
{"event": "COMPACT_RUNTIME_HASH", "boundary": "end", "elapsed_seconds": 0.4700565868988633, "item_count": 1941}
{"event": "COMPACT_TIMING", "stage": "images_outputs", "boundary": "end", "role": "query", "batch_start": 1632, "batch_size": 32, "seconds": 350.6359239099547}
{"event": "COMPACT_TIMING", "stage": "images_outputs", "boundary": "begin", "role": "query", "batch_start": 1664, "batch_size": 32, "seconds": 350.6377113792114}
{"event": "COMPACT_RUNTIME_HASH", "boundary": "begin", "elapsed_seconds": 0.0, "item_count": 1941}
{"event": "COMPACT_RUNTIME_HASH", "boundary": "end", "elapsed_seconds": 0.33083190862089396, "item_count": 1941}
{"event": "COMPACT_TIMING", "stage": "images_outputs", "boundary": "end", "role": "query", "batch_start": 1664, "batch_size": 32, "seconds": 351.81039243517444}
{"event": "COMPACT_TIMING", "stage": "images_outputs", "boundary": "begin", "role": "query", "batch_start": 1696, "batch_size": 32, "seconds": 351.8121505440213}
{"event": "COMPACT_RUNTIME_HASH", "boundary": "begin", "elapsed_seconds": 0.0, "item_count": 1941}
{"event": "COMPACT_RUNTIME_HASH", "boundary": "end", "elapsed_seconds": 0.29494295129552484, "item_count": 1941}
{"event": "COMPACT_TIMING", "stage": "images_outputs", "boundary": "end", "role": "query", "batch_start": 1696, "batch_size": 32, "seconds": 352.9092531572096}
{"event": "COMPACT_TIMING", "stage": "images_outputs", "boundary": "begin", "role": "query", "batch_start": 1728, "batch_size": 6, "seconds": 352.91106896288693}
{"event": "COMPACT_RUNTIME_HASH", "boundary": "begin", "elapsed_seconds": 0.0, "item_count": 1941}
{"event": "COMPACT_RUNTIME_HASH", "boundary": "end", "elapsed_seconds": 0.34388323593884706, "item_count": 1941}
{"event": "COMPACT_TIMING", "stage": "images_outputs", "boundary": "end", "role": "query", "batch_start": 1728, "batch_size": 6, "seconds": 353.68065810995176}
{"event": "COMPACT_TIMING", "stage": "images_outputs", "boundary": "begin", "role": "gallery", "batch_start": 0, "batch_size": 32, "seconds": 353.6807715338655}
{"event": "COMPACT_RUNTIME_HASH", "boundary": "begin", "elapsed_seconds": 0.0, "item_count": 1941}
{"event": "COMPACT_RUNTIME_HASH", "boundary": "end", "elapsed_seconds": 0.3210581629537046, "item_count": 1941}
{"event": "COMPACT_TIMING", "stage": "images_outputs", "boundary": "end", "role": "gallery", "batch_start": 0, "batch_size": 32, "seconds": 355.18893692689016}
{"event": "COMPACT_TIMING", "stage": "images_outputs", "boundary": "begin", "role": "gallery", "batch_start": 32, "batch_size": 32, "seconds": 355.19060146901757}
{"event": "COMPACT_RUNTIME_HASH", "boundary": "begin", "elapsed_seconds": 0.0, "item_count": 1941}
{"event": "COMPACT_RUNTIME_HASH", "boundary": "end", "elapsed_seconds": 0.32669585198163986, "item_count": 1941}
{"event": "COMPACT_TIMING", "stage": "images_outputs", "boundary": "end", "role": "gallery", "batch_start": 32, "batch_size": 32, "seconds": 356.28170522814617}
{"event": "COMPACT_TIMING", "stage": "images_outputs", "boundary": "begin", "role": "gallery", "batch_start": 64, "batch_size": 32, "seconds": 356.28385914489627}
{"event": "COMPACT_RUNTIME_HASH", "boundary": "begin", "elapsed_seconds": 0.0, "item_count": 1941}
{"event": "COMPACT_RUNTIME_HASH", "boundary": "end", "elapsed_seconds": 0.3449207078665495, "item_count": 1941}
{"event": "COMPACT_TIMING", "stage": "images_outputs", "boundary": "end", "role": "gallery", "batch_start": 64, "batch_size": 32, "seconds": 357.39320033602417}
{"event": "COMPACT_TIMING", "stage": "images_outputs", "boundary": "begin", "role": "gallery", "batch_start": 96, "batch_size": 32, "seconds": 357.3943805587478}
{"event": "COMPACT_RUNTIME_HASH", "boundary": "begin", "elapsed_seconds": 0.0, "item_count": 1941}
{"event": "COMPACT_RUNTIME_HASH", "boundary": "end", "elapsed_seconds": 0.32930572237819433, "item_count": 1941}
{"event": "COMPACT_TIMING", "stage": "images_outputs", "boundary": "end", "role": "gallery", "batch_start": 96, "batch_size": 32, "seconds": 358.5432889298536}
{"event": "COMPACT_TIMING", "stage": "images_outputs", "boundary": "begin", "role": "gallery", "batch_start": 128, "batch_size": 32, "seconds": 358.54516628803685}
{"event": "COMPACT_RUNTIME_HASH", "boundary": "begin", "elapsed_seconds": 0.0, "item_count": 1941}
{"event": "COMPACT_RUNTIME_HASH", "boundary": "end", "elapsed_seconds": 0.33796814177185297, "item_count": 1941}
{"event": "COMPACT_TIMING", "stage": "images_outputs", "boundary": "end", "role": "gallery", "batch_start": 128, "batch_size": 32, "seconds": 359.6596307209693}
{"event": "COMPACT_TIMING", "stage": "images_outputs", "boundary": "begin", "role": "gallery", "batch_start": 160, "batch_size": 32, "seconds": 359.66109527880326}
{"event": "COMPACT_RUNTIME_HASH", "boundary": "begin", "elapsed_seconds": 0.0, "item_count": 1941}
{"event": "COMPACT_RUNTIME_HASH", "boundary": "end", "elapsed_seconds": 0.30243273358792067, "item_count": 1941}
{"event": "COMPACT_TIMING", "stage": "images_outputs", "boundary": "end", "role": "gallery", "batch_start": 160, "batch_size": 32, "seconds": 360.74034187197685}
{"event": "COMPACT_TIMING", "stage": "images_outputs", "boundary": "begin", "role": "gallery", "batch_start": 192, "batch_size": 32, "seconds": 360.7416427670978}
{"event": "COMPACT_RUNTIME_HASH", "boundary": "begin", "elapsed_seconds": 0.0, "item_count": 1941}
{"event": "COMPACT_RUNTIME_HASH", "boundary": "end", "elapsed_seconds": 0.43375531025230885, "item_count": 1941}
{"event": "COMPACT_TIMING", "stage": "images_outputs", "boundary": "end", "role": "gallery", "batch_start": 192, "batch_size": 32, "seconds": 361.93226350005716}
{"event": "COMPACT_TIMING", "stage": "images_outputs", "boundary": "begin", "role": "gallery", "batch_start": 224, "batch_size": 32, "seconds": 361.9348920248449}
{"event": "COMPACT_RUNTIME_HASH", "boundary": "begin", "elapsed_seconds": 0.0, "item_count": 1941}
{"event": "COMPACT_RUNTIME_HASH", "boundary": "end", "elapsed_seconds": 0.3162678829394281, "item_count": 1941}
{"event": "COMPACT_TIMING", "stage": "images_outputs", "boundary": "end", "role": "gallery", "batch_start": 224, "batch_size": 32, "seconds": 363.02148419385776}
{"event": "COMPACT_TIMING", "stage": "images_outputs", "boundary": "begin", "role": "gallery", "batch_start": 256, "batch_size": 32, "seconds": 363.02275615977123}
{"event": "COMPACT_RUNTIME_HASH", "boundary": "begin", "elapsed_seconds": 0.0, "item_count": 1941}
{"event": "COMPACT_RUNTIME_HASH", "boundary": "end", "elapsed_seconds": 0.32634079782292247, "item_count": 1941}
{"event": "COMPACT_TIMING", "stage": "images_outputs", "boundary": "end", "role": "gallery", "batch_start": 256, "batch_size": 32, "seconds": 364.1354714939371}
{"event": "COMPACT_TIMING", "stage": "images_outputs", "boundary": "begin", "role": "gallery", "batch_start": 288, "batch_size": 32, "seconds": 364.1371661480516}
{"event": "COMPACT_RUNTIME_HASH", "boundary": "begin", "elapsed_seconds": 0.0, "item_count": 1941}
{"event": "COMPACT_RUNTIME_HASH", "boundary": "end", "elapsed_seconds": 0.28174956096336246, "item_count": 1941}
{"event": "COMPACT_TIMING", "stage": "images_outputs", "boundary": "end", "role": "gallery", "batch_start": 288, "batch_size": 32, "seconds": 365.2327496339567}
{"event": "COMPACT_TIMING", "stage": "images_outputs", "boundary": "begin", "role": "gallery", "batch_start": 320, "batch_size": 32, "seconds": 365.2352194869891}
{"event": "COMPACT_RUNTIME_HASH", "boundary": "begin", "elapsed_seconds": 0.0, "item_count": 1941}
{"event": "COMPACT_RUNTIME_HASH", "boundary": "end", "elapsed_seconds": 0.3327500377781689, "item_count": 1941}
{"event": "COMPACT_TIMING", "stage": "images_outputs", "boundary": "end", "role": "gallery", "batch_start": 320, "batch_size": 32, "seconds": 366.3516046097502}
{"event": "COMPACT_TIMING", "stage": "images_outputs", "boundary": "begin", "role": "gallery", "batch_start": 352, "batch_size": 32, "seconds": 366.3533554561436}
{"event": "COMPACT_RUNTIME_HASH", "boundary": "begin", "elapsed_seconds": 0.0, "item_count": 1941}
{"event": "COMPACT_RUNTIME_HASH", "boundary": "end", "elapsed_seconds": 0.3085491256788373, "item_count": 1941}
{"event": "COMPACT_TIMING", "stage": "images_outputs", "boundary": "end", "role": "gallery", "batch_start": 352, "batch_size": 32, "seconds": 367.43217866076156}
{"event": "COMPACT_TIMING", "stage": "images_outputs", "boundary": "begin", "role": "gallery", "batch_start": 384, "batch_size": 32, "seconds": 367.4333237479441}
{"event": "COMPACT_RUNTIME_HASH", "boundary": "begin", "elapsed_seconds": 0.0, "item_count": 1941}
{"event": "COMPACT_RUNTIME_HASH", "boundary": "end", "elapsed_seconds": 0.33738659182563424, "item_count": 1941}
{"event": "COMPACT_TIMING", "stage": "images_outputs", "boundary": "end", "role": "gallery", "batch_start": 384, "batch_size": 32, "seconds": 368.5257853679359}
{"event": "COMPACT_TIMING", "stage": "images_outputs", "boundary": "begin", "role": "gallery", "batch_start": 416, "batch_size": 32, "seconds": 368.5283685801551}
{"event": "COMPACT_RUNTIME_HASH", "boundary": "begin", "elapsed_seconds": 0.0, "item_count": 1941}
{"event": "COMPACT_RUNTIME_HASH", "boundary": "end", "elapsed_seconds": 0.30348025308921933, "item_count": 1941}
{"event": "COMPACT_TIMING", "stage": "images_outputs", "boundary": "end", "role": "gallery", "batch_start": 416, "batch_size": 32, "seconds": 369.60504276584834}
{"event": "COMPACT_TIMING", "stage": "images_outputs", "boundary": "begin", "role": "gallery", "batch_start": 448, "batch_size": 32, "seconds": 369.6074779462069}
{"event": "COMPACT_RUNTIME_HASH", "boundary": "begin", "elapsed_seconds": 0.0, "item_count": 1941}
{"event": "COMPACT_RUNTIME_HASH", "boundary": "end", "elapsed_seconds": 0.3020455180667341, "item_count": 1941}
{"event": "COMPACT_TIMING", "stage": "images_outputs", "boundary": "end", "role": "gallery", "batch_start": 448, "batch_size": 32, "seconds": 370.6971755870618}
{"event": "COMPACT_TIMING", "stage": "images_outputs", "boundary": "begin", "role": "gallery", "batch_start": 480, "batch_size": 32, "seconds": 370.69842820987105}
{"event": "COMPACT_RUNTIME_HASH", "boundary": "begin", "elapsed_seconds": 0.0, "item_count": 1941}
{"event": "COMPACT_RUNTIME_HASH", "boundary": "end", "elapsed_seconds": 0.3081443109549582, "item_count": 1941}
{"event": "COMPACT_TIMING", "stage": "images_outputs", "boundary": "end", "role": "gallery", "batch_start": 480, "batch_size": 32, "seconds": 371.796146384906}
{"event": "COMPACT_TIMING", "stage": "images_outputs", "boundary": "begin", "role": "gallery", "batch_start": 512, "batch_size": 32, "seconds": 371.7977081737481}
{"event": "COMPACT_RUNTIME_HASH", "boundary": "begin", "elapsed_seconds": 0.0, "item_count": 1941}
{"event": "COMPACT_RUNTIME_HASH", "boundary": "end", "elapsed_seconds": 0.2989949630573392, "item_count": 1941}
{"event": "COMPACT_TIMING", "stage": "images_outputs", "boundary": "end", "role": "gallery", "batch_start": 512, "batch_size": 32, "seconds": 372.88075692905113}
{"event": "COMPACT_TIMING", "stage": "images_outputs", "boundary": "begin", "role": "gallery", "batch_start": 544, "batch_size": 32, "seconds": 372.88208177499473}
{"event": "COMPACT_RUNTIME_HASH", "boundary": "begin", "elapsed_seconds": 0.0, "item_count": 1941}
{"event": "COMPACT_RUNTIME_HASH", "boundary": "end", "elapsed_seconds": 0.27393320482224226, "item_count": 1941}
{"event": "COMPACT_TIMING", "stage": "images_outputs", "boundary": "end", "role": "gallery", "batch_start": 544, "batch_size": 32, "seconds": 373.94975042296574}
{"event": "COMPACT_TIMING", "stage": "images_outputs", "boundary": "begin", "role": "gallery", "batch_start": 576, "batch_size": 32, "seconds": 373.9517868049443}
{"event": "COMPACT_RUNTIME_HASH", "boundary": "begin", "elapsed_seconds": 0.0, "item_count": 1941}
{"event": "COMPACT_RUNTIME_HASH", "boundary": "end", "elapsed_seconds": 0.5203530378639698, "item_count": 1941}
{"event": "COMPACT_TIMING", "stage": "images_outputs", "boundary": "end", "role": "gallery", "batch_start": 576, "batch_size": 32, "seconds": 375.2862913068384}
{"event": "COMPACT_TIMING", "stage": "images_outputs", "boundary": "begin", "role": "gallery", "batch_start": 608, "batch_size": 32, "seconds": 375.28814775310457}
{"event": "COMPACT_RUNTIME_HASH", "boundary": "begin", "elapsed_seconds": 0.0, "item_count": 1941}
{"event": "COMPACT_RUNTIME_HASH", "boundary": "end", "elapsed_seconds": 0.33586032316088676, "item_count": 1941}
{"event": "COMPACT_TIMING", "stage": "images_outputs", "boundary": "end", "role": "gallery", "batch_start": 608, "batch_size": 32, "seconds": 376.42295896913856}
{"event": "COMPACT_TIMING", "stage": "images_outputs", "boundary": "begin", "role": "gallery", "batch_start": 640, "batch_size": 32, "seconds": 376.4250108702108}
{"event": "COMPACT_RUNTIME_HASH", "boundary": "begin", "elapsed_seconds": 0.0, "item_count": 1941}
{"event": "COMPACT_RUNTIME_HASH", "boundary": "end", "elapsed_seconds": 0.32264797296375036, "item_count": 1941}
{"event": "COMPACT_TIMING", "stage": "images_outputs", "boundary": "end", "role": "gallery", "batch_start": 640, "batch_size": 32, "seconds": 377.53873094683513}
{"event": "COMPACT_TIMING", "stage": "images_outputs", "boundary": "begin", "role": "gallery", "batch_start": 672, "batch_size": 32, "seconds": 377.5405043847859}
{"event": "COMPACT_RUNTIME_HASH", "boundary": "begin", "elapsed_seconds": 0.0, "item_count": 1941}
{"event": "COMPACT_RUNTIME_HASH", "boundary": "end", "elapsed_seconds": 0.3332282789051533, "item_count": 1941}
{"event": "COMPACT_TIMING", "stage": "images_outputs", "boundary": "end", "role": "gallery", "batch_start": 672, "batch_size": 32, "seconds": 378.6443572589196}
{"event": "COMPACT_TIMING", "stage": "images_outputs", "boundary": "begin", "role": "gallery", "batch_start": 704, "batch_size": 32, "seconds": 378.64758389489725}
{"event": "COMPACT_RUNTIME_HASH", "boundary": "begin", "elapsed_seconds": 0.0, "item_count": 1941}
{"event": "COMPACT_RUNTIME_HASH", "boundary": "end", "elapsed_seconds": 0.3212800552137196, "item_count": 1941}
{"event": "COMPACT_TIMING", "stage": "images_outputs", "boundary": "end", "role": "gallery", "batch_start": 704, "batch_size": 32, "seconds": 379.73991236882284}
{"event": "COMPACT_TIMING", "stage": "images_outputs", "boundary": "begin", "role": "gallery", "batch_start": 736, "batch_size": 32, "seconds": 379.74167489493266}
{"event": "COMPACT_RUNTIME_HASH", "boundary": "begin", "elapsed_seconds": 0.0, "item_count": 1941}
{"event": "COMPACT_RUNTIME_HASH", "boundary": "end", "elapsed_seconds": 0.2956877681426704, "item_count": 1941}
{"event": "COMPACT_TIMING", "stage": "images_outputs", "boundary": "end", "role": "gallery", "batch_start": 736, "batch_size": 32, "seconds": 380.8029718911275}
{"event": "COMPACT_TIMING", "stage": "images_outputs", "boundary": "begin", "role": "gallery", "batch_start": 768, "batch_size": 32, "seconds": 380.80442081717774}
{"event": "COMPACT_RUNTIME_HASH", "boundary": "begin", "elapsed_seconds": 0.0, "item_count": 1941}
{"event": "COMPACT_RUNTIME_HASH", "boundary": "end", "elapsed_seconds": 0.32822658913210034, "item_count": 1941}
{"event": "COMPACT_TIMING", "stage": "images_outputs", "boundary": "end", "role": "gallery", "batch_start": 768, "batch_size": 32, "seconds": 381.9062552959658}
{"event": "COMPACT_TIMING", "stage": "images_outputs", "boundary": "begin", "role": "gallery", "batch_start": 800, "batch_size": 32, "seconds": 381.908149309922}
{"event": "COMPACT_RUNTIME_HASH", "boundary": "begin", "elapsed_seconds": 0.0, "item_count": 1941}
{"event": "COMPACT_RUNTIME_HASH", "boundary": "end", "elapsed_seconds": 0.3137299851514399, "item_count": 1941}
{"event": "COMPACT_TIMING", "stage": "images_outputs", "boundary": "end", "role": "gallery", "batch_start": 800, "batch_size": 32, "seconds": 383.01722990814596}
{"event": "COMPACT_TIMING", "stage": "images_outputs", "boundary": "begin", "role": "gallery", "batch_start": 832, "batch_size": 32, "seconds": 383.01895217690617}
{"event": "COMPACT_RUNTIME_HASH", "boundary": "begin", "elapsed_seconds": 0.0, "item_count": 1941}
{"event": "COMPACT_RUNTIME_HASH", "boundary": "end", "elapsed_seconds": 0.30006670765578747, "item_count": 1941}
{"event": "COMPACT_TIMING", "stage": "images_outputs", "boundary": "end", "role": "gallery", "batch_start": 832, "batch_size": 32, "seconds": 384.1064588841982}
{"event": "COMPACT_TIMING", "stage": "images_outputs", "boundary": "begin", "role": "gallery", "batch_start": 864, "batch_size": 32, "seconds": 384.107101442758}
{"event": "COMPACT_RUNTIME_HASH", "boundary": "begin", "elapsed_seconds": 0.0, "item_count": 1941}
{"event": "COMPACT_RUNTIME_HASH", "boundary": "end", "elapsed_seconds": 0.29554376984015107, "item_count": 1941}
{"event": "COMPACT_TIMING", "stage": "images_outputs", "boundary": "end", "role": "gallery", "batch_start": 864, "batch_size": 32, "seconds": 385.16270936094224}
{"event": "COMPACT_TIMING", "stage": "images_outputs", "boundary": "begin", "role": "gallery", "batch_start": 896, "batch_size": 32, "seconds": 385.1635588798672}
{"event": "COMPACT_RUNTIME_HASH", "boundary": "begin", "elapsed_seconds": 0.0, "item_count": 1941}
{"event": "COMPACT_RUNTIME_HASH", "boundary": "end", "elapsed_seconds": 0.3115856358781457, "item_count": 1941}
{"event": "COMPACT_TIMING", "stage": "images_outputs", "boundary": "end", "role": "gallery", "batch_start": 896, "batch_size": 32, "seconds": 386.2371430788189}
{"event": "COMPACT_TIMING", "stage": "images_outputs", "boundary": "begin", "role": "gallery", "batch_start": 928, "batch_size": 32, "seconds": 386.2384733809158}
{"event": "COMPACT_RUNTIME_HASH", "boundary": "begin", "elapsed_seconds": 0.0, "item_count": 1941}
{"event": "COMPACT_RUNTIME_HASH", "boundary": "end", "elapsed_seconds": 0.3306936430744827, "item_count": 1941}
{"event": "COMPACT_TIMING", "stage": "images_outputs", "boundary": "end", "role": "gallery", "batch_start": 928, "batch_size": 32, "seconds": 387.3252534507774}
{"event": "COMPACT_TIMING", "stage": "images_outputs", "boundary": "begin", "role": "gallery", "batch_start": 960, "batch_size": 32, "seconds": 387.3277011117898}
{"event": "COMPACT_RUNTIME_HASH", "boundary": "begin", "elapsed_seconds": 0.0, "item_count": 1941}
{"event": "COMPACT_RUNTIME_HASH", "boundary": "end", "elapsed_seconds": 0.5026670009829104, "item_count": 1941}
{"event": "COMPACT_TIMING", "stage": "images_outputs", "boundary": "end", "role": "gallery", "batch_start": 960, "batch_size": 32, "seconds": 388.6225649868138}
{"event": "COMPACT_TIMING", "stage": "images_outputs", "boundary": "begin", "role": "gallery", "batch_start": 992, "batch_size": 32, "seconds": 388.6240989048965}
{"event": "COMPACT_RUNTIME_HASH", "boundary": "begin", "elapsed_seconds": 0.0, "item_count": 1941}
{"event": "COMPACT_RUNTIME_HASH", "boundary": "end", "elapsed_seconds": 0.30835336865857244, "item_count": 1941}
{"event": "COMPACT_TIMING", "stage": "images_outputs", "boundary": "end", "role": "gallery", "batch_start": 992, "batch_size": 32, "seconds": 389.7139760758728}
{"event": "COMPACT_TIMING", "stage": "images_outputs", "boundary": "begin", "role": "gallery", "batch_start": 1024, "batch_size": 32, "seconds": 389.71565105021}
{"event": "COMPACT_RUNTIME_HASH", "boundary": "begin", "elapsed_seconds": 0.0, "item_count": 1941}
{"event": "COMPACT_RUNTIME_HASH", "boundary": "end", "elapsed_seconds": 0.3239153167232871, "item_count": 1941}
{"event": "COMPACT_TIMING", "stage": "images_outputs", "boundary": "end", "role": "gallery", "batch_start": 1024, "batch_size": 32, "seconds": 390.8377545149997}
{"event": "COMPACT_TIMING", "stage": "images_outputs", "boundary": "begin", "role": "gallery", "batch_start": 1056, "batch_size": 32, "seconds": 390.8395159691572}
{"event": "COMPACT_RUNTIME_HASH", "boundary": "begin", "elapsed_seconds": 0.0, "item_count": 1941}
{"event": "COMPACT_RUNTIME_HASH", "boundary": "end", "elapsed_seconds": 0.3315457389689982, "item_count": 1941}
{"event": "COMPACT_TIMING", "stage": "images_outputs", "boundary": "end", "role": "gallery", "batch_start": 1056, "batch_size": 32, "seconds": 391.9426084998995}
{"event": "COMPACT_TIMING", "stage": "images_outputs", "boundary": "begin", "role": "gallery", "batch_start": 1088, "batch_size": 32, "seconds": 391.9434110908769}
{"event": "COMPACT_RUNTIME_HASH", "boundary": "begin", "elapsed_seconds": 0.0, "item_count": 1941}
{"event": "COMPACT_RUNTIME_HASH", "boundary": "end", "elapsed_seconds": 0.33303640969097614, "item_count": 1941}
{"event": "COMPACT_TIMING", "stage": "images_outputs", "boundary": "end", "role": "gallery", "batch_start": 1088, "batch_size": 32, "seconds": 393.04730378091335}
{"event": "COMPACT_TIMING", "stage": "images_outputs", "boundary": "begin", "role": "gallery", "batch_start": 1120, "batch_size": 32, "seconds": 393.04829518683255}
{"event": "COMPACT_RUNTIME_HASH", "boundary": "begin", "elapsed_seconds": 0.0, "item_count": 1941}
{"event": "COMPACT_RUNTIME_HASH", "boundary": "end", "elapsed_seconds": 0.3505019871518016, "item_count": 1941}
{"event": "COMPACT_TIMING", "stage": "images_outputs", "boundary": "end", "role": "gallery", "batch_start": 1120, "batch_size": 32, "seconds": 394.16679707495496}
{"event": "COMPACT_TIMING", "stage": "images_outputs", "boundary": "begin", "role": "gallery", "batch_start": 1152, "batch_size": 32, "seconds": 394.16850227303803}
{"event": "COMPACT_RUNTIME_HASH", "boundary": "begin", "elapsed_seconds": 0.0, "item_count": 1941}
{"event": "COMPACT_RUNTIME_HASH", "boundary": "end", "elapsed_seconds": 0.33693750901147723, "item_count": 1941}
{"event": "COMPACT_TIMING", "stage": "images_outputs", "boundary": "end", "role": "gallery", "batch_start": 1152, "batch_size": 32, "seconds": 395.31332663819194}
{"event": "COMPACT_TIMING", "stage": "images_outputs", "boundary": "begin", "role": "gallery", "batch_start": 1184, "batch_size": 32, "seconds": 395.3150041401386}
{"event": "COMPACT_RUNTIME_HASH", "boundary": "begin", "elapsed_seconds": 0.0, "item_count": 1941}
{"event": "COMPACT_RUNTIME_HASH", "boundary": "end", "elapsed_seconds": 0.3239572700113058, "item_count": 1941}
{"event": "COMPACT_TIMING", "stage": "images_outputs", "boundary": "end", "role": "gallery", "batch_start": 1184, "batch_size": 32, "seconds": 396.4212847650051}
{"event": "COMPACT_TIMING", "stage": "images_outputs", "boundary": "begin", "role": "gallery", "batch_start": 1216, "batch_size": 32, "seconds": 396.4225042988546}
{"event": "COMPACT_RUNTIME_HASH", "boundary": "begin", "elapsed_seconds": 0.0, "item_count": 1941}
{"event": "COMPACT_RUNTIME_HASH", "boundary": "end", "elapsed_seconds": 0.29792282497510314, "item_count": 1941}
{"event": "COMPACT_TIMING", "stage": "images_outputs", "boundary": "end", "role": "gallery", "batch_start": 1216, "batch_size": 32, "seconds": 397.50213252799585}
{"event": "COMPACT_TIMING", "stage": "images_outputs", "boundary": "begin", "role": "gallery", "batch_start": 1248, "batch_size": 32, "seconds": 397.50369511777535}
{"event": "COMPACT_RUNTIME_HASH", "boundary": "begin", "elapsed_seconds": 0.0, "item_count": 1941}
{"event": "COMPACT_RUNTIME_HASH", "boundary": "end", "elapsed_seconds": 0.4717423557303846, "item_count": 1941}
{"event": "COMPACT_TIMING", "stage": "images_outputs", "boundary": "end", "role": "gallery", "batch_start": 1248, "batch_size": 32, "seconds": 398.7447830871679}
{"event": "COMPACT_TIMING", "stage": "images_outputs", "boundary": "begin", "role": "gallery", "batch_start": 1280, "batch_size": 32, "seconds": 398.74625671701506}
{"event": "COMPACT_RUNTIME_HASH", "boundary": "begin", "elapsed_seconds": 0.0, "item_count": 1941}
{"event": "COMPACT_RUNTIME_HASH", "boundary": "end", "elapsed_seconds": 0.3254604679532349, "item_count": 1941}
{"event": "COMPACT_TIMING", "stage": "images_outputs", "boundary": "end", "role": "gallery", "batch_start": 1280, "batch_size": 32, "seconds": 399.8464672709815}
{"event": "COMPACT_TIMING", "stage": "images_outputs", "boundary": "begin", "role": "gallery", "batch_start": 1312, "batch_size": 32, "seconds": 399.8483208208345}
{"event": "COMPACT_RUNTIME_HASH", "boundary": "begin", "elapsed_seconds": 0.0, "item_count": 1941}
{"event": "COMPACT_RUNTIME_HASH", "boundary": "end", "elapsed_seconds": 0.2864745198749006, "item_count": 1941}
{"event": "COMPACT_TIMING", "stage": "images_outputs", "boundary": "end", "role": "gallery", "batch_start": 1312, "batch_size": 32, "seconds": 400.92567274998873}
{"event": "COMPACT_TIMING", "stage": "images_outputs", "boundary": "begin", "role": "gallery", "batch_start": 1344, "batch_size": 32, "seconds": 400.92855125805363}
{"event": "COMPACT_RUNTIME_HASH", "boundary": "begin", "elapsed_seconds": 0.0, "item_count": 1941}
{"event": "COMPACT_RUNTIME_HASH", "boundary": "end", "elapsed_seconds": 0.27999502420425415, "item_count": 1941}
{"event": "COMPACT_TIMING", "stage": "images_outputs", "boundary": "end", "role": "gallery", "batch_start": 1344, "batch_size": 32, "seconds": 401.9927831739187}
{"event": "COMPACT_TIMING", "stage": "images_outputs", "boundary": "begin", "role": "gallery", "batch_start": 1376, "batch_size": 32, "seconds": 401.9952813461423}
{"event": "COMPACT_RUNTIME_HASH", "boundary": "begin", "elapsed_seconds": 0.0, "item_count": 1941}
{"event": "COMPACT_RUNTIME_HASH", "boundary": "end", "elapsed_seconds": 0.3052590237930417, "item_count": 1941}
{"event": "COMPACT_TIMING", "stage": "images_outputs", "boundary": "end", "role": "gallery", "batch_start": 1376, "batch_size": 32, "seconds": 403.0751339448616}
{"event": "COMPACT_TIMING", "stage": "images_outputs", "boundary": "begin", "role": "gallery", "batch_start": 1408, "batch_size": 32, "seconds": 403.0773512227461}
{"event": "COMPACT_RUNTIME_HASH", "boundary": "begin", "elapsed_seconds": 0.0, "item_count": 1941}
{"event": "COMPACT_RUNTIME_HASH", "boundary": "end", "elapsed_seconds": 0.3197960127145052, "item_count": 1941}
{"event": "COMPACT_TIMING", "stage": "images_outputs", "boundary": "end", "role": "gallery", "batch_start": 1408, "batch_size": 32, "seconds": 404.18760720593855}
{"event": "COMPACT_TIMING", "stage": "images_outputs", "boundary": "begin", "role": "gallery", "batch_start": 1440, "batch_size": 32, "seconds": 404.1894083879888}
{"event": "COMPACT_RUNTIME_HASH", "boundary": "begin", "elapsed_seconds": 0.0, "item_count": 1941}
{"event": "COMPACT_RUNTIME_HASH", "boundary": "end", "elapsed_seconds": 0.3524596500210464, "item_count": 1941}
{"event": "COMPACT_TIMING", "stage": "images_outputs", "boundary": "end", "role": "gallery", "batch_start": 1440, "batch_size": 32, "seconds": 405.33177186595276}
{"event": "COMPACT_TIMING", "stage": "images_outputs", "boundary": "begin", "role": "gallery", "batch_start": 1472, "batch_size": 32, "seconds": 405.3339743427932}
{"event": "COMPACT_RUNTIME_HASH", "boundary": "begin", "elapsed_seconds": 0.0, "item_count": 1941}
{"event": "COMPACT_RUNTIME_HASH", "boundary": "end", "elapsed_seconds": 0.30826257169246674, "item_count": 1941}
{"event": "COMPACT_TIMING", "stage": "images_outputs", "boundary": "end", "role": "gallery", "batch_start": 1472, "batch_size": 32, "seconds": 406.44698386080563}
{"event": "COMPACT_TIMING", "stage": "images_outputs", "boundary": "begin", "role": "gallery", "batch_start": 1504, "batch_size": 32, "seconds": 406.4479505950585}
{"event": "COMPACT_RUNTIME_HASH", "boundary": "begin", "elapsed_seconds": 0.0, "item_count": 1941}
{"event": "COMPACT_RUNTIME_HASH", "boundary": "end", "elapsed_seconds": 0.33186857402324677, "item_count": 1941}
{"event": "COMPACT_TIMING", "stage": "images_outputs", "boundary": "end", "role": "gallery", "batch_start": 1504, "batch_size": 32, "seconds": 407.55071302317083}
{"event": "COMPACT_TIMING", "stage": "images_outputs", "boundary": "begin", "role": "gallery", "batch_start": 1536, "batch_size": 32, "seconds": 407.5528646358289}
{"event": "COMPACT_RUNTIME_HASH", "boundary": "begin", "elapsed_seconds": 0.0, "item_count": 1941}
{"event": "COMPACT_RUNTIME_HASH", "boundary": "end", "elapsed_seconds": 0.2916806098073721, "item_count": 1941}
{"event": "COMPACT_TIMING", "stage": "images_outputs", "boundary": "end", "role": "gallery", "batch_start": 1536, "batch_size": 32, "seconds": 408.6284794830717}
{"event": "COMPACT_TIMING", "stage": "images_outputs", "boundary": "begin", "role": "gallery", "batch_start": 1568, "batch_size": 32, "seconds": 408.62921193102375}
{"event": "COMPACT_RUNTIME_HASH", "boundary": "begin", "elapsed_seconds": 0.0, "item_count": 1941}
{"event": "COMPACT_RUNTIME_HASH", "boundary": "end", "elapsed_seconds": 0.4615886122919619, "item_count": 1941}
{"event": "COMPACT_TIMING", "stage": "images_outputs", "boundary": "end", "role": "gallery", "batch_start": 1568, "batch_size": 32, "seconds": 409.8499182527885}
{"event": "COMPACT_TIMING", "stage": "images_outputs", "boundary": "begin", "role": "gallery", "batch_start": 1600, "batch_size": 32, "seconds": 409.85116484295577}
{"event": "COMPACT_RUNTIME_HASH", "boundary": "begin", "elapsed_seconds": 0.0, "item_count": 1941}
{"event": "COMPACT_RUNTIME_HASH", "boundary": "end", "elapsed_seconds": 0.3071705740876496, "item_count": 1941}
{"event": "COMPACT_TIMING", "stage": "images_outputs", "boundary": "end", "role": "gallery", "batch_start": 1600, "batch_size": 32, "seconds": 410.93125606980175}
{"event": "COMPACT_TIMING", "stage": "images_outputs", "boundary": "begin", "role": "gallery", "batch_start": 1632, "batch_size": 32, "seconds": 410.93258589180186}
{"event": "COMPACT_RUNTIME_HASH", "boundary": "begin", "elapsed_seconds": 0.0, "item_count": 1941}
{"event": "COMPACT_RUNTIME_HASH", "boundary": "end", "elapsed_seconds": 0.308376619592309, "item_count": 1941}
{"event": "COMPACT_TIMING", "stage": "images_outputs", "boundary": "end", "role": "gallery", "batch_start": 1632, "batch_size": 32, "seconds": 412.02314853016287}
{"event": "COMPACT_TIMING", "stage": "images_outputs", "boundary": "begin", "role": "gallery", "batch_start": 1664, "batch_size": 32, "seconds": 412.0254367031157}
{"event": "COMPACT_RUNTIME_HASH", "boundary": "begin", "elapsed_seconds": 0.0, "item_count": 1941}
{"event": "COMPACT_RUNTIME_HASH", "boundary": "end", "elapsed_seconds": 0.30929650785401464, "item_count": 1941}
{"event": "COMPACT_TIMING", "stage": "images_outputs", "boundary": "end", "role": "gallery", "batch_start": 1664, "batch_size": 32, "seconds": 413.1330493828282}
{"event": "COMPACT_TIMING", "stage": "images_outputs", "boundary": "begin", "role": "gallery", "batch_start": 1696, "batch_size": 19, "seconds": 413.1349385641515}
{"event": "COMPACT_RUNTIME_HASH", "boundary": "begin", "elapsed_seconds": 0.0, "item_count": 1941}
{"event": "COMPACT_RUNTIME_HASH", "boundary": "end", "elapsed_seconds": 0.3113202010281384, "item_count": 1941}
{"event": "COMPACT_TIMING", "stage": "images_outputs", "boundary": "end", "role": "gallery", "batch_start": 1696, "batch_size": 19, "seconds": 413.9441265948117}
{"event": "COMPACT_TIMING", "stage": "export_pass", "boundary": "end", "pass_index": 0, "seconds": 413.9462290080264}
{"event": "COMPACT_TIMING", "stage": "postpass_endpoint_facts", "boundary": "begin", "pass_index": 0, "seconds": 413.9462710721418}
{"event": "COMPACT_TIMING", "stage": "postpass_endpoint_facts", "boundary": "end", "pass_index": 0, "seconds": 414.89634952601045}
{"event": "COMPACT_TIMING", "stage": "postpass_audit", "boundary": "begin", "pass_index": 0, "seconds": 414.8963965177536}
{"event": "COMPACT_TIMING", "stage": "postpass_audit", "boundary": "end", "pass_index": 0, "seconds": 421.6119400919415}
{"event": "COMPACT_TIMING", "stage": "loader", "boundary": "begin", "pass_index": 1, "seconds": 421.80161939701065}
{"event": "COMPACT_RUNTIME_HASH", "boundary": "begin", "elapsed_seconds": 0.0, "item_count": 1941}
{"event": "COMPACT_RUNTIME_HASH", "boundary": "end", "elapsed_seconds": 0.29021915839985013, "item_count": 1941}
{"event": "COMPACT_TIMING", "stage": "loader", "boundary": "end", "pass_index": 1, "seconds": 434.71395915094763}
{"event": "COMPACT_TIMING", "stage": "endpoint_facts", "boundary": "begin", "pass_index": 1, "seconds": 434.71403033519164}
{"event": "COMPACT_TIMING", "stage": "endpoint_facts", "boundary": "end", "pass_index": 1, "seconds": 435.98975788103417}
{"event": "COMPACT_TIMING", "stage": "witness", "boundary": "begin", "pass_index": 1, "seconds": 435.98981546377763}
{"event": "COMPACT_RUNTIME_HASH", "boundary": "begin", "elapsed_seconds": 0.0, "item_count": 1941}
{"event": "COMPACT_RUNTIME_HASH", "boundary": "end", "elapsed_seconds": 0.2884042337536812, "item_count": 1941}
{"event": "COMPACT_TIMING", "stage": "witness", "boundary": "end", "pass_index": 1, "seconds": 437.08763012103736}
{"event": "COMPACT_TIMING", "stage": "diagnostic", "boundary": "begin", "pass_index": 1, "seconds": 437.08769925683737}
{"event": "COMPACT_RUNTIME_HASH", "boundary": "begin", "elapsed_seconds": 0.0, "item_count": 1941}
{"event": "COMPACT_RUNTIME_HASH", "boundary": "end", "elapsed_seconds": 0.33369711926206946, "item_count": 1941}
{"event": "COMPACT_RUNTIME_HASH", "boundary": "begin", "elapsed_seconds": 0.0, "item_count": 1941}
{"event": "COMPACT_RUNTIME_HASH", "boundary": "end", "elapsed_seconds": 0.3161790622398257, "item_count": 1941}
{"event": "COMPACT_RUNTIME_HASH", "boundary": "begin", "elapsed_seconds": 0.0, "item_count": 1941}
{"event": "COMPACT_RUNTIME_HASH", "boundary": "end", "elapsed_seconds": 0.33965602423995733, "item_count": 1941}
{"event": "COMPACT_RUNTIME_HASH", "boundary": "begin", "elapsed_seconds": 0.0, "item_count": 1941}
{"event": "COMPACT_RUNTIME_HASH", "boundary": "end", "elapsed_seconds": 0.3370569720864296, "item_count": 1941}
{"event": "COMPACT_RUNTIME_HASH", "boundary": "begin", "elapsed_seconds": 0.0, "item_count": 1941}
{"event": "COMPACT_RUNTIME_HASH", "boundary": "end", "elapsed_seconds": 0.27294311905279756, "item_count": 1941}
{"event": "COMPACT_RUNTIME_HASH", "boundary": "begin", "elapsed_seconds": 0.0, "item_count": 1941}
{"event": "COMPACT_RUNTIME_HASH", "boundary": "end", "elapsed_seconds": 0.3470484307035804, "item_count": 1941}
{"event": "COMPACT_RUNTIME_HASH", "boundary": "begin", "elapsed_seconds": 0.0, "item_count": 1941}
{"event": "COMPACT_RUNTIME_HASH", "boundary": "end", "elapsed_seconds": 0.3430440998636186, "item_count": 1941}
{"event": "COMPACT_RUNTIME_HASH", "boundary": "begin", "elapsed_seconds": 0.0, "item_count": 1941}
{"event": "COMPACT_RUNTIME_HASH", "boundary": "end", "elapsed_seconds": 0.2975968951359391, "item_count": 1941}
{"event": "COMPACT_RUNTIME_HASH", "boundary": "begin", "elapsed_seconds": 0.0, "item_count": 1941}
{"event": "COMPACT_RUNTIME_HASH", "boundary": "end", "elapsed_seconds": 0.3424513009376824, "item_count": 1941}
{"event": "COMPACT_RUNTIME_HASH", "boundary": "begin", "elapsed_seconds": 0.0, "item_count": 1941}
{"event": "COMPACT_RUNTIME_HASH", "boundary": "end", "elapsed_seconds": 0.3027192084118724, "item_count": 1941}
{"event": "COMPACT_RUNTIME_HASH", "boundary": "begin", "elapsed_seconds": 0.0, "item_count": 1941}
{"event": "COMPACT_RUNTIME_HASH", "boundary": "end", "elapsed_seconds": 0.3217415362596512, "item_count": 1941}
{"event": "COMPACT_RUNTIME_HASH", "boundary": "begin", "elapsed_seconds": 0.0, "item_count": 1941}
{"event": "COMPACT_RUNTIME_HASH", "boundary": "end", "elapsed_seconds": 0.4845487819984555, "item_count": 1941}
{"event": "COMPACT_TIMING", "stage": "diagnostic", "boundary": "end", "pass_index": 1, "seconds": 446.7913326029666}
{"event": "COMPACT_TIMING", "stage": "export_pass", "boundary": "begin", "pass_index": 1, "seconds": 446.791372762993}
{"event": "COMPACT_TIMING", "stage": "images_outputs", "boundary": "begin", "role": "query", "batch_start": 0, "batch_size": 32, "seconds": 446.7913941391744}
{"event": "COMPACT_RUNTIME_HASH", "boundary": "begin", "elapsed_seconds": 0.0, "item_count": 1941}
{"event": "COMPACT_RUNTIME_HASH", "boundary": "end", "elapsed_seconds": 0.3398273838683963, "item_count": 1941}
{"event": "COMPACT_TIMING", "stage": "images_outputs", "boundary": "end", "role": "query", "batch_start": 0, "batch_size": 32, "seconds": 448.3142316280864}
{"event": "COMPACT_TIMING", "stage": "images_outputs", "boundary": "begin", "role": "query", "batch_start": 32, "batch_size": 32, "seconds": 448.3159910328686}
{"event": "COMPACT_RUNTIME_HASH", "boundary": "begin", "elapsed_seconds": 0.0, "item_count": 1941}
{"event": "COMPACT_RUNTIME_HASH", "boundary": "end", "elapsed_seconds": 0.34425987489521503, "item_count": 1941}
{"event": "COMPACT_TIMING", "stage": "images_outputs", "boundary": "end", "role": "query", "batch_start": 32, "batch_size": 32, "seconds": 449.4349628048949}
{"event": "COMPACT_TIMING", "stage": "images_outputs", "boundary": "begin", "role": "query", "batch_start": 64, "batch_size": 32, "seconds": 449.43718081805855}
{"event": "COMPACT_RUNTIME_HASH", "boundary": "begin", "elapsed_seconds": 0.0, "item_count": 1941}
{"event": "COMPACT_RUNTIME_HASH", "boundary": "end", "elapsed_seconds": 0.28669202979654074, "item_count": 1941}
{"event": "COMPACT_TIMING", "stage": "images_outputs", "boundary": "end", "role": "query", "batch_start": 64, "batch_size": 32, "seconds": 450.47993697598577}
{"event": "COMPACT_TIMING", "stage": "images_outputs", "boundary": "begin", "role": "query", "batch_start": 96, "batch_size": 32, "seconds": 450.48191071720794}
{"event": "COMPACT_RUNTIME_HASH", "boundary": "begin", "elapsed_seconds": 0.0, "item_count": 1941}
{"event": "COMPACT_RUNTIME_HASH", "boundary": "end", "elapsed_seconds": 0.33149552484974265, "item_count": 1941}
{"event": "COMPACT_TIMING", "stage": "images_outputs", "boundary": "end", "role": "query", "batch_start": 96, "batch_size": 32, "seconds": 451.5720431031659}
{"event": "COMPACT_TIMING", "stage": "images_outputs", "boundary": "begin", "role": "query", "batch_start": 128, "batch_size": 32, "seconds": 451.57367474911734}
{"event": "COMPACT_RUNTIME_HASH", "boundary": "begin", "elapsed_seconds": 0.0, "item_count": 1941}
{"event": "COMPACT_RUNTIME_HASH", "boundary": "end", "elapsed_seconds": 0.33358966605737805, "item_count": 1941}
{"event": "COMPACT_TIMING", "stage": "images_outputs", "boundary": "end", "role": "query", "batch_start": 128, "batch_size": 32, "seconds": 452.6756323510781}
{"event": "COMPACT_TIMING", "stage": "images_outputs", "boundary": "begin", "role": "query", "batch_start": 160, "batch_size": 32, "seconds": 452.6770123820752}
{"event": "COMPACT_RUNTIME_HASH", "boundary": "begin", "elapsed_seconds": 0.0, "item_count": 1941}
{"event": "COMPACT_RUNTIME_HASH", "boundary": "end", "elapsed_seconds": 0.34259976586326957, "item_count": 1941}
{"event": "COMPACT_TIMING", "stage": "images_outputs", "boundary": "end", "role": "query", "batch_start": 160, "batch_size": 32, "seconds": 453.7799119837582}
{"event": "COMPACT_TIMING", "stage": "images_outputs", "boundary": "begin", "role": "query", "batch_start": 192, "batch_size": 32, "seconds": 453.78024391876534}
{"event": "COMPACT_RUNTIME_HASH", "boundary": "begin", "elapsed_seconds": 0.0, "item_count": 1941}
{"event": "COMPACT_RUNTIME_HASH", "boundary": "end", "elapsed_seconds": 0.27073813090100884, "item_count": 1941}
{"event": "COMPACT_TIMING", "stage": "images_outputs", "boundary": "end", "role": "query", "batch_start": 192, "batch_size": 32, "seconds": 454.8258723318577}
{"event": "COMPACT_TIMING", "stage": "images_outputs", "boundary": "begin", "role": "query", "batch_start": 224, "batch_size": 32, "seconds": 454.8272091941908}
{"event": "COMPACT_RUNTIME_HASH", "boundary": "begin", "elapsed_seconds": 0.0, "item_count": 1941}
{"event": "COMPACT_RUNTIME_HASH", "boundary": "end", "elapsed_seconds": 0.320182915776968, "item_count": 1941}
{"event": "COMPACT_TIMING", "stage": "images_outputs", "boundary": "end", "role": "query", "batch_start": 224, "batch_size": 32, "seconds": 455.91852210788056}
{"event": "COMPACT_TIMING", "stage": "images_outputs", "boundary": "begin", "role": "query", "batch_start": 256, "batch_size": 32, "seconds": 455.9194072592072}
{"event": "COMPACT_RUNTIME_HASH", "boundary": "begin", "elapsed_seconds": 0.0, "item_count": 1941}
{"event": "COMPACT_RUNTIME_HASH", "boundary": "end", "elapsed_seconds": 0.4338305126875639, "item_count": 1941}
{"event": "COMPACT_TIMING", "stage": "images_outputs", "boundary": "end", "role": "query", "batch_start": 256, "batch_size": 32, "seconds": 457.10003528976813}
{"event": "COMPACT_TIMING", "stage": "images_outputs", "boundary": "begin", "role": "query", "batch_start": 288, "batch_size": 32, "seconds": 457.1008462491445}
{"event": "COMPACT_RUNTIME_HASH", "boundary": "begin", "elapsed_seconds": 0.0, "item_count": 1941}
{"event": "COMPACT_RUNTIME_HASH", "boundary": "end", "elapsed_seconds": 0.30755760287865996, "item_count": 1941}
{"event": "COMPACT_TIMING", "stage": "images_outputs", "boundary": "end", "role": "query", "batch_start": 288, "batch_size": 32, "seconds": 458.1826310479082}
{"event": "COMPACT_TIMING", "stage": "images_outputs", "boundary": "begin", "role": "query", "batch_start": 320, "batch_size": 32, "seconds": 458.18372861482203}
{"event": "COMPACT_RUNTIME_HASH", "boundary": "begin", "elapsed_seconds": 0.0, "item_count": 1941}
{"event": "COMPACT_RUNTIME_HASH", "boundary": "end", "elapsed_seconds": 0.2909528249874711, "item_count": 1941}
{"event": "COMPACT_TIMING", "stage": "images_outputs", "boundary": "end", "role": "query", "batch_start": 320, "batch_size": 32, "seconds": 459.227433944121}
{"event": "COMPACT_TIMING", "stage": "images_outputs", "boundary": "begin", "role": "query", "batch_start": 352, "batch_size": 32, "seconds": 459.229096069932}
{"event": "COMPACT_RUNTIME_HASH", "boundary": "begin", "elapsed_seconds": 0.0, "item_count": 1941}
{"event": "COMPACT_RUNTIME_HASH", "boundary": "end", "elapsed_seconds": 0.3326373640447855, "item_count": 1941}
{"event": "COMPACT_TIMING", "stage": "images_outputs", "boundary": "end", "role": "query", "batch_start": 352, "batch_size": 32, "seconds": 460.30028625996783}
{"event": "COMPACT_TIMING", "stage": "images_outputs", "boundary": "begin", "role": "query", "batch_start": 384, "batch_size": 32, "seconds": 460.3019140982069}
{"event": "COMPACT_RUNTIME_HASH", "boundary": "begin", "elapsed_seconds": 0.0, "item_count": 1941}
{"event": "COMPACT_RUNTIME_HASH", "boundary": "end", "elapsed_seconds": 0.34902835125103593, "item_count": 1941}
{"event": "COMPACT_TIMING", "stage": "images_outputs", "boundary": "end", "role": "query", "batch_start": 384, "batch_size": 32, "seconds": 461.41537695378065}
{"event": "COMPACT_TIMING", "stage": "images_outputs", "boundary": "begin", "role": "query", "batch_start": 416, "batch_size": 32, "seconds": 461.41692508012056}
{"event": "COMPACT_RUNTIME_HASH", "boundary": "begin", "elapsed_seconds": 0.0, "item_count": 1941}
{"event": "COMPACT_RUNTIME_HASH", "boundary": "end", "elapsed_seconds": 0.28679254418239, "item_count": 1941}
{"event": "COMPACT_TIMING", "stage": "images_outputs", "boundary": "end", "role": "query", "batch_start": 416, "batch_size": 32, "seconds": 462.47462890390307}
{"event": "COMPACT_TIMING", "stage": "images_outputs", "boundary": "begin", "role": "query", "batch_start": 448, "batch_size": 32, "seconds": 462.4754762467928}
{"event": "COMPACT_RUNTIME_HASH", "boundary": "begin", "elapsed_seconds": 0.0, "item_count": 1941}
{"event": "COMPACT_RUNTIME_HASH", "boundary": "end", "elapsed_seconds": 0.2928146948106587, "item_count": 1941}
{"event": "COMPACT_TIMING", "stage": "images_outputs", "boundary": "end", "role": "query", "batch_start": 448, "batch_size": 32, "seconds": 463.54236442781985}
{"event": "COMPACT_TIMING", "stage": "images_outputs", "boundary": "begin", "role": "query", "batch_start": 480, "batch_size": 32, "seconds": 463.5431394027546}
{"event": "COMPACT_RUNTIME_HASH", "boundary": "begin", "elapsed_seconds": 0.0, "item_count": 1941}
{"event": "COMPACT_RUNTIME_HASH", "boundary": "end", "elapsed_seconds": 0.32883223285898566, "item_count": 1941}
{"event": "COMPACT_TIMING", "stage": "images_outputs", "boundary": "end", "role": "query", "batch_start": 480, "batch_size": 32, "seconds": 464.63344040187076}
{"event": "COMPACT_TIMING", "stage": "images_outputs", "boundary": "begin", "role": "query", "batch_start": 512, "batch_size": 32, "seconds": 464.6348027680069}
{"event": "COMPACT_RUNTIME_HASH", "boundary": "begin", "elapsed_seconds": 0.0, "item_count": 1941}
{"event": "COMPACT_RUNTIME_HASH", "boundary": "end", "elapsed_seconds": 0.29274055222049356, "item_count": 1941}
{"event": "COMPACT_TIMING", "stage": "images_outputs", "boundary": "end", "role": "query", "batch_start": 512, "batch_size": 32, "seconds": 465.6796837300062}
{"event": "COMPACT_TIMING", "stage": "images_outputs", "boundary": "begin", "role": "query", "batch_start": 544, "batch_size": 32, "seconds": 465.6810233290307}
{"event": "COMPACT_RUNTIME_HASH", "boundary": "begin", "elapsed_seconds": 0.0, "item_count": 1941}
{"event": "COMPACT_RUNTIME_HASH", "boundary": "end", "elapsed_seconds": 0.34223242523148656, "item_count": 1941}
{"event": "COMPACT_TIMING", "stage": "images_outputs", "boundary": "end", "role": "query", "batch_start": 544, "batch_size": 32, "seconds": 466.76530419290066}
{"event": "COMPACT_TIMING", "stage": "images_outputs", "boundary": "begin", "role": "query", "batch_start": 576, "batch_size": 32, "seconds": 466.7671921737492}
{"event": "COMPACT_RUNTIME_HASH", "boundary": "begin", "elapsed_seconds": 0.0, "item_count": 1941}
{"event": "COMPACT_RUNTIME_HASH", "boundary": "end", "elapsed_seconds": 0.4812114299274981, "item_count": 1941}
{"event": "COMPACT_TIMING", "stage": "images_outputs", "boundary": "end", "role": "query", "batch_start": 576, "batch_size": 32, "seconds": 468.0188641678542}
{"event": "COMPACT_TIMING", "stage": "images_outputs", "boundary": "begin", "role": "query", "batch_start": 608, "batch_size": 32, "seconds": 468.0207175258547}
{"event": "COMPACT_RUNTIME_HASH", "boundary": "begin", "elapsed_seconds": 0.0, "item_count": 1941}
{"event": "COMPACT_RUNTIME_HASH", "boundary": "end", "elapsed_seconds": 0.34430862963199615, "item_count": 1941}
{"event": "COMPACT_TIMING", "stage": "images_outputs", "boundary": "end", "role": "query", "batch_start": 608, "batch_size": 32, "seconds": 469.1400114498101}
{"event": "COMPACT_TIMING", "stage": "images_outputs", "boundary": "begin", "role": "query", "batch_start": 640, "batch_size": 32, "seconds": 469.140904169064}
{"event": "COMPACT_RUNTIME_HASH", "boundary": "begin", "elapsed_seconds": 0.0, "item_count": 1941}
{"event": "COMPACT_RUNTIME_HASH", "boundary": "end", "elapsed_seconds": 0.3294198168441653, "item_count": 1941}
{"event": "COMPACT_TIMING", "stage": "images_outputs", "boundary": "end", "role": "query", "batch_start": 640, "batch_size": 32, "seconds": 470.2305005630478}
{"event": "COMPACT_TIMING", "stage": "images_outputs", "boundary": "begin", "role": "query", "batch_start": 672, "batch_size": 32, "seconds": 470.2314422898926}
{"event": "COMPACT_RUNTIME_HASH", "boundary": "begin", "elapsed_seconds": 0.0, "item_count": 1941}
{"event": "COMPACT_RUNTIME_HASH", "boundary": "end", "elapsed_seconds": 0.294153175316751, "item_count": 1941}
{"event": "COMPACT_TIMING", "stage": "images_outputs", "boundary": "end", "role": "query", "batch_start": 672, "batch_size": 32, "seconds": 471.28543604305014}
{"event": "COMPACT_TIMING", "stage": "images_outputs", "boundary": "begin", "role": "query", "batch_start": 704, "batch_size": 32, "seconds": 471.28632245818153}
{"event": "COMPACT_RUNTIME_HASH", "boundary": "begin", "elapsed_seconds": 0.0, "item_count": 1941}
{"event": "COMPACT_RUNTIME_HASH", "boundary": "end", "elapsed_seconds": 0.34220889024436474, "item_count": 1941}
{"event": "COMPACT_TIMING", "stage": "images_outputs", "boundary": "end", "role": "query", "batch_start": 704, "batch_size": 32, "seconds": 472.37797816284}
{"event": "COMPACT_TIMING", "stage": "images_outputs", "boundary": "begin", "role": "query", "batch_start": 736, "batch_size": 32, "seconds": 472.3801590721123}
{"event": "COMPACT_RUNTIME_HASH", "boundary": "begin", "elapsed_seconds": 0.0, "item_count": 1941}
{"event": "COMPACT_RUNTIME_HASH", "boundary": "end", "elapsed_seconds": 0.3366703847423196, "item_count": 1941}
{"event": "COMPACT_TIMING", "stage": "images_outputs", "boundary": "end", "role": "query", "batch_start": 736, "batch_size": 32, "seconds": 473.4681008309126}
{"event": "COMPACT_TIMING", "stage": "images_outputs", "boundary": "begin", "role": "query", "batch_start": 768, "batch_size": 32, "seconds": 473.4693240611814}
{"event": "COMPACT_RUNTIME_HASH", "boundary": "begin", "elapsed_seconds": 0.0, "item_count": 1941}
{"event": "COMPACT_RUNTIME_HASH", "boundary": "end", "elapsed_seconds": 0.31501833302900195, "item_count": 1941}
{"event": "COMPACT_TIMING", "stage": "images_outputs", "boundary": "end", "role": "query", "batch_start": 768, "batch_size": 32, "seconds": 474.54232295881957}
{"event": "COMPACT_TIMING", "stage": "images_outputs", "boundary": "begin", "role": "query", "batch_start": 800, "batch_size": 32, "seconds": 474.5447483318858}
{"event": "COMPACT_RUNTIME_HASH", "boundary": "begin", "elapsed_seconds": 0.0, "item_count": 1941}
{"event": "COMPACT_RUNTIME_HASH", "boundary": "end", "elapsed_seconds": 0.3199955588206649, "item_count": 1941}
{"event": "COMPACT_TIMING", "stage": "images_outputs", "boundary": "end", "role": "query", "batch_start": 800, "batch_size": 32, "seconds": 475.62511355709285}
{"event": "COMPACT_TIMING", "stage": "images_outputs", "boundary": "begin", "role": "query", "batch_start": 832, "batch_size": 32, "seconds": 475.62643574690446}
{"event": "COMPACT_RUNTIME_HASH", "boundary": "begin", "elapsed_seconds": 0.0, "item_count": 1941}
{"event": "COMPACT_RUNTIME_HASH", "boundary": "end", "elapsed_seconds": 0.2883417750708759, "item_count": 1941}
{"event": "COMPACT_TIMING", "stage": "images_outputs", "boundary": "end", "role": "query", "batch_start": 832, "batch_size": 32, "seconds": 476.6694420441054}
{"event": "COMPACT_TIMING", "stage": "images_outputs", "boundary": "begin", "role": "query", "batch_start": 864, "batch_size": 32, "seconds": 476.67080628313124}
{"event": "COMPACT_RUNTIME_HASH", "boundary": "begin", "elapsed_seconds": 0.0, "item_count": 1941}
{"event": "COMPACT_RUNTIME_HASH", "boundary": "end", "elapsed_seconds": 0.3219734597951174, "item_count": 1941}
{"event": "COMPACT_TIMING", "stage": "images_outputs", "boundary": "end", "role": "query", "batch_start": 864, "batch_size": 32, "seconds": 477.7406511059962}
{"event": "COMPACT_TIMING", "stage": "images_outputs", "boundary": "begin", "role": "query", "batch_start": 896, "batch_size": 32, "seconds": 477.7412619050592}
{"event": "COMPACT_RUNTIME_HASH", "boundary": "begin", "elapsed_seconds": 0.0, "item_count": 1941}
{"event": "COMPACT_RUNTIME_HASH", "boundary": "end", "elapsed_seconds": 0.34627976501360536, "item_count": 1941}
{"event": "COMPACT_TIMING", "stage": "images_outputs", "boundary": "end", "role": "query", "batch_start": 896, "batch_size": 32, "seconds": 478.8551796488464}
{"event": "COMPACT_TIMING", "stage": "images_outputs", "boundary": "begin", "role": "query", "batch_start": 928, "batch_size": 32, "seconds": 478.85693073505536}
{"event": "COMPACT_RUNTIME_HASH", "boundary": "begin", "elapsed_seconds": 0.0, "item_count": 1941}
{"event": "COMPACT_RUNTIME_HASH", "boundary": "end", "elapsed_seconds": 0.33893756614997983, "item_count": 1941}
{"event": "COMPACT_TIMING", "stage": "images_outputs", "boundary": "end", "role": "query", "batch_start": 928, "batch_size": 32, "seconds": 479.9617068259977}
{"event": "COMPACT_TIMING", "stage": "images_outputs", "boundary": "begin", "role": "query", "batch_start": 960, "batch_size": 32, "seconds": 479.96270816912875}
{"event": "COMPACT_RUNTIME_HASH", "boundary": "begin", "elapsed_seconds": 0.0, "item_count": 1941}
{"event": "COMPACT_RUNTIME_HASH", "boundary": "end", "elapsed_seconds": 0.4598230291157961, "item_count": 1941}
{"event": "COMPACT_TIMING", "stage": "images_outputs", "boundary": "end", "role": "query", "batch_start": 960, "batch_size": 32, "seconds": 481.17327217385173}
{"event": "COMPACT_TIMING", "stage": "images_outputs", "boundary": "begin", "role": "query", "batch_start": 992, "batch_size": 32, "seconds": 481.1739579648711}
{"event": "COMPACT_RUNTIME_HASH", "boundary": "begin", "elapsed_seconds": 0.0, "item_count": 1941}
{"event": "COMPACT_RUNTIME_HASH", "boundary": "end", "elapsed_seconds": 0.29969689808785915, "item_count": 1941}
{"event": "COMPACT_TIMING", "stage": "images_outputs", "boundary": "end", "role": "query", "batch_start": 992, "batch_size": 32, "seconds": 482.2360010407865}
{"event": "COMPACT_TIMING", "stage": "images_outputs", "boundary": "begin", "role": "query", "batch_start": 1024, "batch_size": 32, "seconds": 482.2370454389602}
{"event": "COMPACT_RUNTIME_HASH", "boundary": "begin", "elapsed_seconds": 0.0, "item_count": 1941}
{"event": "COMPACT_RUNTIME_HASH", "boundary": "end", "elapsed_seconds": 0.32196742901578546, "item_count": 1941}
{"event": "COMPACT_TIMING", "stage": "images_outputs", "boundary": "end", "role": "query", "batch_start": 1024, "batch_size": 32, "seconds": 483.3180367308669}
{"event": "COMPACT_TIMING", "stage": "images_outputs", "boundary": "begin", "role": "query", "batch_start": 1056, "batch_size": 32, "seconds": 483.3203351441771}
{"event": "COMPACT_RUNTIME_HASH", "boundary": "begin", "elapsed_seconds": 0.0, "item_count": 1941}
{"event": "COMPACT_RUNTIME_HASH", "boundary": "end", "elapsed_seconds": 0.27759785298258066, "item_count": 1941}
{"event": "COMPACT_TIMING", "stage": "images_outputs", "boundary": "end", "role": "query", "batch_start": 1056, "batch_size": 32, "seconds": 484.3667992800474}
{"event": "COMPACT_TIMING", "stage": "images_outputs", "boundary": "begin", "role": "query", "batch_start": 1088, "batch_size": 32, "seconds": 484.3682364788838}
{"event": "COMPACT_RUNTIME_HASH", "boundary": "begin", "elapsed_seconds": 0.0, "item_count": 1941}
{"event": "COMPACT_RUNTIME_HASH", "boundary": "end", "elapsed_seconds": 0.30598273035138845, "item_count": 1941}
{"event": "COMPACT_TIMING", "stage": "images_outputs", "boundary": "end", "role": "query", "batch_start": 1088, "batch_size": 32, "seconds": 485.444610720966}
{"event": "COMPACT_TIMING", "stage": "images_outputs", "boundary": "begin", "role": "query", "batch_start": 1120, "batch_size": 32, "seconds": 485.4465756630525}
{"event": "COMPACT_RUNTIME_HASH", "boundary": "begin", "elapsed_seconds": 0.0, "item_count": 1941}
{"event": "COMPACT_RUNTIME_HASH", "boundary": "end", "elapsed_seconds": 0.304085083771497, "item_count": 1941}
{"event": "COMPACT_TIMING", "stage": "images_outputs", "boundary": "end", "role": "query", "batch_start": 1120, "batch_size": 32, "seconds": 486.51693562511355}
{"event": "COMPACT_TIMING", "stage": "images_outputs", "boundary": "begin", "role": "query", "batch_start": 1152, "batch_size": 32, "seconds": 486.52024038881063}
{"event": "COMPACT_RUNTIME_HASH", "boundary": "begin", "elapsed_seconds": 0.0, "item_count": 1941}
{"event": "COMPACT_RUNTIME_HASH", "boundary": "end", "elapsed_seconds": 0.30119327921420336, "item_count": 1941}
{"event": "COMPACT_TIMING", "stage": "images_outputs", "boundary": "end", "role": "query", "batch_start": 1152, "batch_size": 32, "seconds": 487.5811404120177}
{"event": "COMPACT_TIMING", "stage": "images_outputs", "boundary": "begin", "role": "query", "batch_start": 1184, "batch_size": 32, "seconds": 487.58226197911426}
{"event": "COMPACT_RUNTIME_HASH", "boundary": "begin", "elapsed_seconds": 0.0, "item_count": 1941}
{"event": "COMPACT_RUNTIME_HASH", "boundary": "end", "elapsed_seconds": 0.3050200273282826, "item_count": 1941}
{"event": "COMPACT_TIMING", "stage": "images_outputs", "boundary": "end", "role": "query", "batch_start": 1184, "batch_size": 32, "seconds": 488.65502387518063}
{"event": "COMPACT_TIMING", "stage": "images_outputs", "boundary": "begin", "role": "query", "batch_start": 1216, "batch_size": 32, "seconds": 488.65648576105013}
{"event": "COMPACT_RUNTIME_HASH", "boundary": "begin", "elapsed_seconds": 0.0, "item_count": 1941}
{"event": "COMPACT_RUNTIME_HASH", "boundary": "end", "elapsed_seconds": 0.3270318228751421, "item_count": 1941}
{"event": "COMPACT_TIMING", "stage": "images_outputs", "boundary": "end", "role": "query", "batch_start": 1216, "batch_size": 32, "seconds": 489.7392307971604}
{"event": "COMPACT_TIMING", "stage": "images_outputs", "boundary": "begin", "role": "query", "batch_start": 1248, "batch_size": 32, "seconds": 489.74157463386655}
{"event": "COMPACT_RUNTIME_HASH", "boundary": "begin", "elapsed_seconds": 0.0, "item_count": 1941}
{"event": "COMPACT_RUNTIME_HASH", "boundary": "end", "elapsed_seconds": 0.32095213513821363, "item_count": 1941}
{"event": "COMPACT_TIMING", "stage": "images_outputs", "boundary": "end", "role": "query", "batch_start": 1248, "batch_size": 32, "seconds": 490.83373444294557}
{"event": "COMPACT_TIMING", "stage": "images_outputs", "boundary": "begin", "role": "query", "batch_start": 1280, "batch_size": 32, "seconds": 490.83668144699186}
{"event": "COMPACT_RUNTIME_HASH", "boundary": "begin", "elapsed_seconds": 0.0, "item_count": 1941}
{"event": "COMPACT_RUNTIME_HASH", "boundary": "end", "elapsed_seconds": 0.32883524522185326, "item_count": 1941}
{"event": "COMPACT_TIMING", "stage": "images_outputs", "boundary": "end", "role": "query", "batch_start": 1280, "batch_size": 32, "seconds": 491.9302665977739}
{"event": "COMPACT_TIMING", "stage": "images_outputs", "boundary": "begin", "role": "query", "batch_start": 1312, "batch_size": 32, "seconds": 491.9318880517967}
{"event": "COMPACT_RUNTIME_HASH", "boundary": "begin", "elapsed_seconds": 0.0, "item_count": 1941}
{"event": "COMPACT_RUNTIME_HASH", "boundary": "end", "elapsed_seconds": 0.295041817240417, "item_count": 1941}
{"event": "COMPACT_TIMING", "stage": "images_outputs", "boundary": "end", "role": "query", "batch_start": 1312, "batch_size": 32, "seconds": 492.98748814780265}
{"event": "COMPACT_TIMING", "stage": "images_outputs", "boundary": "begin", "role": "query", "batch_start": 1344, "batch_size": 32, "seconds": 492.987786131911}
{"event": "COMPACT_RUNTIME_HASH", "boundary": "begin", "elapsed_seconds": 0.0, "item_count": 1941}
{"event": "COMPACT_RUNTIME_HASH", "boundary": "end", "elapsed_seconds": 0.46850042697042227, "item_count": 1941}
{"event": "COMPACT_TIMING", "stage": "images_outputs", "boundary": "end", "role": "query", "batch_start": 1344, "batch_size": 32, "seconds": 494.235541312024}
{"event": "COMPACT_TIMING", "stage": "images_outputs", "boundary": "begin", "role": "query", "batch_start": 1376, "batch_size": 32, "seconds": 494.2370249261148}
{"event": "COMPACT_RUNTIME_HASH", "boundary": "begin", "elapsed_seconds": 0.0, "item_count": 1941}
{"event": "COMPACT_RUNTIME_HASH", "boundary": "end", "elapsed_seconds": 0.32736369501799345, "item_count": 1941}
{"event": "COMPACT_TIMING", "stage": "images_outputs", "boundary": "end", "role": "query", "batch_start": 1376, "batch_size": 32, "seconds": 495.3432443351485}
{"event": "COMPACT_TIMING", "stage": "images_outputs", "boundary": "begin", "role": "query", "batch_start": 1408, "batch_size": 32, "seconds": 495.3449976928532}
{"event": "COMPACT_RUNTIME_HASH", "boundary": "begin", "elapsed_seconds": 0.0, "item_count": 1941}
{"event": "COMPACT_RUNTIME_HASH", "boundary": "end", "elapsed_seconds": 0.35557441180571914, "item_count": 1941}
{"event": "COMPACT_TIMING", "stage": "images_outputs", "boundary": "end", "role": "query", "batch_start": 1408, "batch_size": 32, "seconds": 496.45932592311874}
{"event": "COMPACT_TIMING", "stage": "images_outputs", "boundary": "begin", "role": "query", "batch_start": 1440, "batch_size": 32, "seconds": 496.46062814584}
{"event": "COMPACT_RUNTIME_HASH", "boundary": "begin", "elapsed_seconds": 0.0, "item_count": 1941}
{"event": "COMPACT_RUNTIME_HASH", "boundary": "end", "elapsed_seconds": 0.2932083480991423, "item_count": 1941}
{"event": "COMPACT_TIMING", "stage": "images_outputs", "boundary": "end", "role": "query", "batch_start": 1440, "batch_size": 32, "seconds": 497.56086644297466}
{"event": "COMPACT_TIMING", "stage": "images_outputs", "boundary": "begin", "role": "query", "batch_start": 1472, "batch_size": 32, "seconds": 497.5633802958764}
{"event": "COMPACT_RUNTIME_HASH", "boundary": "begin", "elapsed_seconds": 0.0, "item_count": 1941}
{"event": "COMPACT_RUNTIME_HASH", "boundary": "end", "elapsed_seconds": 0.2719934303313494, "item_count": 1941}
{"event": "COMPACT_TIMING", "stage": "images_outputs", "boundary": "end", "role": "query", "batch_start": 1472, "batch_size": 32, "seconds": 498.5969933979213}
{"event": "COMPACT_TIMING", "stage": "images_outputs", "boundary": "begin", "role": "query", "batch_start": 1504, "batch_size": 32, "seconds": 498.59843984479085}
{"event": "COMPACT_RUNTIME_HASH", "boundary": "begin", "elapsed_seconds": 0.0, "item_count": 1941}
{"event": "COMPACT_RUNTIME_HASH", "boundary": "end", "elapsed_seconds": 0.30049064196646214, "item_count": 1941}
{"event": "COMPACT_TIMING", "stage": "images_outputs", "boundary": "end", "role": "query", "batch_start": 1504, "batch_size": 32, "seconds": 499.672173040919}
{"event": "COMPACT_TIMING", "stage": "images_outputs", "boundary": "begin", "role": "query", "batch_start": 1536, "batch_size": 32, "seconds": 499.6740354700014}
{"event": "COMPACT_RUNTIME_HASH", "boundary": "begin", "elapsed_seconds": 0.0, "item_count": 1941}
{"event": "COMPACT_RUNTIME_HASH", "boundary": "end", "elapsed_seconds": 0.3392129768617451, "item_count": 1941}
{"event": "COMPACT_TIMING", "stage": "images_outputs", "boundary": "end", "role": "query", "batch_start": 1536, "batch_size": 32, "seconds": 500.7856329069473}
{"event": "COMPACT_TIMING", "stage": "images_outputs", "boundary": "begin", "role": "query", "batch_start": 1568, "batch_size": 32, "seconds": 500.78618997801095}
{"event": "COMPACT_RUNTIME_HASH", "boundary": "begin", "elapsed_seconds": 0.0, "item_count": 1941}
{"event": "COMPACT_RUNTIME_HASH", "boundary": "end", "elapsed_seconds": 0.3046234371140599, "item_count": 1941}
{"event": "COMPACT_TIMING", "stage": "images_outputs", "boundary": "end", "role": "query", "batch_start": 1568, "batch_size": 32, "seconds": 501.86435140902176}
{"event": "COMPACT_TIMING", "stage": "images_outputs", "boundary": "begin", "role": "query", "batch_start": 1600, "batch_size": 32, "seconds": 501.8656894881278}
{"event": "COMPACT_RUNTIME_HASH", "boundary": "begin", "elapsed_seconds": 0.0, "item_count": 1941}
{"event": "COMPACT_RUNTIME_HASH", "boundary": "end", "elapsed_seconds": 0.3482609009370208, "item_count": 1941}
{"event": "COMPACT_TIMING", "stage": "images_outputs", "boundary": "end", "role": "query", "batch_start": 1600, "batch_size": 32, "seconds": 502.9834540691227}
{"event": "COMPACT_TIMING", "stage": "images_outputs", "boundary": "begin", "role": "query", "batch_start": 1632, "batch_size": 32, "seconds": 502.9857626417652}
{"event": "COMPACT_RUNTIME_HASH", "boundary": "begin", "elapsed_seconds": 0.0, "item_count": 1941}
{"event": "COMPACT_RUNTIME_HASH", "boundary": "end", "elapsed_seconds": 0.4490360217168927, "item_count": 1941}
{"event": "COMPACT_TIMING", "stage": "images_outputs", "boundary": "end", "role": "query", "batch_start": 1632, "batch_size": 32, "seconds": 504.19267567107454}
{"event": "COMPACT_TIMING", "stage": "images_outputs", "boundary": "begin", "role": "query", "batch_start": 1664, "batch_size": 32, "seconds": 504.19406995689496}
{"event": "COMPACT_RUNTIME_HASH", "boundary": "begin", "elapsed_seconds": 0.0, "item_count": 1941}
{"event": "COMPACT_RUNTIME_HASH", "boundary": "end", "elapsed_seconds": 0.29780510999262333, "item_count": 1941}
{"event": "COMPACT_TIMING", "stage": "images_outputs", "boundary": "end", "role": "query", "batch_start": 1664, "batch_size": 32, "seconds": 505.2569913449697}
{"event": "COMPACT_TIMING", "stage": "images_outputs", "boundary": "begin", "role": "query", "batch_start": 1696, "batch_size": 32, "seconds": 505.2596736927517}
{"event": "COMPACT_RUNTIME_HASH", "boundary": "begin", "elapsed_seconds": 0.0, "item_count": 1941}
{"event": "COMPACT_RUNTIME_HASH", "boundary": "end", "elapsed_seconds": 0.3248565481044352, "item_count": 1941}
{"event": "COMPACT_TIMING", "stage": "images_outputs", "boundary": "end", "role": "query", "batch_start": 1696, "batch_size": 32, "seconds": 506.3555518081412}
{"event": "COMPACT_TIMING", "stage": "images_outputs", "boundary": "begin", "role": "query", "batch_start": 1728, "batch_size": 6, "seconds": 506.35744257317856}
{"event": "COMPACT_RUNTIME_HASH", "boundary": "begin", "elapsed_seconds": 0.0, "item_count": 1941}
{"event": "COMPACT_RUNTIME_HASH", "boundary": "end", "elapsed_seconds": 0.2784345420077443, "item_count": 1941}
{"event": "COMPACT_TIMING", "stage": "images_outputs", "boundary": "end", "role": "query", "batch_start": 1728, "batch_size": 6, "seconds": 507.05098046176136}
{"event": "COMPACT_TIMING", "stage": "images_outputs", "boundary": "begin", "role": "gallery", "batch_start": 0, "batch_size": 32, "seconds": 507.0510737900622}
{"event": "COMPACT_RUNTIME_HASH", "boundary": "begin", "elapsed_seconds": 0.0, "item_count": 1941}
{"event": "COMPACT_RUNTIME_HASH", "boundary": "end", "elapsed_seconds": 0.3137233951129019, "item_count": 1941}
{"event": "COMPACT_TIMING", "stage": "images_outputs", "boundary": "end", "role": "gallery", "batch_start": 0, "batch_size": 32, "seconds": 508.51836327509955}
{"event": "COMPACT_TIMING", "stage": "images_outputs", "boundary": "begin", "role": "gallery", "batch_start": 32, "batch_size": 32, "seconds": 508.5217504389584}
{"event": "COMPACT_RUNTIME_HASH", "boundary": "begin", "elapsed_seconds": 0.0, "item_count": 1941}
{"event": "COMPACT_RUNTIME_HASH", "boundary": "end", "elapsed_seconds": 0.32671470614150167, "item_count": 1941}
{"event": "COMPACT_TIMING", "stage": "images_outputs", "boundary": "end", "role": "gallery", "batch_start": 32, "batch_size": 32, "seconds": 509.61386950314045}
{"event": "COMPACT_TIMING", "stage": "images_outputs", "boundary": "begin", "role": "gallery", "batch_start": 64, "batch_size": 32, "seconds": 509.61512687802315}
{"event": "COMPACT_RUNTIME_HASH", "boundary": "begin", "elapsed_seconds": 0.0, "item_count": 1941}
{"event": "COMPACT_RUNTIME_HASH", "boundary": "end", "elapsed_seconds": 0.3346932400017977, "item_count": 1941}
{"event": "COMPACT_TIMING", "stage": "images_outputs", "boundary": "end", "role": "gallery", "batch_start": 64, "batch_size": 32, "seconds": 510.71266399975866}
{"event": "COMPACT_TIMING", "stage": "images_outputs", "boundary": "begin", "role": "gallery", "batch_start": 96, "batch_size": 32, "seconds": 510.713880606927}
{"event": "COMPACT_RUNTIME_HASH", "boundary": "begin", "elapsed_seconds": 0.0, "item_count": 1941}
{"event": "COMPACT_RUNTIME_HASH", "boundary": "end", "elapsed_seconds": 0.2886285940185189, "item_count": 1941}
{"event": "COMPACT_TIMING", "stage": "images_outputs", "boundary": "end", "role": "gallery", "batch_start": 96, "batch_size": 32, "seconds": 511.77713980479166}
{"event": "COMPACT_TIMING", "stage": "images_outputs", "boundary": "begin", "role": "gallery", "batch_start": 128, "batch_size": 32, "seconds": 511.77799591608346}
{"event": "COMPACT_RUNTIME_HASH", "boundary": "begin", "elapsed_seconds": 0.0, "item_count": 1941}
{"event": "COMPACT_RUNTIME_HASH", "boundary": "end", "elapsed_seconds": 0.3518473790027201, "item_count": 1941}
{"event": "COMPACT_TIMING", "stage": "images_outputs", "boundary": "end", "role": "gallery", "batch_start": 128, "batch_size": 32, "seconds": 512.8929022490047}
{"event": "COMPACT_TIMING", "stage": "images_outputs", "boundary": "begin", "role": "gallery", "batch_start": 160, "batch_size": 32, "seconds": 512.8952752701007}
{"event": "COMPACT_RUNTIME_HASH", "boundary": "begin", "elapsed_seconds": 0.0, "item_count": 1941}
{"event": "COMPACT_RUNTIME_HASH", "boundary": "end", "elapsed_seconds": 0.34919587802141905, "item_count": 1941}
{"event": "COMPACT_TIMING", "stage": "images_outputs", "boundary": "end", "role": "gallery", "batch_start": 160, "batch_size": 32, "seconds": 514.0008231671527}
{"event": "COMPACT_TIMING", "stage": "images_outputs", "boundary": "begin", "role": "gallery", "batch_start": 192, "batch_size": 32, "seconds": 514.0022401101887}
{"event": "COMPACT_RUNTIME_HASH", "boundary": "begin", "elapsed_seconds": 0.0, "item_count": 1941}
{"event": "COMPACT_RUNTIME_HASH", "boundary": "end", "elapsed_seconds": 0.4616750958375633, "item_count": 1941}
{"event": "COMPACT_TIMING", "stage": "images_outputs", "boundary": "end", "role": "gallery", "batch_start": 192, "batch_size": 32, "seconds": 515.2330277529545}
{"event": "COMPACT_TIMING", "stage": "images_outputs", "boundary": "begin", "role": "gallery", "batch_start": 224, "batch_size": 32, "seconds": 515.2342567597516}
{"event": "COMPACT_RUNTIME_HASH", "boundary": "begin", "elapsed_seconds": 0.0, "item_count": 1941}
{"event": "COMPACT_RUNTIME_HASH", "boundary": "end", "elapsed_seconds": 0.3520189789123833, "item_count": 1941}
{"event": "COMPACT_TIMING", "stage": "images_outputs", "boundary": "end", "role": "gallery", "batch_start": 224, "batch_size": 32, "seconds": 516.3373581487685}
{"event": "COMPACT_TIMING", "stage": "images_outputs", "boundary": "begin", "role": "gallery", "batch_start": 256, "batch_size": 32, "seconds": 516.3386378441937}
{"event": "COMPACT_RUNTIME_HASH", "boundary": "begin", "elapsed_seconds": 0.0, "item_count": 1941}
{"event": "COMPACT_RUNTIME_HASH", "boundary": "end", "elapsed_seconds": 0.3403709139674902, "item_count": 1941}
{"event": "COMPACT_TIMING", "stage": "images_outputs", "boundary": "end", "role": "gallery", "batch_start": 256, "batch_size": 32, "seconds": 517.421743306797}
{"event": "COMPACT_TIMING", "stage": "images_outputs", "boundary": "begin", "role": "gallery", "batch_start": 288, "batch_size": 32, "seconds": 517.4228033381514}
{"event": "COMPACT_RUNTIME_HASH", "boundary": "begin", "elapsed_seconds": 0.0, "item_count": 1941}
{"event": "COMPACT_RUNTIME_HASH", "boundary": "end", "elapsed_seconds": 0.32183682592585683, "item_count": 1941}
{"event": "COMPACT_TIMING", "stage": "images_outputs", "boundary": "end", "role": "gallery", "batch_start": 288, "batch_size": 32, "seconds": 518.5116773378104}
{"event": "COMPACT_TIMING", "stage": "images_outputs", "boundary": "begin", "role": "gallery", "batch_start": 320, "batch_size": 32, "seconds": 518.5129108410329}
{"event": "COMPACT_RUNTIME_HASH", "boundary": "begin", "elapsed_seconds": 0.0, "item_count": 1941}
{"event": "COMPACT_RUNTIME_HASH", "boundary": "end", "elapsed_seconds": 0.33157714921981096, "item_count": 1941}
{"event": "COMPACT_TIMING", "stage": "images_outputs", "boundary": "end", "role": "gallery", "batch_start": 320, "batch_size": 32, "seconds": 519.6065245638601}
{"event": "COMPACT_TIMING", "stage": "images_outputs", "boundary": "begin", "role": "gallery", "batch_start": 352, "batch_size": 32, "seconds": 519.6084609287791}
{"event": "COMPACT_RUNTIME_HASH", "boundary": "begin", "elapsed_seconds": 0.0, "item_count": 1941}
{"event": "COMPACT_RUNTIME_HASH", "boundary": "end", "elapsed_seconds": 0.3146711220033467, "item_count": 1941}
{"event": "COMPACT_TIMING", "stage": "images_outputs", "boundary": "end", "role": "gallery", "batch_start": 352, "batch_size": 32, "seconds": 520.6826735408977}
{"event": "COMPACT_TIMING", "stage": "images_outputs", "boundary": "begin", "role": "gallery", "batch_start": 384, "batch_size": 32, "seconds": 520.6844800347462}
{"event": "COMPACT_RUNTIME_HASH", "boundary": "begin", "elapsed_seconds": 0.0, "item_count": 1941}
{"event": "COMPACT_RUNTIME_HASH", "boundary": "end", "elapsed_seconds": 0.31688656006008387, "item_count": 1941}
{"event": "COMPACT_TIMING", "stage": "images_outputs", "boundary": "end", "role": "gallery", "batch_start": 384, "batch_size": 32, "seconds": 521.7534472458065}
{"event": "COMPACT_TIMING", "stage": "images_outputs", "boundary": "begin", "role": "gallery", "batch_start": 416, "batch_size": 32, "seconds": 521.755718219094}
{"event": "COMPACT_RUNTIME_HASH", "boundary": "begin", "elapsed_seconds": 0.0, "item_count": 1941}
{"event": "COMPACT_RUNTIME_HASH", "boundary": "end", "elapsed_seconds": 0.3161176652647555, "item_count": 1941}
{"event": "COMPACT_TIMING", "stage": "images_outputs", "boundary": "end", "role": "gallery", "batch_start": 416, "batch_size": 32, "seconds": 522.8100707931444}
{"event": "COMPACT_TIMING", "stage": "images_outputs", "boundary": "begin", "role": "gallery", "batch_start": 448, "batch_size": 32, "seconds": 522.8127614618279}
{"event": "COMPACT_RUNTIME_HASH", "boundary": "begin", "elapsed_seconds": 0.0, "item_count": 1941}
{"event": "COMPACT_RUNTIME_HASH", "boundary": "end", "elapsed_seconds": 0.30348156904801726, "item_count": 1941}
{"event": "COMPACT_TIMING", "stage": "images_outputs", "boundary": "end", "role": "gallery", "batch_start": 448, "batch_size": 32, "seconds": 523.8706614552066}
{"event": "COMPACT_TIMING", "stage": "images_outputs", "boundary": "begin", "role": "gallery", "batch_start": 480, "batch_size": 32, "seconds": 523.8718883660622}
{"event": "COMPACT_RUNTIME_HASH", "boundary": "begin", "elapsed_seconds": 0.0, "item_count": 1941}
{"event": "COMPACT_RUNTIME_HASH", "boundary": "end", "elapsed_seconds": 0.3035194738768041, "item_count": 1941}
{"event": "COMPACT_TIMING", "stage": "images_outputs", "boundary": "end", "role": "gallery", "batch_start": 480, "batch_size": 32, "seconds": 524.9544809851795}
{"event": "COMPACT_TIMING", "stage": "images_outputs", "boundary": "begin", "role": "gallery", "batch_start": 512, "batch_size": 32, "seconds": 524.9565704059787}
{"event": "COMPACT_RUNTIME_HASH", "boundary": "begin", "elapsed_seconds": 0.0, "item_count": 1941}
{"event": "COMPACT_RUNTIME_HASH", "boundary": "end", "elapsed_seconds": 0.34323926316574216, "item_count": 1941}
{"event": "COMPACT_TIMING", "stage": "images_outputs", "boundary": "end", "role": "gallery", "batch_start": 512, "batch_size": 32, "seconds": 526.0696900910698}
{"event": "COMPACT_TIMING", "stage": "images_outputs", "boundary": "begin", "role": "gallery", "batch_start": 544, "batch_size": 32, "seconds": 526.0705808899365}
{"event": "COMPACT_RUNTIME_HASH", "boundary": "begin", "elapsed_seconds": 0.0, "item_count": 1941}
{"event": "COMPACT_RUNTIME_HASH", "boundary": "end", "elapsed_seconds": 0.2850862010382116, "item_count": 1941}
{"event": "COMPACT_TIMING", "stage": "images_outputs", "boundary": "end", "role": "gallery", "batch_start": 544, "batch_size": 32, "seconds": 527.1245126021095}
{"event": "COMPACT_TIMING", "stage": "images_outputs", "boundary": "begin", "role": "gallery", "batch_start": 576, "batch_size": 32, "seconds": 527.1260662321001}
{"event": "COMPACT_RUNTIME_HASH", "boundary": "begin", "elapsed_seconds": 0.0, "item_count": 1941}
{"event": "COMPACT_RUNTIME_HASH", "boundary": "end", "elapsed_seconds": 0.44757761200889945, "item_count": 1941}
{"event": "COMPACT_TIMING", "stage": "images_outputs", "boundary": "end", "role": "gallery", "batch_start": 576, "batch_size": 32, "seconds": 528.3293929728679}
{"event": "COMPACT_TIMING", "stage": "images_outputs", "boundary": "begin", "role": "gallery", "batch_start": 608, "batch_size": 32, "seconds": 528.3321618009359}
{"event": "COMPACT_RUNTIME_HASH", "boundary": "begin", "elapsed_seconds": 0.0, "item_count": 1941}
{"event": "COMPACT_RUNTIME_HASH", "boundary": "end", "elapsed_seconds": 0.31840012734755874, "item_count": 1941}
{"event": "COMPACT_TIMING", "stage": "images_outputs", "boundary": "end", "role": "gallery", "batch_start": 608, "batch_size": 32, "seconds": 529.4310003058054}
{"event": "COMPACT_TIMING", "stage": "images_outputs", "boundary": "begin", "role": "gallery", "batch_start": 640, "batch_size": 32, "seconds": 529.4345861729234}
{"event": "COMPACT_RUNTIME_HASH", "boundary": "begin", "elapsed_seconds": 0.0, "item_count": 1941}
{"event": "COMPACT_RUNTIME_HASH", "boundary": "end", "elapsed_seconds": 0.3428655848838389, "item_count": 1941}
{"event": "COMPACT_TIMING", "stage": "images_outputs", "boundary": "end", "role": "gallery", "batch_start": 640, "batch_size": 32, "seconds": 530.5464476048946}
{"event": "COMPACT_TIMING", "stage": "images_outputs", "boundary": "begin", "role": "gallery", "batch_start": 672, "batch_size": 32, "seconds": 530.5487471227534}
{"event": "COMPACT_RUNTIME_HASH", "boundary": "begin", "elapsed_seconds": 0.0, "item_count": 1941}
{"event": "COMPACT_RUNTIME_HASH", "boundary": "end", "elapsed_seconds": 0.32603498082607985, "item_count": 1941}
{"event": "COMPACT_TIMING", "stage": "images_outputs", "boundary": "end", "role": "gallery", "batch_start": 672, "batch_size": 32, "seconds": 531.6397756538354}
{"event": "COMPACT_TIMING", "stage": "images_outputs", "boundary": "begin", "role": "gallery", "batch_start": 704, "batch_size": 32, "seconds": 531.6421804828569}
{"event": "COMPACT_RUNTIME_HASH", "boundary": "begin", "elapsed_seconds": 0.0, "item_count": 1941}
{"event": "COMPACT_RUNTIME_HASH", "boundary": "end", "elapsed_seconds": 0.3256371100433171, "item_count": 1941}
{"event": "COMPACT_TIMING", "stage": "images_outputs", "boundary": "end", "role": "gallery", "batch_start": 704, "batch_size": 32, "seconds": 532.7177325701341}
{"event": "COMPACT_TIMING", "stage": "images_outputs", "boundary": "begin", "role": "gallery", "batch_start": 736, "batch_size": 32, "seconds": 532.7182739451528}
{"event": "COMPACT_RUNTIME_HASH", "boundary": "begin", "elapsed_seconds": 0.0, "item_count": 1941}
{"event": "COMPACT_RUNTIME_HASH", "boundary": "end", "elapsed_seconds": 0.29504130873829126, "item_count": 1941}
{"event": "COMPACT_TIMING", "stage": "images_outputs", "boundary": "end", "role": "gallery", "batch_start": 736, "batch_size": 32, "seconds": 533.7690095361322}
{"event": "COMPACT_TIMING", "stage": "images_outputs", "boundary": "begin", "role": "gallery", "batch_start": 768, "batch_size": 32, "seconds": 533.770367581863}
{"event": "COMPACT_RUNTIME_HASH", "boundary": "begin", "elapsed_seconds": 0.0, "item_count": 1941}
{"event": "COMPACT_RUNTIME_HASH", "boundary": "end", "elapsed_seconds": 0.32738304417580366, "item_count": 1941}
{"event": "COMPACT_TIMING", "stage": "images_outputs", "boundary": "end", "role": "gallery", "batch_start": 768, "batch_size": 32, "seconds": 534.86286539305}
{"event": "COMPACT_TIMING", "stage": "images_outputs", "boundary": "begin", "role": "gallery", "batch_start": 800, "batch_size": 32, "seconds": 534.8649989259429}
{"event": "COMPACT_RUNTIME_HASH", "boundary": "begin", "elapsed_seconds": 0.0, "item_count": 1941}
{"event": "COMPACT_RUNTIME_HASH", "boundary": "end", "elapsed_seconds": 0.3141370601952076, "item_count": 1941}
{"event": "COMPACT_TIMING", "stage": "images_outputs", "boundary": "end", "role": "gallery", "batch_start": 800, "batch_size": 32, "seconds": 535.9406813019887}
{"event": "COMPACT_TIMING", "stage": "images_outputs", "boundary": "begin", "role": "gallery", "batch_start": 832, "batch_size": 32, "seconds": 535.943475170061}
{"event": "COMPACT_RUNTIME_HASH", "boundary": "begin", "elapsed_seconds": 0.0, "item_count": 1941}
{"event": "COMPACT_RUNTIME_HASH", "boundary": "end", "elapsed_seconds": 0.33657228108495474, "item_count": 1941}
{"event": "COMPACT_TIMING", "stage": "images_outputs", "boundary": "end", "role": "gallery", "batch_start": 832, "batch_size": 32, "seconds": 537.0348125030287}
{"event": "COMPACT_TIMING", "stage": "images_outputs", "boundary": "begin", "role": "gallery", "batch_start": 864, "batch_size": 32, "seconds": 537.0379374269396}
{"event": "COMPACT_RUNTIME_HASH", "boundary": "begin", "elapsed_seconds": 0.0, "item_count": 1941}
{"event": "COMPACT_RUNTIME_HASH", "boundary": "end", "elapsed_seconds": 0.29550935700535774, "item_count": 1941}
{"event": "COMPACT_TIMING", "stage": "images_outputs", "boundary": "end", "role": "gallery", "batch_start": 864, "batch_size": 32, "seconds": 538.0932384221815}
{"event": "COMPACT_TIMING", "stage": "images_outputs", "boundary": "begin", "role": "gallery", "batch_start": 896, "batch_size": 32, "seconds": 538.0939359571785}
{"event": "COMPACT_RUNTIME_HASH", "boundary": "begin", "elapsed_seconds": 0.0, "item_count": 1941}
{"event": "COMPACT_RUNTIME_HASH", "boundary": "end", "elapsed_seconds": 0.2890268210321665, "item_count": 1941}
{"event": "COMPACT_TIMING", "stage": "images_outputs", "boundary": "end", "role": "gallery", "batch_start": 896, "batch_size": 32, "seconds": 539.1466168109328}
{"event": "COMPACT_TIMING", "stage": "images_outputs", "boundary": "begin", "role": "gallery", "batch_start": 928, "batch_size": 32, "seconds": 539.1482296572067}
{"event": "COMPACT_RUNTIME_HASH", "boundary": "begin", "elapsed_seconds": 0.0, "item_count": 1941}
{"event": "COMPACT_RUNTIME_HASH", "boundary": "end", "elapsed_seconds": 0.3099996577948332, "item_count": 1941}
{"event": "COMPACT_TIMING", "stage": "images_outputs", "boundary": "end", "role": "gallery", "batch_start": 928, "batch_size": 32, "seconds": 540.232204393018}
{"event": "COMPACT_TIMING", "stage": "images_outputs", "boundary": "begin", "role": "gallery", "batch_start": 960, "batch_size": 32, "seconds": 540.2335128709674}
{"event": "COMPACT_RUNTIME_HASH", "boundary": "begin", "elapsed_seconds": 0.0, "item_count": 1941}
{"event": "COMPACT_RUNTIME_HASH", "boundary": "end", "elapsed_seconds": 0.5015687788836658, "item_count": 1941}
{"event": "COMPACT_TIMING", "stage": "images_outputs", "boundary": "end", "role": "gallery", "batch_start": 960, "batch_size": 32, "seconds": 541.4981958437711}
{"event": "COMPACT_TIMING", "stage": "images_outputs", "boundary": "begin", "role": "gallery", "batch_start": 992, "batch_size": 32, "seconds": 541.4993697148748}
{"event": "COMPACT_RUNTIME_HASH", "boundary": "begin", "elapsed_seconds": 0.0, "item_count": 1941}
{"event": "COMPACT_RUNTIME_HASH", "boundary": "end", "elapsed_seconds": 0.2895956360734999, "item_count": 1941}
{"event": "COMPACT_TIMING", "stage": "images_outputs", "boundary": "end", "role": "gallery", "batch_start": 992, "batch_size": 32, "seconds": 542.5444235079922}
{"event": "COMPACT_TIMING", "stage": "images_outputs", "boundary": "begin", "role": "gallery", "batch_start": 1024, "batch_size": 32, "seconds": 542.5478039360605}
{"event": "COMPACT_RUNTIME_HASH", "boundary": "begin", "elapsed_seconds": 0.0, "item_count": 1941}
{"event": "COMPACT_RUNTIME_HASH", "boundary": "end", "elapsed_seconds": 0.2991072088479996, "item_count": 1941}
{"event": "COMPACT_TIMING", "stage": "images_outputs", "boundary": "end", "role": "gallery", "batch_start": 1024, "batch_size": 32, "seconds": 543.6108532431535}
{"event": "COMPACT_TIMING", "stage": "images_outputs", "boundary": "begin", "role": "gallery", "batch_start": 1056, "batch_size": 32, "seconds": 543.6123178331181}
{"event": "COMPACT_RUNTIME_HASH", "boundary": "begin", "elapsed_seconds": 0.0, "item_count": 1941}
{"event": "COMPACT_RUNTIME_HASH", "boundary": "end", "elapsed_seconds": 0.3217212916351855, "item_count": 1941}
{"event": "COMPACT_TIMING", "stage": "images_outputs", "boundary": "end", "role": "gallery", "batch_start": 1056, "batch_size": 32, "seconds": 544.6930957897566}
{"event": "COMPACT_TIMING", "stage": "images_outputs", "boundary": "begin", "role": "gallery", "batch_start": 1088, "batch_size": 32, "seconds": 544.6948565561324}
{"event": "COMPACT_RUNTIME_HASH", "boundary": "begin", "elapsed_seconds": 0.0, "item_count": 1941}
{"event": "COMPACT_RUNTIME_HASH", "boundary": "end", "elapsed_seconds": 0.3330486547201872, "item_count": 1941}
{"event": "COMPACT_TIMING", "stage": "images_outputs", "boundary": "end", "role": "gallery", "batch_start": 1088, "batch_size": 32, "seconds": 545.7815454979427}
{"event": "COMPACT_TIMING", "stage": "images_outputs", "boundary": "begin", "role": "gallery", "batch_start": 1120, "batch_size": 32, "seconds": 545.7823070329614}
{"event": "COMPACT_RUNTIME_HASH", "boundary": "begin", "elapsed_seconds": 0.0, "item_count": 1941}
{"event": "COMPACT_RUNTIME_HASH", "boundary": "end", "elapsed_seconds": 0.3445385596714914, "item_count": 1941}
{"event": "COMPACT_TIMING", "stage": "images_outputs", "boundary": "end", "role": "gallery", "batch_start": 1120, "batch_size": 32, "seconds": 546.8802539929748}
{"event": "COMPACT_TIMING", "stage": "images_outputs", "boundary": "begin", "role": "gallery", "batch_start": 1152, "batch_size": 32, "seconds": 546.8829285660759}
{"event": "COMPACT_RUNTIME_HASH", "boundary": "begin", "elapsed_seconds": 0.0, "item_count": 1941}
{"event": "COMPACT_RUNTIME_HASH", "boundary": "end", "elapsed_seconds": 0.301474342122674, "item_count": 1941}
{"event": "COMPACT_TIMING", "stage": "images_outputs", "boundary": "end", "role": "gallery", "batch_start": 1152, "batch_size": 32, "seconds": 547.961267166771}
{"event": "COMPACT_TIMING", "stage": "images_outputs", "boundary": "begin", "role": "gallery", "batch_start": 1184, "batch_size": 32, "seconds": 547.9626804781146}
{"event": "COMPACT_RUNTIME_HASH", "boundary": "begin", "elapsed_seconds": 0.0, "item_count": 1941}
{"event": "COMPACT_RUNTIME_HASH", "boundary": "end", "elapsed_seconds": 0.331364625133574, "item_count": 1941}
{"event": "COMPACT_TIMING", "stage": "images_outputs", "boundary": "end", "role": "gallery", "batch_start": 1184, "batch_size": 32, "seconds": 549.0644453861751}
{"event": "COMPACT_TIMING", "stage": "images_outputs", "boundary": "begin", "role": "gallery", "batch_start": 1216, "batch_size": 32, "seconds": 549.0657215598039}
{"event": "COMPACT_RUNTIME_HASH", "boundary": "begin", "elapsed_seconds": 0.0, "item_count": 1941}
{"event": "COMPACT_RUNTIME_HASH", "boundary": "end", "elapsed_seconds": 0.27947510592639446, "item_count": 1941}
{"event": "COMPACT_TIMING", "stage": "images_outputs", "boundary": "end", "role": "gallery", "batch_start": 1216, "batch_size": 32, "seconds": 550.0968269258738}
{"event": "COMPACT_TIMING", "stage": "images_outputs", "boundary": "begin", "role": "gallery", "batch_start": 1248, "batch_size": 32, "seconds": 550.0984801719896}
{"event": "COMPACT_RUNTIME_HASH", "boundary": "begin", "elapsed_seconds": 0.0, "item_count": 1941}
{"event": "COMPACT_RUNTIME_HASH", "boundary": "end", "elapsed_seconds": 0.45928196888417006, "item_count": 1941}
{"event": "COMPACT_TIMING", "stage": "images_outputs", "boundary": "end", "role": "gallery", "batch_start": 1248, "batch_size": 32, "seconds": 551.3146854820661}
{"event": "COMPACT_TIMING", "stage": "images_outputs", "boundary": "begin", "role": "gallery", "batch_start": 1280, "batch_size": 32, "seconds": 551.3167077992111}
{"event": "COMPACT_RUNTIME_HASH", "boundary": "begin", "elapsed_seconds": 0.0, "item_count": 1941}
{"event": "COMPACT_RUNTIME_HASH", "boundary": "end", "elapsed_seconds": 0.3202808629721403, "item_count": 1941}
{"event": "COMPACT_TIMING", "stage": "images_outputs", "boundary": "end", "role": "gallery", "batch_start": 1280, "batch_size": 32, "seconds": 552.3962521129288}
{"event": "COMPACT_TIMING", "stage": "images_outputs", "boundary": "begin", "role": "gallery", "batch_start": 1312, "batch_size": 32, "seconds": 552.3988789259456}
{"event": "COMPACT_RUNTIME_HASH", "boundary": "begin", "elapsed_seconds": 0.0, "item_count": 1941}
{"event": "COMPACT_RUNTIME_HASH", "boundary": "end", "elapsed_seconds": 0.3204413279891014, "item_count": 1941}
{"event": "COMPACT_TIMING", "stage": "images_outputs", "boundary": "end", "role": "gallery", "batch_start": 1312, "batch_size": 32, "seconds": 553.4880967629142}
{"event": "COMPACT_TIMING", "stage": "images_outputs", "boundary": "begin", "role": "gallery", "batch_start": 1344, "batch_size": 32, "seconds": 553.4902193048038}
{"event": "COMPACT_RUNTIME_HASH", "boundary": "begin", "elapsed_seconds": 0.0, "item_count": 1941}
{"event": "COMPACT_RUNTIME_HASH", "boundary": "end", "elapsed_seconds": 0.3041555709205568, "item_count": 1941}
{"event": "COMPACT_TIMING", "stage": "images_outputs", "boundary": "end", "role": "gallery", "batch_start": 1344, "batch_size": 32, "seconds": 554.5563251078129}
{"event": "COMPACT_TIMING", "stage": "images_outputs", "boundary": "begin", "role": "gallery", "batch_start": 1376, "batch_size": 32, "seconds": 554.5574028831907}
{"event": "COMPACT_RUNTIME_HASH", "boundary": "begin", "elapsed_seconds": 0.0, "item_count": 1941}
{"event": "COMPACT_RUNTIME_HASH", "boundary": "end", "elapsed_seconds": 0.30251405388116837, "item_count": 1941}
{"event": "COMPACT_TIMING", "stage": "images_outputs", "boundary": "end", "role": "gallery", "batch_start": 1376, "batch_size": 32, "seconds": 555.6207134420983}
{"event": "COMPACT_TIMING", "stage": "images_outputs", "boundary": "begin", "role": "gallery", "batch_start": 1408, "batch_size": 32, "seconds": 555.6220183200203}
{"event": "COMPACT_RUNTIME_HASH", "boundary": "begin", "elapsed_seconds": 0.0, "item_count": 1941}
{"event": "COMPACT_RUNTIME_HASH", "boundary": "end", "elapsed_seconds": 0.3422943572513759, "item_count": 1941}
{"event": "COMPACT_TIMING", "stage": "images_outputs", "boundary": "end", "role": "gallery", "batch_start": 1408, "batch_size": 32, "seconds": 556.7156473221257}
{"event": "COMPACT_TIMING", "stage": "images_outputs", "boundary": "begin", "role": "gallery", "batch_start": 1440, "batch_size": 32, "seconds": 556.7164848409593}
{"event": "COMPACT_RUNTIME_HASH", "boundary": "begin", "elapsed_seconds": 0.0, "item_count": 1941}
{"event": "COMPACT_RUNTIME_HASH", "boundary": "end", "elapsed_seconds": 0.3362029241397977, "item_count": 1941}
{"event": "COMPACT_TIMING", "stage": "images_outputs", "boundary": "end", "role": "gallery", "batch_start": 1440, "batch_size": 32, "seconds": 557.8186437198892}
{"event": "COMPACT_TIMING", "stage": "images_outputs", "boundary": "begin", "role": "gallery", "batch_start": 1472, "batch_size": 32, "seconds": 557.8213466131128}
{"event": "COMPACT_RUNTIME_HASH", "boundary": "begin", "elapsed_seconds": 0.0, "item_count": 1941}
{"event": "COMPACT_RUNTIME_HASH", "boundary": "end", "elapsed_seconds": 0.32807571813464165, "item_count": 1941}
{"event": "COMPACT_TIMING", "stage": "images_outputs", "boundary": "end", "role": "gallery", "batch_start": 1472, "batch_size": 32, "seconds": 558.9070152728818}
{"event": "COMPACT_TIMING", "stage": "images_outputs", "boundary": "begin", "role": "gallery", "batch_start": 1504, "batch_size": 32, "seconds": 558.9088270789944}
{"event": "COMPACT_RUNTIME_HASH", "boundary": "begin", "elapsed_seconds": 0.0, "item_count": 1941}
{"event": "COMPACT_RUNTIME_HASH", "boundary": "end", "elapsed_seconds": 0.34474737802520394, "item_count": 1941}
{"event": "COMPACT_TIMING", "stage": "images_outputs", "boundary": "end", "role": "gallery", "batch_start": 1504, "batch_size": 32, "seconds": 560.0060212141834}
{"event": "COMPACT_TIMING", "stage": "images_outputs", "boundary": "begin", "role": "gallery", "batch_start": 1536, "batch_size": 32, "seconds": 560.0073898518458}
{"event": "COMPACT_RUNTIME_HASH", "boundary": "begin", "elapsed_seconds": 0.0, "item_count": 1941}
{"event": "COMPACT_RUNTIME_HASH", "boundary": "end", "elapsed_seconds": 0.3424626598134637, "item_count": 1941}
{"event": "COMPACT_TIMING", "stage": "images_outputs", "boundary": "end", "role": "gallery", "batch_start": 1536, "batch_size": 32, "seconds": 561.1252436731011}
{"event": "COMPACT_TIMING", "stage": "images_outputs", "boundary": "begin", "role": "gallery", "batch_start": 1568, "batch_size": 32, "seconds": 561.1271249190904}
{"event": "COMPACT_RUNTIME_HASH", "boundary": "begin", "elapsed_seconds": 0.0, "item_count": 1941}
{"event": "COMPACT_RUNTIME_HASH", "boundary": "end", "elapsed_seconds": 0.49310556100681424, "item_count": 1941}
{"event": "COMPACT_TIMING", "stage": "images_outputs", "boundary": "end", "role": "gallery", "batch_start": 1568, "batch_size": 32, "seconds": 562.3805649550632}
{"event": "COMPACT_TIMING", "stage": "images_outputs", "boundary": "begin", "role": "gallery", "batch_start": 1600, "batch_size": 32, "seconds": 562.3818611619063}
{"event": "COMPACT_RUNTIME_HASH", "boundary": "begin", "elapsed_seconds": 0.0, "item_count": 1941}
{"event": "COMPACT_RUNTIME_HASH", "boundary": "end", "elapsed_seconds": 0.29468769673258066, "item_count": 1941}
{"event": "COMPACT_TIMING", "stage": "images_outputs", "boundary": "end", "role": "gallery", "batch_start": 1600, "batch_size": 32, "seconds": 563.4365675100125}
{"event": "COMPACT_TIMING", "stage": "images_outputs", "boundary": "begin", "role": "gallery", "batch_start": 1632, "batch_size": 32, "seconds": 563.4377524531446}
{"event": "COMPACT_RUNTIME_HASH", "boundary": "begin", "elapsed_seconds": 0.0, "item_count": 1941}
{"event": "COMPACT_RUNTIME_HASH", "boundary": "end", "elapsed_seconds": 0.34555715369060636, "item_count": 1941}
{"event": "COMPACT_TIMING", "stage": "images_outputs", "boundary": "end", "role": "gallery", "batch_start": 1632, "batch_size": 32, "seconds": 564.550079818815}
{"event": "COMPACT_TIMING", "stage": "images_outputs", "boundary": "begin", "role": "gallery", "batch_start": 1664, "batch_size": 32, "seconds": 564.552535654977}
{"event": "COMPACT_RUNTIME_HASH", "boundary": "begin", "elapsed_seconds": 0.0, "item_count": 1941}
{"event": "COMPACT_RUNTIME_HASH", "boundary": "end", "elapsed_seconds": 0.3413913822732866, "item_count": 1941}
{"event": "COMPACT_TIMING", "stage": "images_outputs", "boundary": "end", "role": "gallery", "batch_start": 1664, "batch_size": 32, "seconds": 565.6709669651464}
{"event": "COMPACT_TIMING", "stage": "images_outputs", "boundary": "begin", "role": "gallery", "batch_start": 1696, "batch_size": 19, "seconds": 565.6721528042108}
{"event": "COMPACT_RUNTIME_HASH", "boundary": "begin", "elapsed_seconds": 0.0, "item_count": 1941}
{"event": "COMPACT_RUNTIME_HASH", "boundary": "end", "elapsed_seconds": 0.28071305761113763, "item_count": 1941}
{"event": "COMPACT_TIMING", "stage": "images_outputs", "boundary": "end", "role": "gallery", "batch_start": 1696, "batch_size": 19, "seconds": 566.450933962129}
{"event": "COMPACT_TIMING", "stage": "export_pass", "boundary": "end", "pass_index": 1, "seconds": 566.4533765669912}
{"event": "COMPACT_TIMING", "stage": "postpass_endpoint_facts", "boundary": "begin", "pass_index": 1, "seconds": 566.4534269031137}
{"event": "COMPACT_TIMING", "stage": "postpass_endpoint_facts", "boundary": "end", "pass_index": 1, "seconds": 567.4383176118135}
{"event": "COMPACT_TIMING", "stage": "postpass_audit", "boundary": "begin", "pass_index": 1, "seconds": 567.4383707158267}
{"event": "COMPACT_TIMING", "stage": "postpass_audit", "boundary": "end", "pass_index": 1, "seconds": 574.4571533589624}
{"progress": "exit_rehash", "seconds": 574.8003802597523}
{"event": "COMPACT_TIMING", "stage": "exit_rehash", "boundary": "begin", "phase": "export", "seconds": 574.8004260361195}
{"event": "PROTOTYPE_PHASE", "phase": "old_exit_begin", "seconds": 587.630312405061}
{"event": "QUADRATIC_PHASE", "phase": "exit_rehash", "delta_seconds": 18.678156713023782, "cumulative_seconds": 18.678156713023782}
{"event": "PROTOTYPE_PHASE", "phase": "old_exit_end", "seconds": 606.3094458207488}
{"event": "PROTOTYPE_PHASE", "phase": "own_union_begin", "seconds": 606.3096108771861}
{"event": "PROTOTYPE_PHASE", "phase": "own_union_end", "seconds": 621.1822242438793}
{"event": "PROTOTYPE_PHASE", "phase": "closure_begin", "seconds": 621.1822673319839}
{"event": "PROTOTYPE_PHASE", "phase": "closure_end", "seconds": 621.1840875539929}
{"event": "COMPACT_TIMING", "stage": "exit_rehash", "boundary": "end", "phase": "export", "seconds": 680.7448776657693}
{"schema": "siglip2-compact-fullfeature-residual-evaluation-v1", "phase": "export", "output": "/home/riomus/runs/sfora-so400-fullfeature-residual-evaluation-full-export-control-179061-v1", "decision": null}
/home/riomus/.local/share/uv/python/cpython-3.13.9-linux-aarch64-gnu/bin/python3.13: OK
/home/riomus/runs/sfora-native256-initialized-cpu-final-footer-v1.py: OK
/home/riomus/runs/sfora-native256-stop-cgroup-footer-v1.py: OK
/home/riomus/runs/sfora-so400-compact-ranking-evaluation-reference-v1/evaluate_siglip2_nearest_ranking.py: OK
/home/riomus/runs/sfora-so400-compact-ranking-evaluation-reference-v1/execution.json: OK
/home/riomus/runs/sfora-so400-compact-ranking-evaluation-reference-v1/test_nearest_ranking_evaluation.py: OK
/home/riomus/runs/sfora-so400-fullfeature-residual-evaluation-source-v1/authority-full-export-control-179061-v1.json: OK
/home/riomus/runs/sfora-so400-fullfeature-residual-evaluation-source-v1/evaluate_siglip2_compact_ranking.py: OK
/home/riomus/runs/sfora-so400-fullfeature-residual-evaluation-source-v1/execution.json: OK
/home/riomus/runs/sfora-so400-fullfeature-residual-evaluation-source-v1/test_compact_ranking_evaluation.py: OK
/home/riomus/runs/sfora-so400-fullfeature-residual-train-candidate-179061-v1/bundle/bundle.json: OK
/home/riomus/runs/sfora-so400-fullfeature-residual-train-candidate-179061-v1/receipt.json: OK
/home/riomus/runs/sfora-so400-fullfeature-residual-train-candidate-179061-v1/resume.pt: OK
/home/riomus/runs/sfora-so400-fullfeature-residual-train-control-179061-v1/bundle/bundle.json: OK
/home/riomus/runs/sfora-so400-fullfeature-residual-train-control-179061-v1/receipt.json: OK
/home/riomus/runs/sfora-so400-fullfeature-residual-train-control-179061-v1/resume.pt: OK
/home/riomus/runs/sfora-so400-fullfeature-residual-train-source-v1/authority-train-candidate-179061-v1.json: OK
/home/riomus/runs/sfora-so400-fullfeature-residual-train-source-v1/authority-train-control-179061-v1.json: OK
/home/riomus/runs/sfora-so400-fullfeature-residual-train-source-v1/execution.json: OK
/home/riomus/runs/sfora-so400-fullfeature-residual-train-source-v1/test_siglip2_compact_ranking.py: OK
/home/riomus/runs/sfora-so400-fullfeature-residual-train-source-v1/train-candidate-179061-v1.log: OK
/home/riomus/runs/sfora-so400-fullfeature-residual-train-source-v1/train-control-179061-v1.log: OK
/home/riomus/runs/sfora-so400-fullfeature-residual-train-source-v1/train_siglip2_compact_ranking.py: OK
/home/riomus/runs/sfora-so400-genuine-view-evaluation-source-v4/evaluate_siglip2_genuine_views.py: OK
/home/riomus/runs/sfora-so400-genuine-view-evaluation-source-v4/execution.json: OK
/home/riomus/runs/sfora-so400-genuine-view-evaluation-source-v4/test_siglip2_genuine_view_evaluation.py: OK
/home/riomus/runs/sfora-so400-signed-concat-evaluation-source-v2/evaluate_siglip2_prototype_residual.py: OK
/home/riomus/runs/sfora-so400-signed-concat-evaluation-source-v2/execution.json: OK
/home/riomus/runs/sfora-so400-signed-concat-evaluation-source-v2/test_siglip2_prototype_residual_evaluation.py: OK
/home/riomus/runs/sfora-so400-fullfeature-residual-evaluation-full-cpu-v1/receipt.json: OK
/home/riomus/runs/sfora-so400-fullfeature-residual-evaluation-source-v1/full-cpu-v1.log: OK
/home/riomus/runs/sfora-so400-fullfeature-residual-train-candidate-179069-v2/resume.pt: OK
/home/riomus/runs/sfora-so400-fullfeature-residual-train-candidate-179069-v2/bundle/bundle.json: OK
/home/riomus/runs/sfora-so400-fullfeature-residual-train-source-v1/authority-train-candidate-179069-v2.json: OK
/home/riomus/runs/sfora-so400-fullfeature-residual-train-candidate-179069-v2/receipt.json: OK
/home/riomus/runs/sfora-so400-fullfeature-residual-train-source-v1/train-candidate-179069-v2.log: OK
/home/riomus/runs/sfora-so400-fullfeature-residual-train-control-179069-v2/resume.pt: OK
/home/riomus/runs/sfora-so400-fullfeature-residual-train-control-179069-v2/bundle/bundle.json: OK
/home/riomus/runs/sfora-so400-fullfeature-residual-train-source-v1/authority-train-control-179069-v2.json: OK
/home/riomus/runs/sfora-so400-fullfeature-residual-train-control-179069-v2/receipt.json: OK
/home/riomus/runs/sfora-so400-fullfeature-residual-train-source-v1/train-control-179069-v2.log: OK
FINAL_CGROUP {"command_exit_status": 0, "invocation_id": "fa1937101daa4ca18bc17a7ed6edd776", "path": "/sys/fs/cgroup/user.slice/user-1000.slice/user@1000.service/app.slice/sfora-so400-fullfeature-residual-evaluation-full-export-control-179061-v1.service", "values": {"memory.current": "1454292992", "memory.events": "low 0\nhigh 0\nmax 0\noom 0\noom_kill 0\noom_group_kill 0", "memory.max": "8589934592", "memory.peak": "5043949568", "memory.stat": "anon 6017024\nfile 1347010560\nkernel 99491840\nkernel_stack 65536\npagetables 327680\nsec_pagetables 0\npercpu 2464\nsock 0\nvmalloc 0\nshmem 0\nzswap 0\nzswapped 0\nfile_mapped 0\nfile_dirty 16384\nfile_writeback 0\nswapcached 0\nanon_thp 0\nfile_thp 4194304\nshmem_thp 0\ninactive_anon 0\nactive_anon 5902336\ninactive_file 765042688\nactive_file 581967872\nunevictable 0\nslab_reclaimable 98975824\nslab_unreclaimable 120688\nslab 99096512\nworkingset_refault_anon 0\nworkingset_refault_file 0\nworkingset_activate_anon 0\nworkingset_activate_file 0\nworkingset_restore_anon 0\nworkingset_restore_file 0\nworkingset_nodereclaim 0\npgdemote_kswapd 0\npgdemote_direct 0\npgdemote_khugepaged 0\npgdemote_proactive 0\npgpromote_success 0\npgscan 0\npgsteal 0\npswpin 0\npswpout 0\npgscan_kswapd 0\npgscan_direct 0\npgscan_khugepaged 0\npgscan_proactive 0\npgsteal_kswapd 0\npgsteal_direct 0\npgsteal_khugepaged 0\npgsteal_proactive 0\npgfault 1129168\npgmajfault 12123\npgrefill 0\npgactivate 0\npgdeactivate 0\npglazyfree 0\npglazyfreed 0\nswpin_zero 0\nswpout_zero 0\nzswpin 0\nzswpout 0\nzswpwb 0\nthp_fault_alloc 2064\nthp_collapse_alloc 16\nthp_swpout 0\nthp_swpout_fallback 0\nnuma_pages_migrated 0\nnuma_pte_updates 0\nnuma_hint_faults 0", "memory.swap.current": "0", "memory.swap.max": "0", "memory.swap.peak": "0"}}
	Command being timed: "/bin/bash -c set -e; sudo -n /bin/sync; sudo -n /bin/sh -c "echo 3 > /proc/sys/vm/drop_caches"; exec /bin/bash /home/riomus/runs/sfora-so400-fullfeature-residual-evaluation-source-v1/full-export-control-179061-v1-command.sh"
	User time (seconds): 452.79
	System time (seconds): 86.29
	Percent of CPU this job got: 78%
	Elapsed (wall clock) time (h:mm:ss or m:ss): 11:23.53
	Average shared text size (kbytes): 0
	Average unshared data size (kbytes): 0
	Average stack size (kbytes): 0
	Average total size (kbytes): 0
	Maximum resident set size (kbytes): 4187108
	Average resident set size (kbytes): 0
	Major (requiring I/O) page faults: 12122
	Minor (reclaiming a frame) page faults: 911355
	Voluntary context switches: 7200367
	Involuntary context switches: 10324
	Swaps: 0
	File system inputs: 533267744
	File system outputs: 18672
	Socket messages sent: 0
	Socket messages received: 0
	Signals delivered: 0
	Page size (bytes): 4096
	Exit status: 0
STOP_CGROUP {"exit_code": "exited", "exit_status": "0", "invocation_id": "fa1937101daa4ca18bc17a7ed6edd776", "path": "/sys/fs/cgroup/user.slice/user-1000.slice/user@1000.service/app.slice/sfora-so400-fullfeature-residual-evaluation-full-export-control-179061-v1.service", "service_result": "success", "values": {"memory.current": "1453772800", "memory.events": "low 0\nhigh 0\nmax 0\noom 0\noom_kill 0\noom_group_kill 0", "memory.max": "8589934592", "memory.peak": "5043949568", "memory.stat": "anon 5414912\nfile 1347010560\nkernel 99094528\nkernel_stack 0\npagetables 98304\nsec_pagetables 0\npercpu 1760\nsock 0\nvmalloc 0\nshmem 0\nzswap 0\nzswapped 0\nfile_mapped 0\nfile_dirty 16384\nfile_writeback 0\nswapcached 0\nanon_thp 0\nfile_thp 4194304\nshmem_thp 0\ninactive_anon 0\nactive_anon 5328896\ninactive_file 765042688\nactive_file 581967872\nunevictable 0\nslab_reclaimable 98973888\nslab_unreclaimable 25904\nslab 98999792\nworkingset_refault_anon 0\nworkingset_refault_file 0\nworkingset_activate_anon 0\nworkingset_activate_file 0\nworkingset_restore_anon 0\nworkingset_restore_file 0\nworkingset_nodereclaim 0\npgdemote_kswapd 0\npgdemote_direct 0\npgdemote_khugepaged 0\npgdemote_proactive 0\npgpromote_success 0\npgscan 0\npgsteal 0\npswpin 0\npswpout 0\npgscan_kswapd 0\npgscan_direct 0\npgscan_khugepaged 0\npgscan_proactive 0\npgsteal_kswapd 0\npgsteal_direct 0\npgsteal_khugepaged 0\npgsteal_proactive 0\npgfault 1130684\npgmajfault 12123\npgrefill 0\npgactivate 0\npgdeactivate 0\npglazyfree 0\npglazyfreed 0\nswpin_zero 0\nswpout_zero 0\nzswpin 0\nzswpout 0\nzswpwb 0\nthp_fault_alloc 2064\nthp_collapse_alloc 16\nthp_swpout 0\nthp_swpout_fallback 0\nnuma_pages_migrated 0\nnuma_pte_updates 0\nnuma_hint_faults 0", "memory.swap.current": "0", "memory.swap.max": "0", "memory.swap.peak": "0"}}
Finished with result: success
Main processes terminated with: code=exited/status=0
Service runtime: 11min 23.575s
CPU time consumed: 8min 59.132s
Memory peak: 4.6G
Memory swap peak: 0B
