/home/riomus/runs/sfora-so400-fullfeature-residual-evaluation-source-v1/full-export-candidate-179069-v1-command.sh: OK
Running as unit: sfora-so400-fullfeature-residual-evaluation-full-export-candidate-179069-v1.service; invocation ID: 70b0495ce2d14b1292f95f147852bea9
/home/riomus/.local/share/uv/python/cpython-3.13.9-linux-aarch64-gnu/bin/python3.13: OK
/home/riomus/runs/sfora-native256-initialized-cpu-final-footer-v1.py: OK
/home/riomus/runs/sfora-native256-stop-cgroup-footer-v1.py: OK
/home/riomus/runs/sfora-so400-compact-ranking-evaluation-reference-v1/evaluate_siglip2_nearest_ranking.py: OK
/home/riomus/runs/sfora-so400-compact-ranking-evaluation-reference-v1/execution.json: OK
/home/riomus/runs/sfora-so400-compact-ranking-evaluation-reference-v1/test_nearest_ranking_evaluation.py: OK
/home/riomus/runs/sfora-so400-fullfeature-residual-evaluation-source-v1/authority-full-export-candidate-179069-v1.json: OK
/home/riomus/runs/sfora-so400-fullfeature-residual-evaluation-source-v1/evaluate_siglip2_compact_ranking.py: OK
/home/riomus/runs/sfora-so400-fullfeature-residual-evaluation-source-v1/execution.json: OK
/home/riomus/runs/sfora-so400-fullfeature-residual-evaluation-source-v1/test_compact_ranking_evaluation.py: OK
/home/riomus/runs/sfora-so400-fullfeature-residual-train-candidate-179061-v1/bundle/bundle.json: OK
/home/riomus/runs/sfora-so400-fullfeature-residual-train-candidate-179061-v1/receipt.json: OK
/home/riomus/runs/sfora-so400-fullfeature-residual-train-candidate-179061-v1/resume.pt: OK
/home/riomus/runs/sfora-so400-fullfeature-residual-train-control-179061-v1/bundle/bundle.json: OK
/home/riomus/runs/sfora-so400-fullfeature-residual-train-control-179061-v1/receipt.json: OK
/home/riomus/runs/sfora-so400-fullfeature-residual-train-control-179061-v1/resume.pt: OK
/home/riomus/runs/sfora-so400-fullfeature-residual-train-source-v1/authority-train-candidate-179061-v1.json: OK
/home/riomus/runs/sfora-so400-fullfeature-residual-train-source-v1/authority-train-control-179061-v1.json: OK
/home/riomus/runs/sfora-so400-fullfeature-residual-train-source-v1/execution.json: OK
/home/riomus/runs/sfora-so400-fullfeature-residual-train-source-v1/test_siglip2_compact_ranking.py: OK
/home/riomus/runs/sfora-so400-fullfeature-residual-train-source-v1/train-candidate-179061-v1.log: OK
/home/riomus/runs/sfora-so400-fullfeature-residual-train-source-v1/train-control-179061-v1.log: OK
/home/riomus/runs/sfora-so400-fullfeature-residual-train-source-v1/train_siglip2_compact_ranking.py: OK
/home/riomus/runs/sfora-so400-genuine-view-evaluation-source-v4/evaluate_siglip2_genuine_views.py: OK
/home/riomus/runs/sfora-so400-genuine-view-evaluation-source-v4/execution.json: OK
/home/riomus/runs/sfora-so400-genuine-view-evaluation-source-v4/test_siglip2_genuine_view_evaluation.py: OK
/home/riomus/runs/sfora-so400-signed-concat-evaluation-source-v2/evaluate_siglip2_prototype_residual.py: OK
/home/riomus/runs/sfora-so400-signed-concat-evaluation-source-v2/execution.json: OK
/home/riomus/runs/sfora-so400-signed-concat-evaluation-source-v2/test_siglip2_prototype_residual_evaluation.py: OK
/home/riomus/runs/sfora-so400-fullfeature-residual-evaluation-full-cpu-v1/receipt.json: OK
/home/riomus/runs/sfora-so400-fullfeature-residual-evaluation-source-v1/full-cpu-v1.log: OK
/home/riomus/runs/sfora-so400-fullfeature-residual-train-candidate-179069-v2/resume.pt: OK
/home/riomus/runs/sfora-so400-fullfeature-residual-train-candidate-179069-v2/bundle/bundle.json: OK
/home/riomus/runs/sfora-so400-fullfeature-residual-train-source-v1/authority-train-candidate-179069-v2.json: OK
/home/riomus/runs/sfora-so400-fullfeature-residual-train-candidate-179069-v2/receipt.json: OK
/home/riomus/runs/sfora-so400-fullfeature-residual-train-source-v1/train-candidate-179069-v2.log: OK
/home/riomus/runs/sfora-so400-fullfeature-residual-train-control-179069-v2/resume.pt: OK
/home/riomus/runs/sfora-so400-fullfeature-residual-train-control-179069-v2/bundle/bundle.json: OK
/home/riomus/runs/sfora-so400-fullfeature-residual-train-source-v1/authority-train-control-179069-v2.json: OK
/home/riomus/runs/sfora-so400-fullfeature-residual-train-control-179069-v2/receipt.json: OK
/home/riomus/runs/sfora-so400-fullfeature-residual-train-source-v1/train-control-179069-v2.log: OK
{"event": "COMPACT_PHASE", "phase": "shared_source_preparation", "boundary": "begin", "seconds": 212.76672571711242}
{"event": "COMPACT_PHASE", "phase": "shared_source_preparation", "boundary": "end", "delta_seconds": 23.584590640850365, "seconds": 236.3513188539073}
{"event": "COMPACT_PHASE", "phase": "cache_target_preparation", "boundary": "begin", "seconds": 236.35136491805315}
{"event": "COMPACT_PHASE", "phase": "cache_target_preparation", "boundary": "end", "delta_seconds": 2.3068499858491123, "seconds": 238.65821840800345}
{"progress": "admitted", "phase": "export", "stage": "full", "seconds": 245.3666521627456}
{"event": "COMPACT_TIMING", "stage": "loader", "boundary": "begin", "pass_index": 0, "seconds": 252.1805536947213}
{"event": "COMPACT_RUNTIME_HASH", "boundary": "begin", "elapsed_seconds": 0.0, "item_count": 1941}
{"event": "COMPACT_RUNTIME_HASH", "boundary": "end", "elapsed_seconds": 0.2623129468411207, "item_count": 1941}
{"event": "COMPACT_TIMING", "stage": "loader", "boundary": "end", "pass_index": 0, "seconds": 276.86790688196197}
{"event": "COMPACT_TIMING", "stage": "endpoint_facts", "boundary": "begin", "pass_index": 0, "seconds": 276.8679744019173}
{"event": "COMPACT_TIMING", "stage": "endpoint_facts", "boundary": "end", "pass_index": 0, "seconds": 278.21258410904557}
{"event": "COMPACT_TIMING", "stage": "witness", "boundary": "begin", "pass_index": 0, "seconds": 278.2126488131471}
{"event": "COMPACT_RUNTIME_HASH", "boundary": "begin", "elapsed_seconds": 0.0, "item_count": 1941}
{"event": "COMPACT_RUNTIME_HASH", "boundary": "end", "elapsed_seconds": 0.26776684494689107, "item_count": 1941}
{"event": "COMPACT_TIMING", "stage": "witness", "boundary": "end", "pass_index": 0, "seconds": 280.45554533507675}
{"event": "COMPACT_TIMING", "stage": "diagnostic", "boundary": "begin", "pass_index": 0, "seconds": 280.4556254148483}
{"event": "COMPACT_RUNTIME_HASH", "boundary": "begin", "elapsed_seconds": 0.0, "item_count": 1941}
{"event": "COMPACT_RUNTIME_HASH", "boundary": "end", "elapsed_seconds": 0.28451005881652236, "item_count": 1941}
{"event": "COMPACT_RUNTIME_HASH", "boundary": "begin", "elapsed_seconds": 0.0, "item_count": 1941}
{"event": "COMPACT_RUNTIME_HASH", "boundary": "end", "elapsed_seconds": 0.29632199788466096, "item_count": 1941}
{"event": "COMPACT_RUNTIME_HASH", "boundary": "begin", "elapsed_seconds": 0.0, "item_count": 1941}
{"event": "COMPACT_RUNTIME_HASH", "boundary": "end", "elapsed_seconds": 0.34137966111302376, "item_count": 1941}
{"event": "COMPACT_RUNTIME_HASH", "boundary": "begin", "elapsed_seconds": 0.0, "item_count": 1941}
{"event": "COMPACT_RUNTIME_HASH", "boundary": "end", "elapsed_seconds": 0.28310677967965603, "item_count": 1941}
{"event": "COMPACT_RUNTIME_HASH", "boundary": "begin", "elapsed_seconds": 0.0, "item_count": 1941}
{"event": "COMPACT_RUNTIME_HASH", "boundary": "end", "elapsed_seconds": 0.3006032886914909, "item_count": 1941}
{"event": "COMPACT_RUNTIME_HASH", "boundary": "begin", "elapsed_seconds": 0.0, "item_count": 1941}
{"event": "COMPACT_RUNTIME_HASH", "boundary": "end", "elapsed_seconds": 0.31712266290560365, "item_count": 1941}
{"event": "COMPACT_RUNTIME_HASH", "boundary": "begin", "elapsed_seconds": 0.0, "item_count": 1941}
{"event": "COMPACT_RUNTIME_HASH", "boundary": "end", "elapsed_seconds": 0.27944768127053976, "item_count": 1941}
{"event": "COMPACT_RUNTIME_HASH", "boundary": "begin", "elapsed_seconds": 0.0, "item_count": 1941}
{"event": "COMPACT_RUNTIME_HASH", "boundary": "end", "elapsed_seconds": 0.3371477611362934, "item_count": 1941}
{"event": "COMPACT_RUNTIME_HASH", "boundary": "begin", "elapsed_seconds": 0.0, "item_count": 1941}
{"event": "COMPACT_RUNTIME_HASH", "boundary": "end", "elapsed_seconds": 0.2774684503674507, "item_count": 1941}
{"event": "COMPACT_RUNTIME_HASH", "boundary": "begin", "elapsed_seconds": 0.0, "item_count": 1941}
{"event": "COMPACT_RUNTIME_HASH", "boundary": "end", "elapsed_seconds": 0.27873677015304565, "item_count": 1941}
{"event": "COMPACT_RUNTIME_HASH", "boundary": "begin", "elapsed_seconds": 0.0, "item_count": 1941}
{"event": "COMPACT_RUNTIME_HASH", "boundary": "end", "elapsed_seconds": 0.27015938609838486, "item_count": 1941}
{"event": "COMPACT_RUNTIME_HASH", "boundary": "begin", "elapsed_seconds": 0.0, "item_count": 1941}
{"event": "COMPACT_RUNTIME_HASH", "boundary": "end", "elapsed_seconds": 0.4533924520947039, "item_count": 1941}
{"event": "COMPACT_TIMING", "stage": "diagnostic", "boundary": "end", "pass_index": 0, "seconds": 289.9305924628861}
{"event": "COMPACT_TIMING", "stage": "export_pass", "boundary": "begin", "pass_index": 0, "seconds": 289.93063436681405}
{"event": "COMPACT_TIMING", "stage": "images_outputs", "boundary": "begin", "role": "query", "batch_start": 0, "batch_size": 32, "seconds": 289.9306929591112}
{"event": "COMPACT_RUNTIME_HASH", "boundary": "begin", "elapsed_seconds": 0.0, "item_count": 1941}
{"event": "COMPACT_RUNTIME_HASH", "boundary": "end", "elapsed_seconds": 0.31823056703433394, "item_count": 1941}
{"event": "COMPACT_TIMING", "stage": "images_outputs", "boundary": "end", "role": "query", "batch_start": 0, "batch_size": 32, "seconds": 291.45941036986187}
{"event": "COMPACT_TIMING", "stage": "images_outputs", "boundary": "begin", "role": "query", "batch_start": 32, "batch_size": 32, "seconds": 291.4736569300294}
{"event": "COMPACT_RUNTIME_HASH", "boundary": "begin", "elapsed_seconds": 0.0, "item_count": 1941}
{"event": "COMPACT_RUNTIME_HASH", "boundary": "end", "elapsed_seconds": 0.3178939432837069, "item_count": 1941}
{"event": "COMPACT_TIMING", "stage": "images_outputs", "boundary": "end", "role": "query", "batch_start": 32, "batch_size": 32, "seconds": 292.57049314677715}
{"event": "COMPACT_TIMING", "stage": "images_outputs", "boundary": "begin", "role": "query", "batch_start": 64, "batch_size": 32, "seconds": 292.57127796206623}
{"event": "COMPACT_RUNTIME_HASH", "boundary": "begin", "elapsed_seconds": 0.0, "item_count": 1941}
{"event": "COMPACT_RUNTIME_HASH", "boundary": "end", "elapsed_seconds": 0.32432755175977945, "item_count": 1941}
{"event": "COMPACT_TIMING", "stage": "images_outputs", "boundary": "end", "role": "query", "batch_start": 64, "batch_size": 32, "seconds": 293.6624015280977}
{"event": "COMPACT_TIMING", "stage": "images_outputs", "boundary": "begin", "role": "query", "batch_start": 96, "batch_size": 32, "seconds": 293.66412512678653}
{"event": "COMPACT_RUNTIME_HASH", "boundary": "begin", "elapsed_seconds": 0.0, "item_count": 1941}
{"event": "COMPACT_RUNTIME_HASH", "boundary": "end", "elapsed_seconds": 0.2936400813050568, "item_count": 1941}
{"event": "COMPACT_TIMING", "stage": "images_outputs", "boundary": "end", "role": "query", "batch_start": 96, "batch_size": 32, "seconds": 294.74092688504606}
{"event": "COMPACT_TIMING", "stage": "images_outputs", "boundary": "begin", "role": "query", "batch_start": 128, "batch_size": 32, "seconds": 294.7434115377255}
{"event": "COMPACT_RUNTIME_HASH", "boundary": "begin", "elapsed_seconds": 0.0, "item_count": 1941}
{"event": "COMPACT_RUNTIME_HASH", "boundary": "end", "elapsed_seconds": 0.28843179903924465, "item_count": 1941}
{"event": "COMPACT_TIMING", "stage": "images_outputs", "boundary": "end", "role": "query", "batch_start": 128, "batch_size": 32, "seconds": 295.805009056814}
{"event": "COMPACT_TIMING", "stage": "images_outputs", "boundary": "begin", "role": "query", "batch_start": 160, "batch_size": 32, "seconds": 295.80666126310825}
{"event": "COMPACT_RUNTIME_HASH", "boundary": "begin", "elapsed_seconds": 0.0, "item_count": 1941}
{"event": "COMPACT_RUNTIME_HASH", "boundary": "end", "elapsed_seconds": 0.30267314380034804, "item_count": 1941}
{"event": "COMPACT_TIMING", "stage": "images_outputs", "boundary": "end", "role": "query", "batch_start": 160, "batch_size": 32, "seconds": 296.8895133989863}
{"event": "COMPACT_TIMING", "stage": "images_outputs", "boundary": "begin", "role": "query", "batch_start": 192, "batch_size": 32, "seconds": 296.8914593490772}
{"event": "COMPACT_RUNTIME_HASH", "boundary": "begin", "elapsed_seconds": 0.0, "item_count": 1941}
{"event": "COMPACT_RUNTIME_HASH", "boundary": "end", "elapsed_seconds": 0.3354524839669466, "item_count": 1941}
{"event": "COMPACT_TIMING", "stage": "images_outputs", "boundary": "end", "role": "query", "batch_start": 192, "batch_size": 32, "seconds": 298.0130846579559}
{"event": "COMPACT_TIMING", "stage": "images_outputs", "boundary": "begin", "role": "query", "batch_start": 224, "batch_size": 32, "seconds": 298.0150336320512}
{"event": "COMPACT_RUNTIME_HASH", "boundary": "begin", "elapsed_seconds": 0.0, "item_count": 1941}
{"event": "COMPACT_RUNTIME_HASH", "boundary": "end", "elapsed_seconds": 0.3029730780981481, "item_count": 1941}
{"event": "COMPACT_TIMING", "stage": "images_outputs", "boundary": "end", "role": "query", "batch_start": 224, "batch_size": 32, "seconds": 299.1262678010389}
{"event": "COMPACT_TIMING", "stage": "images_outputs", "boundary": "begin", "role": "query", "batch_start": 256, "batch_size": 32, "seconds": 299.12880030972883}
{"event": "COMPACT_RUNTIME_HASH", "boundary": "begin", "elapsed_seconds": 0.0, "item_count": 1941}
{"event": "COMPACT_RUNTIME_HASH", "boundary": "end", "elapsed_seconds": 0.443950445856899, "item_count": 1941}
{"event": "COMPACT_TIMING", "stage": "images_outputs", "boundary": "end", "role": "query", "batch_start": 256, "batch_size": 32, "seconds": 300.3752089571208}
{"event": "COMPACT_TIMING", "stage": "images_outputs", "boundary": "begin", "role": "query", "batch_start": 288, "batch_size": 32, "seconds": 300.37699189875275}
{"event": "COMPACT_RUNTIME_HASH", "boundary": "begin", "elapsed_seconds": 0.0, "item_count": 1941}
{"event": "COMPACT_RUNTIME_HASH", "boundary": "end", "elapsed_seconds": 0.33543547708541155, "item_count": 1941}
{"event": "COMPACT_TIMING", "stage": "images_outputs", "boundary": "end", "role": "query", "batch_start": 288, "batch_size": 32, "seconds": 301.4943380607292}
{"event": "COMPACT_TIMING", "stage": "images_outputs", "boundary": "begin", "role": "query", "batch_start": 320, "batch_size": 32, "seconds": 301.4964259788394}
{"event": "COMPACT_RUNTIME_HASH", "boundary": "begin", "elapsed_seconds": 0.0, "item_count": 1941}
{"event": "COMPACT_RUNTIME_HASH", "boundary": "end", "elapsed_seconds": 0.3141124746762216, "item_count": 1941}
{"event": "COMPACT_TIMING", "stage": "images_outputs", "boundary": "end", "role": "query", "batch_start": 320, "batch_size": 32, "seconds": 302.5845654369332}
{"event": "COMPACT_TIMING", "stage": "images_outputs", "boundary": "begin", "role": "query", "batch_start": 352, "batch_size": 32, "seconds": 302.5874191140756}
{"event": "COMPACT_RUNTIME_HASH", "boundary": "begin", "elapsed_seconds": 0.0, "item_count": 1941}
{"event": "COMPACT_RUNTIME_HASH", "boundary": "end", "elapsed_seconds": 0.30141312908381224, "item_count": 1941}
{"event": "COMPACT_TIMING", "stage": "images_outputs", "boundary": "end", "role": "query", "batch_start": 352, "batch_size": 32, "seconds": 303.67367107002065}
{"event": "COMPACT_TIMING", "stage": "images_outputs", "boundary": "begin", "role": "query", "batch_start": 384, "batch_size": 32, "seconds": 303.674540637061}
{"event": "COMPACT_RUNTIME_HASH", "boundary": "begin", "elapsed_seconds": 0.0, "item_count": 1941}
{"event": "COMPACT_RUNTIME_HASH", "boundary": "end", "elapsed_seconds": 0.2593928058631718, "item_count": 1941}
{"event": "COMPACT_TIMING", "stage": "images_outputs", "boundary": "end", "role": "query", "batch_start": 384, "batch_size": 32, "seconds": 304.70121296169236}
{"event": "COMPACT_TIMING", "stage": "images_outputs", "boundary": "begin", "role": "query", "batch_start": 416, "batch_size": 32, "seconds": 304.70332491211593}
{"event": "COMPACT_RUNTIME_HASH", "boundary": "begin", "elapsed_seconds": 0.0, "item_count": 1941}
{"event": "COMPACT_RUNTIME_HASH", "boundary": "end", "elapsed_seconds": 0.3235924649052322, "item_count": 1941}
{"event": "COMPACT_TIMING", "stage": "images_outputs", "boundary": "end", "role": "query", "batch_start": 416, "batch_size": 32, "seconds": 305.7903597471304}
{"event": "COMPACT_TIMING", "stage": "images_outputs", "boundary": "begin", "role": "query", "batch_start": 448, "batch_size": 32, "seconds": 305.79131073784083}
{"event": "COMPACT_RUNTIME_HASH", "boundary": "begin", "elapsed_seconds": 0.0, "item_count": 1941}
{"event": "COMPACT_RUNTIME_HASH", "boundary": "end", "elapsed_seconds": 0.2976005249656737, "item_count": 1941}
{"event": "COMPACT_TIMING", "stage": "images_outputs", "boundary": "end", "role": "query", "batch_start": 448, "batch_size": 32, "seconds": 306.8550345748663}
{"event": "COMPACT_TIMING", "stage": "images_outputs", "boundary": "begin", "role": "query", "batch_start": 480, "batch_size": 32, "seconds": 306.85693433275446}
{"event": "COMPACT_RUNTIME_HASH", "boundary": "begin", "elapsed_seconds": 0.0, "item_count": 1941}
{"event": "COMPACT_RUNTIME_HASH", "boundary": "end", "elapsed_seconds": 0.30966947181150317, "item_count": 1941}
{"event": "COMPACT_TIMING", "stage": "images_outputs", "boundary": "end", "role": "query", "batch_start": 480, "batch_size": 32, "seconds": 307.9616436129436}
{"event": "COMPACT_TIMING", "stage": "images_outputs", "boundary": "begin", "role": "query", "batch_start": 512, "batch_size": 32, "seconds": 307.9639552589506}
{"event": "COMPACT_RUNTIME_HASH", "boundary": "begin", "elapsed_seconds": 0.0, "item_count": 1941}
{"event": "COMPACT_RUNTIME_HASH", "boundary": "end", "elapsed_seconds": 0.33339210227131844, "item_count": 1941}
{"event": "COMPACT_TIMING", "stage": "images_outputs", "boundary": "end", "role": "query", "batch_start": 512, "batch_size": 32, "seconds": 309.11720930272713}
{"event": "COMPACT_TIMING", "stage": "images_outputs", "boundary": "begin", "role": "query", "batch_start": 544, "batch_size": 32, "seconds": 309.11889405269176}
{"event": "COMPACT_RUNTIME_HASH", "boundary": "begin", "elapsed_seconds": 0.0, "item_count": 1941}
{"event": "COMPACT_RUNTIME_HASH", "boundary": "end", "elapsed_seconds": 0.3152160900644958, "item_count": 1941}
{"event": "COMPACT_TIMING", "stage": "images_outputs", "boundary": "end", "role": "query", "batch_start": 544, "batch_size": 32, "seconds": 310.217439211905}
{"event": "COMPACT_TIMING", "stage": "images_outputs", "boundary": "begin", "role": "query", "batch_start": 576, "batch_size": 32, "seconds": 310.21954330569133}
{"event": "COMPACT_RUNTIME_HASH", "boundary": "begin", "elapsed_seconds": 0.0, "item_count": 1941}
{"event": "COMPACT_RUNTIME_HASH", "boundary": "end", "elapsed_seconds": 0.4811500050127506, "item_count": 1941}
{"event": "COMPACT_TIMING", "stage": "images_outputs", "boundary": "end", "role": "query", "batch_start": 576, "batch_size": 32, "seconds": 311.4604788860306}
{"event": "COMPACT_TIMING", "stage": "images_outputs", "boundary": "begin", "role": "query", "batch_start": 608, "batch_size": 32, "seconds": 311.4613173487596}
{"event": "COMPACT_RUNTIME_HASH", "boundary": "begin", "elapsed_seconds": 0.0, "item_count": 1941}
{"event": "COMPACT_RUNTIME_HASH", "boundary": "end", "elapsed_seconds": 0.32943279342725873, "item_count": 1941}
{"event": "COMPACT_TIMING", "stage": "images_outputs", "boundary": "end", "role": "query", "batch_start": 608, "batch_size": 32, "seconds": 312.55873457575217}
{"event": "COMPACT_TIMING", "stage": "images_outputs", "boundary": "begin", "role": "query", "batch_start": 640, "batch_size": 32, "seconds": 312.56054081069306}
{"event": "COMPACT_RUNTIME_HASH", "boundary": "begin", "elapsed_seconds": 0.0, "item_count": 1941}
{"event": "COMPACT_RUNTIME_HASH", "boundary": "end", "elapsed_seconds": 0.2798373708501458, "item_count": 1941}
{"event": "COMPACT_TIMING", "stage": "images_outputs", "boundary": "end", "role": "query", "batch_start": 640, "batch_size": 32, "seconds": 313.59466500673443}
{"event": "COMPACT_TIMING", "stage": "images_outputs", "boundary": "begin", "role": "query", "batch_start": 672, "batch_size": 32, "seconds": 313.5963736907579}
{"event": "COMPACT_RUNTIME_HASH", "boundary": "begin", "elapsed_seconds": 0.0, "item_count": 1941}
{"event": "COMPACT_RUNTIME_HASH", "boundary": "end", "elapsed_seconds": 0.32120575895532966, "item_count": 1941}
{"event": "COMPACT_TIMING", "stage": "images_outputs", "boundary": "end", "role": "query", "batch_start": 672, "batch_size": 32, "seconds": 314.69457286503166}
{"event": "COMPACT_TIMING", "stage": "images_outputs", "boundary": "begin", "role": "query", "batch_start": 704, "batch_size": 32, "seconds": 314.6958986581303}
{"event": "COMPACT_RUNTIME_HASH", "boundary": "begin", "elapsed_seconds": 0.0, "item_count": 1941}
{"event": "COMPACT_RUNTIME_HASH", "boundary": "end", "elapsed_seconds": 0.2888247650116682, "item_count": 1941}
{"event": "COMPACT_TIMING", "stage": "images_outputs", "boundary": "end", "role": "query", "batch_start": 704, "batch_size": 32, "seconds": 315.7373855491169}
{"event": "COMPACT_TIMING", "stage": "images_outputs", "boundary": "begin", "role": "query", "batch_start": 736, "batch_size": 32, "seconds": 315.7391729047522}
{"event": "COMPACT_RUNTIME_HASH", "boundary": "begin", "elapsed_seconds": 0.0, "item_count": 1941}
{"event": "COMPACT_RUNTIME_HASH", "boundary": "end", "elapsed_seconds": 0.3324348726309836, "item_count": 1941}
{"event": "COMPACT_TIMING", "stage": "images_outputs", "boundary": "end", "role": "query", "batch_start": 736, "batch_size": 32, "seconds": 316.8263004249893}
{"event": "COMPACT_TIMING", "stage": "images_outputs", "boundary": "begin", "role": "query", "batch_start": 768, "batch_size": 32, "seconds": 316.82706854399294}
{"event": "COMPACT_RUNTIME_HASH", "boundary": "begin", "elapsed_seconds": 0.0, "item_count": 1941}
{"event": "COMPACT_RUNTIME_HASH", "boundary": "end", "elapsed_seconds": 0.34324225783348083, "item_count": 1941}
{"event": "COMPACT_TIMING", "stage": "images_outputs", "boundary": "end", "role": "query", "batch_start": 768, "batch_size": 32, "seconds": 317.9443560577929}
{"event": "COMPACT_TIMING", "stage": "images_outputs", "boundary": "begin", "role": "query", "batch_start": 800, "batch_size": 32, "seconds": 317.9452490718104}
{"event": "COMPACT_RUNTIME_HASH", "boundary": "begin", "elapsed_seconds": 0.0, "item_count": 1941}
{"event": "COMPACT_RUNTIME_HASH", "boundary": "end", "elapsed_seconds": 0.2905768547207117, "item_count": 1941}
{"event": "COMPACT_TIMING", "stage": "images_outputs", "boundary": "end", "role": "query", "batch_start": 800, "batch_size": 32, "seconds": 319.02974194614217}
{"event": "COMPACT_TIMING", "stage": "images_outputs", "boundary": "begin", "role": "query", "batch_start": 832, "batch_size": 32, "seconds": 319.0318565610796}
{"event": "COMPACT_RUNTIME_HASH", "boundary": "begin", "elapsed_seconds": 0.0, "item_count": 1941}
{"event": "COMPACT_RUNTIME_HASH", "boundary": "end", "elapsed_seconds": 0.3157830680720508, "item_count": 1941}
{"event": "COMPACT_TIMING", "stage": "images_outputs", "boundary": "end", "role": "query", "batch_start": 832, "batch_size": 32, "seconds": 320.10927640181035}
{"event": "COMPACT_TIMING", "stage": "images_outputs", "boundary": "begin", "role": "query", "batch_start": 864, "batch_size": 32, "seconds": 320.11059373104945}
{"event": "COMPACT_RUNTIME_HASH", "boundary": "begin", "elapsed_seconds": 0.0, "item_count": 1941}
{"event": "COMPACT_RUNTIME_HASH", "boundary": "end", "elapsed_seconds": 0.3453659201040864, "item_count": 1941}
{"event": "COMPACT_TIMING", "stage": "images_outputs", "boundary": "end", "role": "query", "batch_start": 864, "batch_size": 32, "seconds": 321.224010346923}
{"event": "COMPACT_TIMING", "stage": "images_outputs", "boundary": "begin", "role": "query", "batch_start": 896, "batch_size": 32, "seconds": 321.22637224011123}
{"event": "COMPACT_RUNTIME_HASH", "boundary": "begin", "elapsed_seconds": 0.0, "item_count": 1941}
{"event": "COMPACT_RUNTIME_HASH", "boundary": "end", "elapsed_seconds": 0.3367877551354468, "item_count": 1941}
{"event": "COMPACT_TIMING", "stage": "images_outputs", "boundary": "end", "role": "query", "batch_start": 896, "batch_size": 32, "seconds": 322.338527451735}
{"event": "COMPACT_TIMING", "stage": "images_outputs", "boundary": "begin", "role": "query", "batch_start": 928, "batch_size": 32, "seconds": 322.3406498278491}
{"event": "COMPACT_RUNTIME_HASH", "boundary": "begin", "elapsed_seconds": 0.0, "item_count": 1941}
{"event": "COMPACT_RUNTIME_HASH", "boundary": "end", "elapsed_seconds": 0.3129476993344724, "item_count": 1941}
{"event": "COMPACT_TIMING", "stage": "images_outputs", "boundary": "end", "role": "query", "batch_start": 928, "batch_size": 32, "seconds": 323.4485115278512}
{"event": "COMPACT_TIMING", "stage": "images_outputs", "boundary": "begin", "role": "query", "batch_start": 960, "batch_size": 32, "seconds": 323.4504253137857}
{"event": "COMPACT_RUNTIME_HASH", "boundary": "begin", "elapsed_seconds": 0.0, "item_count": 1941}
{"event": "COMPACT_RUNTIME_HASH", "boundary": "end", "elapsed_seconds": 0.48507776902988553, "item_count": 1941}
{"event": "COMPACT_TIMING", "stage": "images_outputs", "boundary": "end", "role": "query", "batch_start": 960, "batch_size": 32, "seconds": 324.70384847885}
{"event": "COMPACT_TIMING", "stage": "images_outputs", "boundary": "begin", "role": "query", "batch_start": 992, "batch_size": 32, "seconds": 324.70459115784615}
{"event": "COMPACT_RUNTIME_HASH", "boundary": "begin", "elapsed_seconds": 0.0, "item_count": 1941}
{"event": "COMPACT_RUNTIME_HASH", "boundary": "end", "elapsed_seconds": 0.3315309537574649, "item_count": 1941}
{"event": "COMPACT_TIMING", "stage": "images_outputs", "boundary": "end", "role": "query", "batch_start": 992, "batch_size": 32, "seconds": 325.80958196287975}
{"event": "COMPACT_TIMING", "stage": "images_outputs", "boundary": "begin", "role": "query", "batch_start": 1024, "batch_size": 32, "seconds": 325.8116906909272}
{"event": "COMPACT_RUNTIME_HASH", "boundary": "begin", "elapsed_seconds": 0.0, "item_count": 1941}
{"event": "COMPACT_RUNTIME_HASH", "boundary": "end", "elapsed_seconds": 0.2996329548768699, "item_count": 1941}
{"event": "COMPACT_TIMING", "stage": "images_outputs", "boundary": "end", "role": "query", "batch_start": 1024, "batch_size": 32, "seconds": 326.89215470897034}
{"event": "COMPACT_TIMING", "stage": "images_outputs", "boundary": "begin", "role": "query", "batch_start": 1056, "batch_size": 32, "seconds": 326.89462052099407}
{"event": "COMPACT_RUNTIME_HASH", "boundary": "begin", "elapsed_seconds": 0.0, "item_count": 1941}
{"event": "COMPACT_RUNTIME_HASH", "boundary": "end", "elapsed_seconds": 0.3266364769078791, "item_count": 1941}
{"event": "COMPACT_TIMING", "stage": "images_outputs", "boundary": "end", "role": "query", "batch_start": 1056, "batch_size": 32, "seconds": 327.9948475509882}
{"event": "COMPACT_TIMING", "stage": "images_outputs", "boundary": "begin", "role": "query", "batch_start": 1088, "batch_size": 32, "seconds": 327.99660516297445}
{"event": "COMPACT_RUNTIME_HASH", "boundary": "begin", "elapsed_seconds": 0.0, "item_count": 1941}
{"event": "COMPACT_RUNTIME_HASH", "boundary": "end", "elapsed_seconds": 0.3124343412928283, "item_count": 1941}
{"event": "COMPACT_TIMING", "stage": "images_outputs", "boundary": "end", "role": "query", "batch_start": 1088, "batch_size": 32, "seconds": 329.07517478009686}
{"event": "COMPACT_TIMING", "stage": "images_outputs", "boundary": "begin", "role": "query", "batch_start": 1120, "batch_size": 32, "seconds": 329.07669114600867}
{"event": "COMPACT_RUNTIME_HASH", "boundary": "begin", "elapsed_seconds": 0.0, "item_count": 1941}
{"event": "COMPACT_RUNTIME_HASH", "boundary": "end", "elapsed_seconds": 0.31918520014733076, "item_count": 1941}
{"event": "COMPACT_TIMING", "stage": "images_outputs", "boundary": "end", "role": "query", "batch_start": 1120, "batch_size": 32, "seconds": 330.16769878705963}
{"event": "COMPACT_TIMING", "stage": "images_outputs", "boundary": "begin", "role": "query", "batch_start": 1152, "batch_size": 32, "seconds": 330.16896811686456}
{"event": "COMPACT_RUNTIME_HASH", "boundary": "begin", "elapsed_seconds": 0.0, "item_count": 1941}
{"event": "COMPACT_RUNTIME_HASH", "boundary": "end", "elapsed_seconds": 0.3050763113424182, "item_count": 1941}
{"event": "COMPACT_TIMING", "stage": "images_outputs", "boundary": "end", "role": "query", "batch_start": 1152, "batch_size": 32, "seconds": 331.2637408878654}
{"event": "COMPACT_TIMING", "stage": "images_outputs", "boundary": "begin", "role": "query", "batch_start": 1184, "batch_size": 32, "seconds": 331.26755238091573}
{"event": "COMPACT_RUNTIME_HASH", "boundary": "begin", "elapsed_seconds": 0.0, "item_count": 1941}
{"event": "COMPACT_RUNTIME_HASH", "boundary": "end", "elapsed_seconds": 0.2972858459688723, "item_count": 1941}
{"event": "COMPACT_TIMING", "stage": "images_outputs", "boundary": "end", "role": "query", "batch_start": 1184, "batch_size": 32, "seconds": 332.3274449747987}
{"event": "COMPACT_TIMING", "stage": "images_outputs", "boundary": "begin", "role": "query", "batch_start": 1216, "batch_size": 32, "seconds": 332.32895470177755}
{"event": "COMPACT_RUNTIME_HASH", "boundary": "begin", "elapsed_seconds": 0.0, "item_count": 1941}
{"event": "COMPACT_RUNTIME_HASH", "boundary": "end", "elapsed_seconds": 0.33400679705664515, "item_count": 1941}
{"event": "COMPACT_TIMING", "stage": "images_outputs", "boundary": "end", "role": "query", "batch_start": 1216, "batch_size": 32, "seconds": 333.4313211250119}
{"event": "COMPACT_TIMING", "stage": "images_outputs", "boundary": "begin", "role": "query", "batch_start": 1248, "batch_size": 32, "seconds": 333.43295715469867}
{"event": "COMPACT_RUNTIME_HASH", "boundary": "begin", "elapsed_seconds": 0.0, "item_count": 1941}
{"event": "COMPACT_RUNTIME_HASH", "boundary": "end", "elapsed_seconds": 0.2936247931793332, "item_count": 1941}
{"event": "COMPACT_TIMING", "stage": "images_outputs", "boundary": "end", "role": "query", "batch_start": 1248, "batch_size": 32, "seconds": 334.51715565891936}
{"event": "COMPACT_TIMING", "stage": "images_outputs", "boundary": "begin", "role": "query", "batch_start": 1280, "batch_size": 32, "seconds": 334.51898706285283}
{"event": "COMPACT_RUNTIME_HASH", "boundary": "begin", "elapsed_seconds": 0.0, "item_count": 1941}
{"event": "COMPACT_RUNTIME_HASH", "boundary": "end", "elapsed_seconds": 0.32613620860502124, "item_count": 1941}
{"event": "COMPACT_TIMING", "stage": "images_outputs", "boundary": "end", "role": "query", "batch_start": 1280, "batch_size": 32, "seconds": 335.6259787087329}
{"event": "COMPACT_TIMING", "stage": "images_outputs", "boundary": "begin", "role": "query", "batch_start": 1312, "batch_size": 32, "seconds": 335.62760107405484}
{"event": "COMPACT_RUNTIME_HASH", "boundary": "begin", "elapsed_seconds": 0.0, "item_count": 1941}
{"event": "COMPACT_RUNTIME_HASH", "boundary": "end", "elapsed_seconds": 0.30066774832084775, "item_count": 1941}
{"event": "COMPACT_TIMING", "stage": "images_outputs", "boundary": "end", "role": "query", "batch_start": 1312, "batch_size": 32, "seconds": 336.6972552407533}
{"event": "COMPACT_TIMING", "stage": "images_outputs", "boundary": "begin", "role": "query", "batch_start": 1344, "batch_size": 32, "seconds": 336.6987511119805}
{"event": "COMPACT_RUNTIME_HASH", "boundary": "begin", "elapsed_seconds": 0.0, "item_count": 1941}
{"event": "COMPACT_RUNTIME_HASH", "boundary": "end", "elapsed_seconds": 0.48010086501017213, "item_count": 1941}
{"event": "COMPACT_TIMING", "stage": "images_outputs", "boundary": "end", "role": "query", "batch_start": 1344, "batch_size": 32, "seconds": 337.95088666677475}
{"event": "COMPACT_TIMING", "stage": "images_outputs", "boundary": "begin", "role": "query", "batch_start": 1376, "batch_size": 32, "seconds": 337.9518196647987}
{"event": "COMPACT_RUNTIME_HASH", "boundary": "begin", "elapsed_seconds": 0.0, "item_count": 1941}
{"event": "COMPACT_RUNTIME_HASH", "boundary": "end", "elapsed_seconds": 0.3480219659395516, "item_count": 1941}
{"event": "COMPACT_TIMING", "stage": "images_outputs", "boundary": "end", "role": "query", "batch_start": 1376, "batch_size": 32, "seconds": 339.09350161394104}
{"event": "COMPACT_TIMING", "stage": "images_outputs", "boundary": "begin", "role": "query", "batch_start": 1408, "batch_size": 32, "seconds": 339.09434150904417}
{"event": "COMPACT_RUNTIME_HASH", "boundary": "begin", "elapsed_seconds": 0.0, "item_count": 1941}
{"event": "COMPACT_RUNTIME_HASH", "boundary": "end", "elapsed_seconds": 0.31972550600767136, "item_count": 1941}
{"event": "COMPACT_TIMING", "stage": "images_outputs", "boundary": "end", "role": "query", "batch_start": 1408, "batch_size": 32, "seconds": 340.20526780793443}
{"event": "COMPACT_TIMING", "stage": "images_outputs", "boundary": "begin", "role": "query", "batch_start": 1440, "batch_size": 32, "seconds": 340.20764683699235}
{"event": "COMPACT_RUNTIME_HASH", "boundary": "begin", "elapsed_seconds": 0.0, "item_count": 1941}
{"event": "COMPACT_RUNTIME_HASH", "boundary": "end", "elapsed_seconds": 0.2960446891374886, "item_count": 1941}
{"event": "COMPACT_TIMING", "stage": "images_outputs", "boundary": "end", "role": "query", "batch_start": 1440, "batch_size": 32, "seconds": 341.2848428450525}
{"event": "COMPACT_TIMING", "stage": "images_outputs", "boundary": "begin", "role": "query", "batch_start": 1472, "batch_size": 32, "seconds": 341.28665063297376}
{"event": "COMPACT_RUNTIME_HASH", "boundary": "begin", "elapsed_seconds": 0.0, "item_count": 1941}
{"event": "COMPACT_RUNTIME_HASH", "boundary": "end", "elapsed_seconds": 0.34056853828951716, "item_count": 1941}
{"event": "COMPACT_TIMING", "stage": "images_outputs", "boundary": "end", "role": "query", "batch_start": 1472, "batch_size": 32, "seconds": 342.4004615978338}
{"event": "COMPACT_TIMING", "stage": "images_outputs", "boundary": "begin", "role": "query", "batch_start": 1504, "batch_size": 32, "seconds": 342.40190260577947}
{"event": "COMPACT_RUNTIME_HASH", "boundary": "begin", "elapsed_seconds": 0.0, "item_count": 1941}
{"event": "COMPACT_RUNTIME_HASH", "boundary": "end", "elapsed_seconds": 0.31964917480945587, "item_count": 1941}
{"event": "COMPACT_TIMING", "stage": "images_outputs", "boundary": "end", "role": "query", "batch_start": 1504, "batch_size": 32, "seconds": 343.46959805488586}
{"event": "COMPACT_TIMING", "stage": "images_outputs", "boundary": "begin", "role": "query", "batch_start": 1536, "batch_size": 32, "seconds": 343.47140003507957}
{"event": "COMPACT_RUNTIME_HASH", "boundary": "begin", "elapsed_seconds": 0.0, "item_count": 1941}
{"event": "COMPACT_RUNTIME_HASH", "boundary": "end", "elapsed_seconds": 0.3344764718785882, "item_count": 1941}
{"event": "COMPACT_TIMING", "stage": "images_outputs", "boundary": "end", "role": "query", "batch_start": 1536, "batch_size": 32, "seconds": 344.5710885580629}
{"event": "COMPACT_TIMING", "stage": "images_outputs", "boundary": "begin", "role": "query", "batch_start": 1568, "batch_size": 32, "seconds": 344.5731899267994}
{"event": "COMPACT_RUNTIME_HASH", "boundary": "begin", "elapsed_seconds": 0.0, "item_count": 1941}
{"event": "COMPACT_RUNTIME_HASH", "boundary": "end", "elapsed_seconds": 0.26885203504934907, "item_count": 1941}
{"event": "COMPACT_TIMING", "stage": "images_outputs", "boundary": "end", "role": "query", "batch_start": 1568, "batch_size": 32, "seconds": 345.65256488882005}
{"event": "COMPACT_TIMING", "stage": "images_outputs", "boundary": "begin", "role": "query", "batch_start": 1600, "batch_size": 32, "seconds": 345.65442645177245}
{"event": "COMPACT_RUNTIME_HASH", "boundary": "begin", "elapsed_seconds": 0.0, "item_count": 1941}
{"event": "COMPACT_RUNTIME_HASH", "boundary": "end", "elapsed_seconds": 0.3176090060733259, "item_count": 1941}
{"event": "COMPACT_TIMING", "stage": "images_outputs", "boundary": "end", "role": "query", "batch_start": 1600, "batch_size": 32, "seconds": 346.7402576827444}
{"event": "COMPACT_TIMING", "stage": "images_outputs", "boundary": "begin", "role": "query", "batch_start": 1632, "batch_size": 32, "seconds": 346.7410678337328}
{"event": "COMPACT_RUNTIME_HASH", "boundary": "begin", "elapsed_seconds": 0.0, "item_count": 1941}
{"event": "COMPACT_RUNTIME_HASH", "boundary": "end", "elapsed_seconds": 0.5030261832289398, "item_count": 1941}
{"event": "COMPACT_TIMING", "stage": "images_outputs", "boundary": "end", "role": "query", "batch_start": 1632, "batch_size": 32, "seconds": 348.00030002370477}
{"event": "COMPACT_TIMING", "stage": "images_outputs", "boundary": "begin", "role": "query", "batch_start": 1664, "batch_size": 32, "seconds": 348.0016207927838}
{"event": "COMPACT_RUNTIME_HASH", "boundary": "begin", "elapsed_seconds": 0.0, "item_count": 1941}
{"event": "COMPACT_RUNTIME_HASH", "boundary": "end", "elapsed_seconds": 0.2852251650765538, "item_count": 1941}
{"event": "COMPACT_TIMING", "stage": "images_outputs", "boundary": "end", "role": "query", "batch_start": 1664, "batch_size": 32, "seconds": 349.0376179590821}
{"event": "COMPACT_TIMING", "stage": "images_outputs", "boundary": "begin", "role": "query", "batch_start": 1696, "batch_size": 32, "seconds": 349.0414009569213}
{"event": "COMPACT_RUNTIME_HASH", "boundary": "begin", "elapsed_seconds": 0.0, "item_count": 1941}
{"event": "COMPACT_RUNTIME_HASH", "boundary": "end", "elapsed_seconds": 0.33785345824435353, "item_count": 1941}
{"event": "COMPACT_TIMING", "stage": "images_outputs", "boundary": "end", "role": "query", "batch_start": 1696, "batch_size": 32, "seconds": 350.1529167997651}
{"event": "COMPACT_TIMING", "stage": "images_outputs", "boundary": "begin", "role": "query", "batch_start": 1728, "batch_size": 6, "seconds": 350.1548667149618}
{"event": "COMPACT_RUNTIME_HASH", "boundary": "begin", "elapsed_seconds": 0.0, "item_count": 1941}
{"event": "COMPACT_RUNTIME_HASH", "boundary": "end", "elapsed_seconds": 0.33422164898365736, "item_count": 1941}
{"event": "COMPACT_TIMING", "stage": "images_outputs", "boundary": "end", "role": "query", "batch_start": 1728, "batch_size": 6, "seconds": 350.90084583172575}
{"event": "COMPACT_TIMING", "stage": "images_outputs", "boundary": "begin", "role": "gallery", "batch_start": 0, "batch_size": 32, "seconds": 350.9009326468222}
{"event": "COMPACT_RUNTIME_HASH", "boundary": "begin", "elapsed_seconds": 0.0, "item_count": 1941}
{"event": "COMPACT_RUNTIME_HASH", "boundary": "end", "elapsed_seconds": 0.30124308401718736, "item_count": 1941}
{"event": "COMPACT_TIMING", "stage": "images_outputs", "boundary": "end", "role": "gallery", "batch_start": 0, "batch_size": 32, "seconds": 352.3649492939003}
{"event": "COMPACT_TIMING", "stage": "images_outputs", "boundary": "begin", "role": "gallery", "batch_start": 32, "batch_size": 32, "seconds": 352.3656647577882}
{"event": "COMPACT_RUNTIME_HASH", "boundary": "begin", "elapsed_seconds": 0.0, "item_count": 1941}
{"event": "COMPACT_RUNTIME_HASH", "boundary": "end", "elapsed_seconds": 0.3262660368345678, "item_count": 1941}
{"event": "COMPACT_TIMING", "stage": "images_outputs", "boundary": "end", "role": "gallery", "batch_start": 32, "batch_size": 32, "seconds": 353.4561882209964}
{"event": "COMPACT_TIMING", "stage": "images_outputs", "boundary": "begin", "role": "gallery", "batch_start": 64, "batch_size": 32, "seconds": 353.4575945260003}
{"event": "COMPACT_RUNTIME_HASH", "boundary": "begin", "elapsed_seconds": 0.0, "item_count": 1941}
{"event": "COMPACT_RUNTIME_HASH", "boundary": "end", "elapsed_seconds": 0.33223660103976727, "item_count": 1941}
{"event": "COMPACT_TIMING", "stage": "images_outputs", "boundary": "end", "role": "gallery", "batch_start": 64, "batch_size": 32, "seconds": 354.5730701680295}
{"event": "COMPACT_TIMING", "stage": "images_outputs", "boundary": "begin", "role": "gallery", "batch_start": 96, "batch_size": 32, "seconds": 354.574740502052}
{"event": "COMPACT_RUNTIME_HASH", "boundary": "begin", "elapsed_seconds": 0.0, "item_count": 1941}
{"event": "COMPACT_RUNTIME_HASH", "boundary": "end", "elapsed_seconds": 0.3399367150850594, "item_count": 1941}
{"event": "COMPACT_TIMING", "stage": "images_outputs", "boundary": "end", "role": "gallery", "batch_start": 96, "batch_size": 32, "seconds": 355.7139642611146}
{"event": "COMPACT_TIMING", "stage": "images_outputs", "boundary": "begin", "role": "gallery", "batch_start": 128, "batch_size": 32, "seconds": 355.716004175134}
{"event": "COMPACT_RUNTIME_HASH", "boundary": "begin", "elapsed_seconds": 0.0, "item_count": 1941}
{"event": "COMPACT_RUNTIME_HASH", "boundary": "end", "elapsed_seconds": 0.3304372248239815, "item_count": 1941}
{"event": "COMPACT_TIMING", "stage": "images_outputs", "boundary": "end", "role": "gallery", "batch_start": 128, "batch_size": 32, "seconds": 356.8472012267448}
{"event": "COMPACT_TIMING", "stage": "images_outputs", "boundary": "begin", "role": "gallery", "batch_start": 160, "batch_size": 32, "seconds": 356.8493867069483}
{"event": "COMPACT_RUNTIME_HASH", "boundary": "begin", "elapsed_seconds": 0.0, "item_count": 1941}
{"event": "COMPACT_RUNTIME_HASH", "boundary": "end", "elapsed_seconds": 0.2889959029853344, "item_count": 1941}
{"event": "COMPACT_TIMING", "stage": "images_outputs", "boundary": "end", "role": "gallery", "batch_start": 160, "batch_size": 32, "seconds": 357.92335204873234}
{"event": "COMPACT_TIMING", "stage": "images_outputs", "boundary": "begin", "role": "gallery", "batch_start": 192, "batch_size": 32, "seconds": 357.9252423159778}
{"event": "COMPACT_RUNTIME_HASH", "boundary": "begin", "elapsed_seconds": 0.0, "item_count": 1941}
{"event": "COMPACT_RUNTIME_HASH", "boundary": "end", "elapsed_seconds": 0.43419841723516583, "item_count": 1941}
{"event": "COMPACT_TIMING", "stage": "images_outputs", "boundary": "end", "role": "gallery", "batch_start": 192, "batch_size": 32, "seconds": 359.157893368043}
{"event": "COMPACT_TIMING", "stage": "images_outputs", "boundary": "begin", "role": "gallery", "batch_start": 224, "batch_size": 32, "seconds": 359.1594844069332}
{"event": "COMPACT_RUNTIME_HASH", "boundary": "begin", "elapsed_seconds": 0.0, "item_count": 1941}
{"event": "COMPACT_RUNTIME_HASH", "boundary": "end", "elapsed_seconds": 0.33962901681661606, "item_count": 1941}
{"event": "COMPACT_TIMING", "stage": "images_outputs", "boundary": "end", "role": "gallery", "batch_start": 224, "batch_size": 32, "seconds": 360.27909806510434}
{"event": "COMPACT_TIMING", "stage": "images_outputs", "boundary": "begin", "role": "gallery", "batch_start": 256, "batch_size": 32, "seconds": 360.27963119512424}
{"event": "COMPACT_RUNTIME_HASH", "boundary": "begin", "elapsed_seconds": 0.0, "item_count": 1941}
{"event": "COMPACT_RUNTIME_HASH", "boundary": "end", "elapsed_seconds": 0.3279098882339895, "item_count": 1941}
{"event": "COMPACT_TIMING", "stage": "images_outputs", "boundary": "end", "role": "gallery", "batch_start": 256, "batch_size": 32, "seconds": 361.3766018860042}
{"event": "COMPACT_TIMING", "stage": "images_outputs", "boundary": "begin", "role": "gallery", "batch_start": 288, "batch_size": 32, "seconds": 361.3773773019202}
{"event": "COMPACT_RUNTIME_HASH", "boundary": "begin", "elapsed_seconds": 0.0, "item_count": 1941}
{"event": "COMPACT_RUNTIME_HASH", "boundary": "end", "elapsed_seconds": 0.33367373375222087, "item_count": 1941}
{"event": "COMPACT_TIMING", "stage": "images_outputs", "boundary": "end", "role": "gallery", "batch_start": 288, "batch_size": 32, "seconds": 362.51695976080373}
{"event": "COMPACT_TIMING", "stage": "images_outputs", "boundary": "begin", "role": "gallery", "batch_start": 320, "batch_size": 32, "seconds": 362.5196038610302}
{"event": "COMPACT_RUNTIME_HASH", "boundary": "begin", "elapsed_seconds": 0.0, "item_count": 1941}
{"event": "COMPACT_RUNTIME_HASH", "boundary": "end", "elapsed_seconds": 0.2719005011022091, "item_count": 1941}
{"event": "COMPACT_TIMING", "stage": "images_outputs", "boundary": "end", "role": "gallery", "batch_start": 320, "batch_size": 32, "seconds": 363.56323442887515}
{"event": "COMPACT_TIMING", "stage": "images_outputs", "boundary": "begin", "role": "gallery", "batch_start": 352, "batch_size": 32, "seconds": 363.5649225548841}
{"event": "COMPACT_RUNTIME_HASH", "boundary": "begin", "elapsed_seconds": 0.0, "item_count": 1941}
{"event": "COMPACT_RUNTIME_HASH", "boundary": "end", "elapsed_seconds": 0.2937510060146451, "item_count": 1941}
{"event": "COMPACT_TIMING", "stage": "images_outputs", "boundary": "end", "role": "gallery", "batch_start": 352, "batch_size": 32, "seconds": 364.63436617702246}
{"event": "COMPACT_TIMING", "stage": "images_outputs", "boundary": "begin", "role": "gallery", "batch_start": 384, "batch_size": 32, "seconds": 364.63615742186084}
{"event": "COMPACT_RUNTIME_HASH", "boundary": "begin", "elapsed_seconds": 0.0, "item_count": 1941}
{"event": "COMPACT_RUNTIME_HASH", "boundary": "end", "elapsed_seconds": 0.33414425794035196, "item_count": 1941}
{"event": "COMPACT_TIMING", "stage": "images_outputs", "boundary": "end", "role": "gallery", "batch_start": 384, "batch_size": 32, "seconds": 365.74974753614515}
{"event": "COMPACT_TIMING", "stage": "images_outputs", "boundary": "begin", "role": "gallery", "batch_start": 416, "batch_size": 32, "seconds": 365.75116990413517}
{"event": "COMPACT_RUNTIME_HASH", "boundary": "begin", "elapsed_seconds": 0.0, "item_count": 1941}
{"event": "COMPACT_RUNTIME_HASH", "boundary": "end", "elapsed_seconds": 0.30805308697745204, "item_count": 1941}
{"event": "COMPACT_TIMING", "stage": "images_outputs", "boundary": "end", "role": "gallery", "batch_start": 416, "batch_size": 32, "seconds": 366.85122901480645}
{"event": "COMPACT_TIMING", "stage": "images_outputs", "boundary": "begin", "role": "gallery", "batch_start": 448, "batch_size": 32, "seconds": 366.85201241401955}
{"event": "COMPACT_RUNTIME_HASH", "boundary": "begin", "elapsed_seconds": 0.0, "item_count": 1941}
{"event": "COMPACT_RUNTIME_HASH", "boundary": "end", "elapsed_seconds": 0.3075837679207325, "item_count": 1941}
{"event": "COMPACT_TIMING", "stage": "images_outputs", "boundary": "end", "role": "gallery", "batch_start": 448, "batch_size": 32, "seconds": 367.9241627380252}
{"event": "COMPACT_TIMING", "stage": "images_outputs", "boundary": "begin", "role": "gallery", "batch_start": 480, "batch_size": 32, "seconds": 367.9253465337679}
{"event": "COMPACT_RUNTIME_HASH", "boundary": "begin", "elapsed_seconds": 0.0, "item_count": 1941}
{"event": "COMPACT_RUNTIME_HASH", "boundary": "end", "elapsed_seconds": 0.2802476491779089, "item_count": 1941}
{"event": "COMPACT_TIMING", "stage": "images_outputs", "boundary": "end", "role": "gallery", "batch_start": 480, "batch_size": 32, "seconds": 368.9670230890624}
{"event": "COMPACT_TIMING", "stage": "images_outputs", "boundary": "begin", "role": "gallery", "batch_start": 512, "batch_size": 32, "seconds": 368.96856089681387}
{"event": "COMPACT_RUNTIME_HASH", "boundary": "begin", "elapsed_seconds": 0.0, "item_count": 1941}
{"event": "COMPACT_RUNTIME_HASH", "boundary": "end", "elapsed_seconds": 0.33698765793815255, "item_count": 1941}
{"event": "COMPACT_TIMING", "stage": "images_outputs", "boundary": "end", "role": "gallery", "batch_start": 512, "batch_size": 32, "seconds": 370.1106127537787}
{"event": "COMPACT_TIMING", "stage": "images_outputs", "boundary": "begin", "role": "gallery", "batch_start": 544, "batch_size": 32, "seconds": 370.11228982405737}
{"event": "COMPACT_RUNTIME_HASH", "boundary": "begin", "elapsed_seconds": 0.0, "item_count": 1941}
{"event": "COMPACT_RUNTIME_HASH", "boundary": "end", "elapsed_seconds": 0.29974524723365903, "item_count": 1941}
{"event": "COMPACT_TIMING", "stage": "images_outputs", "boundary": "end", "role": "gallery", "batch_start": 544, "batch_size": 32, "seconds": 371.1933045270853}
{"event": "COMPACT_TIMING", "stage": "images_outputs", "boundary": "begin", "role": "gallery", "batch_start": 576, "batch_size": 32, "seconds": 371.19617065694183}
{"event": "COMPACT_RUNTIME_HASH", "boundary": "begin", "elapsed_seconds": 0.0, "item_count": 1941}
{"event": "COMPACT_RUNTIME_HASH", "boundary": "end", "elapsed_seconds": 0.43876513792201877, "item_count": 1941}
{"event": "COMPACT_TIMING", "stage": "images_outputs", "boundary": "end", "role": "gallery", "batch_start": 576, "batch_size": 32, "seconds": 372.410210960079}
{"event": "COMPACT_TIMING", "stage": "images_outputs", "boundary": "begin", "role": "gallery", "batch_start": 608, "batch_size": 32, "seconds": 372.41241133678705}
{"event": "COMPACT_RUNTIME_HASH", "boundary": "begin", "elapsed_seconds": 0.0, "item_count": 1941}
{"event": "COMPACT_RUNTIME_HASH", "boundary": "end", "elapsed_seconds": 0.315300390124321, "item_count": 1941}
{"event": "COMPACT_TIMING", "stage": "images_outputs", "boundary": "end", "role": "gallery", "batch_start": 608, "batch_size": 32, "seconds": 373.4959254618734}
{"event": "COMPACT_TIMING", "stage": "images_outputs", "boundary": "begin", "role": "gallery", "batch_start": 640, "batch_size": 32, "seconds": 373.49765910673887}
{"event": "COMPACT_RUNTIME_HASH", "boundary": "begin", "elapsed_seconds": 0.0, "item_count": 1941}
{"event": "COMPACT_RUNTIME_HASH", "boundary": "end", "elapsed_seconds": 0.34576660115271807, "item_count": 1941}
{"event": "COMPACT_TIMING", "stage": "images_outputs", "boundary": "end", "role": "gallery", "batch_start": 640, "batch_size": 32, "seconds": 374.6530075171031}
{"event": "COMPACT_TIMING", "stage": "images_outputs", "boundary": "begin", "role": "gallery", "batch_start": 672, "batch_size": 32, "seconds": 374.6543972939253}
{"event": "COMPACT_RUNTIME_HASH", "boundary": "begin", "elapsed_seconds": 0.0, "item_count": 1941}
{"event": "COMPACT_RUNTIME_HASH", "boundary": "end", "elapsed_seconds": 0.26925171818584204, "item_count": 1941}
{"event": "COMPACT_TIMING", "stage": "images_outputs", "boundary": "end", "role": "gallery", "batch_start": 672, "batch_size": 32, "seconds": 375.7312168898061}
{"event": "COMPACT_TIMING", "stage": "images_outputs", "boundary": "begin", "role": "gallery", "batch_start": 704, "batch_size": 32, "seconds": 375.7334202430211}
{"event": "COMPACT_RUNTIME_HASH", "boundary": "begin", "elapsed_seconds": 0.0, "item_count": 1941}
{"event": "COMPACT_RUNTIME_HASH", "boundary": "end", "elapsed_seconds": 0.26861385721713305, "item_count": 1941}
{"event": "COMPACT_TIMING", "stage": "images_outputs", "boundary": "end", "role": "gallery", "batch_start": 704, "batch_size": 32, "seconds": 376.79329533176497}
{"event": "COMPACT_TIMING", "stage": "images_outputs", "boundary": "begin", "role": "gallery", "batch_start": 736, "batch_size": 32, "seconds": 376.79530268674716}
{"event": "COMPACT_RUNTIME_HASH", "boundary": "begin", "elapsed_seconds": 0.0, "item_count": 1941}
{"event": "COMPACT_RUNTIME_HASH", "boundary": "end", "elapsed_seconds": 0.2791329841129482, "item_count": 1941}
{"event": "COMPACT_TIMING", "stage": "images_outputs", "boundary": "end", "role": "gallery", "batch_start": 736, "batch_size": 32, "seconds": 377.83745359582826}
{"event": "COMPACT_TIMING", "stage": "images_outputs", "boundary": "begin", "role": "gallery", "batch_start": 768, "batch_size": 32, "seconds": 377.8389848121442}
{"event": "COMPACT_RUNTIME_HASH", "boundary": "begin", "elapsed_seconds": 0.0, "item_count": 1941}
{"event": "COMPACT_RUNTIME_HASH", "boundary": "end", "elapsed_seconds": 0.3077474390156567, "item_count": 1941}
{"event": "COMPACT_TIMING", "stage": "images_outputs", "boundary": "end", "role": "gallery", "batch_start": 768, "batch_size": 32, "seconds": 378.92527838004753}
{"event": "COMPACT_TIMING", "stage": "images_outputs", "boundary": "begin", "role": "gallery", "batch_start": 800, "batch_size": 32, "seconds": 378.92740834178403}
{"event": "COMPACT_RUNTIME_HASH", "boundary": "begin", "elapsed_seconds": 0.0, "item_count": 1941}
{"event": "COMPACT_RUNTIME_HASH", "boundary": "end", "elapsed_seconds": 0.31854843394830823, "item_count": 1941}
{"event": "COMPACT_TIMING", "stage": "images_outputs", "boundary": "end", "role": "gallery", "batch_start": 800, "batch_size": 32, "seconds": 380.01276588998735}
{"event": "COMPACT_TIMING", "stage": "images_outputs", "boundary": "begin", "role": "gallery", "batch_start": 832, "batch_size": 32, "seconds": 380.01368220103905}
{"event": "COMPACT_RUNTIME_HASH", "boundary": "begin", "elapsed_seconds": 0.0, "item_count": 1941}
{"event": "COMPACT_RUNTIME_HASH", "boundary": "end", "elapsed_seconds": 0.32420846121385694, "item_count": 1941}
{"event": "COMPACT_TIMING", "stage": "images_outputs", "boundary": "end", "role": "gallery", "batch_start": 832, "batch_size": 32, "seconds": 381.1033905548975}
{"event": "COMPACT_TIMING", "stage": "images_outputs", "boundary": "begin", "role": "gallery", "batch_start": 864, "batch_size": 32, "seconds": 381.10470070084557}
{"event": "COMPACT_RUNTIME_HASH", "boundary": "begin", "elapsed_seconds": 0.0, "item_count": 1941}
{"event": "COMPACT_RUNTIME_HASH", "boundary": "end", "elapsed_seconds": 0.32938502123579383, "item_count": 1941}
{"event": "COMPACT_TIMING", "stage": "images_outputs", "boundary": "end", "role": "gallery", "batch_start": 864, "batch_size": 32, "seconds": 382.20481408480555}
{"event": "COMPACT_TIMING", "stage": "images_outputs", "boundary": "begin", "role": "gallery", "batch_start": 896, "batch_size": 32, "seconds": 382.2061795271002}
{"event": "COMPACT_RUNTIME_HASH", "boundary": "begin", "elapsed_seconds": 0.0, "item_count": 1941}
{"event": "COMPACT_RUNTIME_HASH", "boundary": "end", "elapsed_seconds": 0.31519060116261244, "item_count": 1941}
{"event": "COMPACT_TIMING", "stage": "images_outputs", "boundary": "end", "role": "gallery", "batch_start": 896, "batch_size": 32, "seconds": 383.2840594020672}
{"event": "COMPACT_TIMING", "stage": "images_outputs", "boundary": "begin", "role": "gallery", "batch_start": 928, "batch_size": 32, "seconds": 383.2856420259923}
{"event": "COMPACT_RUNTIME_HASH", "boundary": "begin", "elapsed_seconds": 0.0, "item_count": 1941}
{"event": "COMPACT_RUNTIME_HASH", "boundary": "end", "elapsed_seconds": 0.3242833763360977, "item_count": 1941}
{"event": "COMPACT_TIMING", "stage": "images_outputs", "boundary": "end", "role": "gallery", "batch_start": 928, "batch_size": 32, "seconds": 384.3730275169946}
{"event": "COMPACT_TIMING", "stage": "images_outputs", "boundary": "begin", "role": "gallery", "batch_start": 960, "batch_size": 32, "seconds": 384.3751687579788}
{"event": "COMPACT_RUNTIME_HASH", "boundary": "begin", "elapsed_seconds": 0.0, "item_count": 1941}
{"event": "COMPACT_RUNTIME_HASH", "boundary": "end", "elapsed_seconds": 0.4895343999378383, "item_count": 1941}
{"event": "COMPACT_TIMING", "stage": "images_outputs", "boundary": "end", "role": "gallery", "batch_start": 960, "batch_size": 32, "seconds": 385.6336582819931}
{"event": "COMPACT_TIMING", "stage": "images_outputs", "boundary": "begin", "role": "gallery", "batch_start": 992, "batch_size": 32, "seconds": 385.63563046976924}
{"event": "COMPACT_RUNTIME_HASH", "boundary": "begin", "elapsed_seconds": 0.0, "item_count": 1941}
{"event": "COMPACT_RUNTIME_HASH", "boundary": "end", "elapsed_seconds": 0.27676231088116765, "item_count": 1941}
{"event": "COMPACT_TIMING", "stage": "images_outputs", "boundary": "end", "role": "gallery", "batch_start": 992, "batch_size": 32, "seconds": 386.7037678658962}
{"event": "COMPACT_TIMING", "stage": "images_outputs", "boundary": "begin", "role": "gallery", "batch_start": 1024, "batch_size": 32, "seconds": 386.70571827795357}
{"event": "COMPACT_RUNTIME_HASH", "boundary": "begin", "elapsed_seconds": 0.0, "item_count": 1941}
{"event": "COMPACT_RUNTIME_HASH", "boundary": "end", "elapsed_seconds": 0.31562273018062115, "item_count": 1941}
{"event": "COMPACT_TIMING", "stage": "images_outputs", "boundary": "end", "role": "gallery", "batch_start": 1024, "batch_size": 32, "seconds": 387.80380459781736}
{"event": "COMPACT_TIMING", "stage": "images_outputs", "boundary": "begin", "role": "gallery", "batch_start": 1056, "batch_size": 32, "seconds": 387.80486961081624}
{"event": "COMPACT_RUNTIME_HASH", "boundary": "begin", "elapsed_seconds": 0.0, "item_count": 1941}
{"event": "COMPACT_RUNTIME_HASH", "boundary": "end", "elapsed_seconds": 0.2717745960690081, "item_count": 1941}
{"event": "COMPACT_TIMING", "stage": "images_outputs", "boundary": "end", "role": "gallery", "batch_start": 1056, "batch_size": 32, "seconds": 388.85606144275516}
{"event": "COMPACT_TIMING", "stage": "images_outputs", "boundary": "begin", "role": "gallery", "batch_start": 1088, "batch_size": 32, "seconds": 388.85786524787545}
{"event": "COMPACT_RUNTIME_HASH", "boundary": "begin", "elapsed_seconds": 0.0, "item_count": 1941}
{"event": "COMPACT_RUNTIME_HASH", "boundary": "end", "elapsed_seconds": 0.28657284704968333, "item_count": 1941}
{"event": "COMPACT_TIMING", "stage": "images_outputs", "boundary": "end", "role": "gallery", "batch_start": 1088, "batch_size": 32, "seconds": 389.92698251176625}
{"event": "COMPACT_TIMING", "stage": "images_outputs", "boundary": "begin", "role": "gallery", "batch_start": 1120, "batch_size": 32, "seconds": 389.93014302290976}
{"event": "COMPACT_RUNTIME_HASH", "boundary": "begin", "elapsed_seconds": 0.0, "item_count": 1941}
{"event": "COMPACT_RUNTIME_HASH", "boundary": "end", "elapsed_seconds": 0.2958141011185944, "item_count": 1941}
{"event": "COMPACT_TIMING", "stage": "images_outputs", "boundary": "end", "role": "gallery", "batch_start": 1120, "batch_size": 32, "seconds": 391.0403718338348}
{"event": "COMPACT_TIMING", "stage": "images_outputs", "boundary": "begin", "role": "gallery", "batch_start": 1152, "batch_size": 32, "seconds": 391.04238690203056}
{"event": "COMPACT_RUNTIME_HASH", "boundary": "begin", "elapsed_seconds": 0.0, "item_count": 1941}
{"event": "COMPACT_RUNTIME_HASH", "boundary": "end", "elapsed_seconds": 0.25945241609588265, "item_count": 1941}
{"event": "COMPACT_TIMING", "stage": "images_outputs", "boundary": "end", "role": "gallery", "batch_start": 1152, "batch_size": 32, "seconds": 392.0812658248469}
{"event": "COMPACT_TIMING", "stage": "images_outputs", "boundary": "begin", "role": "gallery", "batch_start": 1184, "batch_size": 32, "seconds": 392.0826049321331}
{"event": "COMPACT_RUNTIME_HASH", "boundary": "begin", "elapsed_seconds": 0.0, "item_count": 1941}
{"event": "COMPACT_RUNTIME_HASH", "boundary": "end", "elapsed_seconds": 0.310450810007751, "item_count": 1941}
{"event": "COMPACT_TIMING", "stage": "images_outputs", "boundary": "end", "role": "gallery", "batch_start": 1184, "batch_size": 32, "seconds": 393.190267293714}
{"event": "COMPACT_TIMING", "stage": "images_outputs", "boundary": "begin", "role": "gallery", "batch_start": 1216, "batch_size": 32, "seconds": 393.1912387236953}
{"event": "COMPACT_RUNTIME_HASH", "boundary": "begin", "elapsed_seconds": 0.0, "item_count": 1941}
{"event": "COMPACT_RUNTIME_HASH", "boundary": "end", "elapsed_seconds": 0.3339565908536315, "item_count": 1941}
{"event": "COMPACT_TIMING", "stage": "images_outputs", "boundary": "end", "role": "gallery", "batch_start": 1216, "batch_size": 32, "seconds": 394.3063490130007}
{"event": "COMPACT_TIMING", "stage": "images_outputs", "boundary": "begin", "role": "gallery", "batch_start": 1248, "batch_size": 32, "seconds": 394.30791939701885}
{"event": "COMPACT_RUNTIME_HASH", "boundary": "begin", "elapsed_seconds": 0.0, "item_count": 1941}
{"event": "COMPACT_RUNTIME_HASH", "boundary": "end", "elapsed_seconds": 0.45118133444339037, "item_count": 1941}
{"event": "COMPACT_TIMING", "stage": "images_outputs", "boundary": "end", "role": "gallery", "batch_start": 1248, "batch_size": 32, "seconds": 395.56022777268663}
{"event": "COMPACT_TIMING", "stage": "images_outputs", "boundary": "begin", "role": "gallery", "batch_start": 1280, "batch_size": 32, "seconds": 395.5610524211079}
{"event": "COMPACT_RUNTIME_HASH", "boundary": "begin", "elapsed_seconds": 0.0, "item_count": 1941}
{"event": "COMPACT_RUNTIME_HASH", "boundary": "end", "elapsed_seconds": 0.28722700010985136, "item_count": 1941}
{"event": "COMPACT_TIMING", "stage": "images_outputs", "boundary": "end", "role": "gallery", "batch_start": 1280, "batch_size": 32, "seconds": 396.61174747301266}
{"event": "COMPACT_TIMING", "stage": "images_outputs", "boundary": "begin", "role": "gallery", "batch_start": 1312, "batch_size": 32, "seconds": 396.6135339830071}
{"event": "COMPACT_RUNTIME_HASH", "boundary": "begin", "elapsed_seconds": 0.0, "item_count": 1941}
{"event": "COMPACT_RUNTIME_HASH", "boundary": "end", "elapsed_seconds": 0.2748932898975909, "item_count": 1941}
{"event": "COMPACT_TIMING", "stage": "images_outputs", "boundary": "end", "role": "gallery", "batch_start": 1312, "batch_size": 32, "seconds": 397.67352513503283}
{"event": "COMPACT_TIMING", "stage": "images_outputs", "boundary": "begin", "role": "gallery", "batch_start": 1344, "batch_size": 32, "seconds": 397.6751989419572}
{"event": "COMPACT_RUNTIME_HASH", "boundary": "begin", "elapsed_seconds": 0.0, "item_count": 1941}
{"event": "COMPACT_RUNTIME_HASH", "boundary": "end", "elapsed_seconds": 0.310631746891886, "item_count": 1941}
{"event": "COMPACT_TIMING", "stage": "images_outputs", "boundary": "end", "role": "gallery", "batch_start": 1344, "batch_size": 32, "seconds": 398.76460489910096}
{"event": "COMPACT_TIMING", "stage": "images_outputs", "boundary": "begin", "role": "gallery", "batch_start": 1376, "batch_size": 32, "seconds": 398.76548420172185}
{"event": "COMPACT_RUNTIME_HASH", "boundary": "begin", "elapsed_seconds": 0.0, "item_count": 1941}
{"event": "COMPACT_RUNTIME_HASH", "boundary": "end", "elapsed_seconds": 0.317763838917017, "item_count": 1941}
{"event": "COMPACT_TIMING", "stage": "images_outputs", "boundary": "end", "role": "gallery", "batch_start": 1376, "batch_size": 32, "seconds": 399.8520739991218}
{"event": "COMPACT_TIMING", "stage": "images_outputs", "boundary": "begin", "role": "gallery", "batch_start": 1408, "batch_size": 32, "seconds": 399.8526545050554}
{"event": "COMPACT_RUNTIME_HASH", "boundary": "begin", "elapsed_seconds": 0.0, "item_count": 1941}
{"event": "COMPACT_RUNTIME_HASH", "boundary": "end", "elapsed_seconds": 0.31551941903308034, "item_count": 1941}
{"event": "COMPACT_TIMING", "stage": "images_outputs", "boundary": "end", "role": "gallery", "batch_start": 1408, "batch_size": 32, "seconds": 400.9478573841043}
{"event": "COMPACT_TIMING", "stage": "images_outputs", "boundary": "begin", "role": "gallery", "batch_start": 1440, "batch_size": 32, "seconds": 400.94999621110037}
{"event": "COMPACT_RUNTIME_HASH", "boundary": "begin", "elapsed_seconds": 0.0, "item_count": 1941}
{"event": "COMPACT_RUNTIME_HASH", "boundary": "end", "elapsed_seconds": 0.2778199822641909, "item_count": 1941}
{"event": "COMPACT_TIMING", "stage": "images_outputs", "boundary": "end", "role": "gallery", "batch_start": 1440, "batch_size": 32, "seconds": 402.02465898077935}
{"event": "COMPACT_TIMING", "stage": "images_outputs", "boundary": "begin", "role": "gallery", "batch_start": 1472, "batch_size": 32, "seconds": 402.02627243613824}
{"event": "COMPACT_RUNTIME_HASH", "boundary": "begin", "elapsed_seconds": 0.0, "item_count": 1941}
{"event": "COMPACT_RUNTIME_HASH", "boundary": "end", "elapsed_seconds": 0.2648381181061268, "item_count": 1941}
{"event": "COMPACT_TIMING", "stage": "images_outputs", "boundary": "end", "role": "gallery", "batch_start": 1472, "batch_size": 32, "seconds": 403.09273977112025}
{"event": "COMPACT_TIMING", "stage": "images_outputs", "boundary": "begin", "role": "gallery", "batch_start": 1504, "batch_size": 32, "seconds": 403.0945124728605}
{"event": "COMPACT_RUNTIME_HASH", "boundary": "begin", "elapsed_seconds": 0.0, "item_count": 1941}
{"event": "COMPACT_RUNTIME_HASH", "boundary": "end", "elapsed_seconds": 0.3299455130472779, "item_count": 1941}
{"event": "COMPACT_TIMING", "stage": "images_outputs", "boundary": "end", "role": "gallery", "batch_start": 1504, "batch_size": 32, "seconds": 404.2134281429462}
{"event": "COMPACT_TIMING", "stage": "images_outputs", "boundary": "begin", "role": "gallery", "batch_start": 1536, "batch_size": 32, "seconds": 404.21526561304927}
{"event": "COMPACT_RUNTIME_HASH", "boundary": "begin", "elapsed_seconds": 0.0, "item_count": 1941}
{"event": "COMPACT_RUNTIME_HASH", "boundary": "end", "elapsed_seconds": 0.326789743732661, "item_count": 1941}
{"event": "COMPACT_TIMING", "stage": "images_outputs", "boundary": "end", "role": "gallery", "batch_start": 1536, "batch_size": 32, "seconds": 405.32599349692464}
{"event": "COMPACT_TIMING", "stage": "images_outputs", "boundary": "begin", "role": "gallery", "batch_start": 1568, "batch_size": 32, "seconds": 405.3271526847966}
{"event": "COMPACT_RUNTIME_HASH", "boundary": "begin", "elapsed_seconds": 0.0, "item_count": 1941}
{"event": "COMPACT_RUNTIME_HASH", "boundary": "end", "elapsed_seconds": 0.4631602820008993, "item_count": 1941}
{"event": "COMPACT_TIMING", "stage": "images_outputs", "boundary": "end", "role": "gallery", "batch_start": 1568, "batch_size": 32, "seconds": 406.5747427777387}
{"event": "COMPACT_TIMING", "stage": "images_outputs", "boundary": "begin", "role": "gallery", "batch_start": 1600, "batch_size": 32, "seconds": 406.5760712600313}
{"event": "COMPACT_RUNTIME_HASH", "boundary": "begin", "elapsed_seconds": 0.0, "item_count": 1941}
{"event": "COMPACT_RUNTIME_HASH", "boundary": "end", "elapsed_seconds": 0.3045378187671304, "item_count": 1941}
{"event": "COMPACT_TIMING", "stage": "images_outputs", "boundary": "end", "role": "gallery", "batch_start": 1600, "batch_size": 32, "seconds": 407.6939921528101}
{"event": "COMPACT_TIMING", "stage": "images_outputs", "boundary": "begin", "role": "gallery", "batch_start": 1632, "batch_size": 32, "seconds": 407.69596264511347}
{"event": "COMPACT_RUNTIME_HASH", "boundary": "begin", "elapsed_seconds": 0.0, "item_count": 1941}
{"event": "COMPACT_RUNTIME_HASH", "boundary": "end", "elapsed_seconds": 0.2934761750511825, "item_count": 1941}
{"event": "COMPACT_TIMING", "stage": "images_outputs", "boundary": "end", "role": "gallery", "batch_start": 1632, "batch_size": 32, "seconds": 408.7670646500774}
{"event": "COMPACT_TIMING", "stage": "images_outputs", "boundary": "begin", "role": "gallery", "batch_start": 1664, "batch_size": 32, "seconds": 408.76867337012663}
{"event": "COMPACT_RUNTIME_HASH", "boundary": "begin", "elapsed_seconds": 0.0, "item_count": 1941}
{"event": "COMPACT_RUNTIME_HASH", "boundary": "end", "elapsed_seconds": 0.29618447180837393, "item_count": 1941}
{"event": "COMPACT_TIMING", "stage": "images_outputs", "boundary": "end", "role": "gallery", "batch_start": 1664, "batch_size": 32, "seconds": 409.83206233382225}
{"event": "COMPACT_TIMING", "stage": "images_outputs", "boundary": "begin", "role": "gallery", "batch_start": 1696, "batch_size": 19, "seconds": 409.8333642408252}
{"event": "COMPACT_RUNTIME_HASH", "boundary": "begin", "elapsed_seconds": 0.0, "item_count": 1941}
{"event": "COMPACT_RUNTIME_HASH", "boundary": "end", "elapsed_seconds": 0.2869128570891917, "item_count": 1941}
{"event": "COMPACT_TIMING", "stage": "images_outputs", "boundary": "end", "role": "gallery", "batch_start": 1696, "batch_size": 19, "seconds": 410.61558547010645}
{"event": "COMPACT_TIMING", "stage": "export_pass", "boundary": "end", "pass_index": 0, "seconds": 410.6180857811123}
{"event": "COMPACT_TIMING", "stage": "postpass_endpoint_facts", "boundary": "begin", "pass_index": 0, "seconds": 410.6181262447499}
{"event": "COMPACT_TIMING", "stage": "postpass_endpoint_facts", "boundary": "end", "pass_index": 0, "seconds": 411.5686176768504}
{"event": "COMPACT_TIMING", "stage": "postpass_audit", "boundary": "begin", "pass_index": 0, "seconds": 411.56865882873535}
{"event": "COMPACT_TIMING", "stage": "postpass_audit", "boundary": "end", "pass_index": 0, "seconds": 418.30613333405927}
{"event": "COMPACT_TIMING", "stage": "loader", "boundary": "begin", "pass_index": 1, "seconds": 418.50177879212424}
{"event": "COMPACT_RUNTIME_HASH", "boundary": "begin", "elapsed_seconds": 0.0, "item_count": 1941}
{"event": "COMPACT_RUNTIME_HASH", "boundary": "end", "elapsed_seconds": 0.284310057759285, "item_count": 1941}
{"event": "COMPACT_TIMING", "stage": "loader", "boundary": "end", "pass_index": 1, "seconds": 431.0385130327195}
{"event": "COMPACT_TIMING", "stage": "endpoint_facts", "boundary": "begin", "pass_index": 1, "seconds": 431.03858226398006}
{"event": "COMPACT_TIMING", "stage": "endpoint_facts", "boundary": "end", "pass_index": 1, "seconds": 432.1508380831219}
{"event": "COMPACT_TIMING", "stage": "witness", "boundary": "begin", "pass_index": 1, "seconds": 432.1508863698691}
{"event": "COMPACT_RUNTIME_HASH", "boundary": "begin", "elapsed_seconds": 0.0, "item_count": 1941}
{"event": "COMPACT_RUNTIME_HASH", "boundary": "end", "elapsed_seconds": 0.266023363918066, "item_count": 1941}
{"event": "COMPACT_TIMING", "stage": "witness", "boundary": "end", "pass_index": 1, "seconds": 433.20927159208804}
{"event": "COMPACT_TIMING", "stage": "diagnostic", "boundary": "begin", "pass_index": 1, "seconds": 433.2093395269476}
{"event": "COMPACT_RUNTIME_HASH", "boundary": "begin", "elapsed_seconds": 0.0, "item_count": 1941}
{"event": "COMPACT_RUNTIME_HASH", "boundary": "end", "elapsed_seconds": 0.2931806114502251, "item_count": 1941}
{"event": "COMPACT_RUNTIME_HASH", "boundary": "begin", "elapsed_seconds": 0.0, "item_count": 1941}
{"event": "COMPACT_RUNTIME_HASH", "boundary": "end", "elapsed_seconds": 0.3454111800529063, "item_count": 1941}
{"event": "COMPACT_RUNTIME_HASH", "boundary": "begin", "elapsed_seconds": 0.0, "item_count": 1941}
{"event": "COMPACT_RUNTIME_HASH", "boundary": "end", "elapsed_seconds": 0.33312679128721356, "item_count": 1941}
{"event": "COMPACT_RUNTIME_HASH", "boundary": "begin", "elapsed_seconds": 0.0, "item_count": 1941}
{"event": "COMPACT_RUNTIME_HASH", "boundary": "end", "elapsed_seconds": 0.29084790498018265, "item_count": 1941}
{"event": "COMPACT_RUNTIME_HASH", "boundary": "begin", "elapsed_seconds": 0.0, "item_count": 1941}
{"event": "COMPACT_RUNTIME_HASH", "boundary": "end", "elapsed_seconds": 0.3077464681118727, "item_count": 1941}
{"event": "COMPACT_RUNTIME_HASH", "boundary": "begin", "elapsed_seconds": 0.0, "item_count": 1941}
{"event": "COMPACT_RUNTIME_HASH", "boundary": "end", "elapsed_seconds": 0.33470707619562745, "item_count": 1941}
{"event": "COMPACT_RUNTIME_HASH", "boundary": "begin", "elapsed_seconds": 0.0, "item_count": 1941}
{"event": "COMPACT_RUNTIME_HASH", "boundary": "end", "elapsed_seconds": 0.3147136219777167, "item_count": 1941}
{"event": "COMPACT_RUNTIME_HASH", "boundary": "begin", "elapsed_seconds": 0.0, "item_count": 1941}
{"event": "COMPACT_RUNTIME_HASH", "boundary": "end", "elapsed_seconds": 0.3738164510577917, "item_count": 1941}
{"event": "COMPACT_RUNTIME_HASH", "boundary": "begin", "elapsed_seconds": 0.0, "item_count": 1941}
{"event": "COMPACT_RUNTIME_HASH", "boundary": "end", "elapsed_seconds": 0.2766586667858064, "item_count": 1941}
{"event": "COMPACT_RUNTIME_HASH", "boundary": "begin", "elapsed_seconds": 0.0, "item_count": 1941}
{"event": "COMPACT_RUNTIME_HASH", "boundary": "end", "elapsed_seconds": 0.2826666133478284, "item_count": 1941}
{"event": "COMPACT_RUNTIME_HASH", "boundary": "begin", "elapsed_seconds": 0.0, "item_count": 1941}
{"event": "COMPACT_RUNTIME_HASH", "boundary": "end", "elapsed_seconds": 0.3239670838229358, "item_count": 1941}
{"event": "COMPACT_RUNTIME_HASH", "boundary": "begin", "elapsed_seconds": 0.0, "item_count": 1941}
{"event": "COMPACT_RUNTIME_HASH", "boundary": "end", "elapsed_seconds": 0.47339476738125086, "item_count": 1941}
{"event": "COMPACT_TIMING", "stage": "diagnostic", "boundary": "end", "pass_index": 1, "seconds": 442.76334399497136}
{"event": "COMPACT_TIMING", "stage": "export_pass", "boundary": "begin", "pass_index": 1, "seconds": 442.76338029885665}
{"event": "COMPACT_TIMING", "stage": "images_outputs", "boundary": "begin", "role": "query", "batch_start": 0, "batch_size": 32, "seconds": 442.7634030501358}
{"event": "COMPACT_RUNTIME_HASH", "boundary": "begin", "elapsed_seconds": 0.0, "item_count": 1941}
{"event": "COMPACT_RUNTIME_HASH", "boundary": "end", "elapsed_seconds": 0.3085651258006692, "item_count": 1941}
{"event": "COMPACT_TIMING", "stage": "images_outputs", "boundary": "end", "role": "query", "batch_start": 0, "batch_size": 32, "seconds": 444.2214964251034}
{"event": "COMPACT_TIMING", "stage": "images_outputs", "boundary": "begin", "role": "query", "batch_start": 32, "batch_size": 32, "seconds": 444.22355894977227}
{"event": "COMPACT_RUNTIME_HASH", "boundary": "begin", "elapsed_seconds": 0.0, "item_count": 1941}
{"event": "COMPACT_RUNTIME_HASH", "boundary": "end", "elapsed_seconds": 0.2701719622127712, "item_count": 1941}
{"event": "COMPACT_TIMING", "stage": "images_outputs", "boundary": "end", "role": "query", "batch_start": 32, "batch_size": 32, "seconds": 445.2720292317681}
{"event": "COMPACT_TIMING", "stage": "images_outputs", "boundary": "begin", "role": "query", "batch_start": 64, "batch_size": 32, "seconds": 445.27346353884786}
{"event": "COMPACT_RUNTIME_HASH", "boundary": "begin", "elapsed_seconds": 0.0, "item_count": 1941}
{"event": "COMPACT_RUNTIME_HASH", "boundary": "end", "elapsed_seconds": 0.33267852710559964, "item_count": 1941}
{"event": "COMPACT_TIMING", "stage": "images_outputs", "boundary": "end", "role": "query", "batch_start": 64, "batch_size": 32, "seconds": 446.36629970371723}
{"event": "COMPACT_TIMING", "stage": "images_outputs", "boundary": "begin", "role": "query", "batch_start": 96, "batch_size": 32, "seconds": 446.36830656509846}
{"event": "COMPACT_RUNTIME_HASH", "boundary": "begin", "elapsed_seconds": 0.0, "item_count": 1941}
{"event": "COMPACT_RUNTIME_HASH", "boundary": "end", "elapsed_seconds": 0.29835391277447343, "item_count": 1941}
{"event": "COMPACT_TIMING", "stage": "images_outputs", "boundary": "end", "role": "query", "batch_start": 96, "batch_size": 32, "seconds": 447.41704318113625}
{"event": "COMPACT_TIMING", "stage": "images_outputs", "boundary": "begin", "role": "query", "batch_start": 128, "batch_size": 32, "seconds": 447.41751987999305}
{"event": "COMPACT_RUNTIME_HASH", "boundary": "begin", "elapsed_seconds": 0.0, "item_count": 1941}
{"event": "COMPACT_RUNTIME_HASH", "boundary": "end", "elapsed_seconds": 0.30813979264348745, "item_count": 1941}
{"event": "COMPACT_TIMING", "stage": "images_outputs", "boundary": "end", "role": "query", "batch_start": 128, "batch_size": 32, "seconds": 448.46723598986864}
{"event": "COMPACT_TIMING", "stage": "images_outputs", "boundary": "begin", "role": "query", "batch_start": 160, "batch_size": 32, "seconds": 448.469556896016}
{"event": "COMPACT_RUNTIME_HASH", "boundary": "begin", "elapsed_seconds": 0.0, "item_count": 1941}
{"event": "COMPACT_RUNTIME_HASH", "boundary": "end", "elapsed_seconds": 0.338740517385304, "item_count": 1941}
{"event": "COMPACT_TIMING", "stage": "images_outputs", "boundary": "end", "role": "query", "batch_start": 160, "batch_size": 32, "seconds": 449.5651272768155}
{"event": "COMPACT_TIMING", "stage": "images_outputs", "boundary": "begin", "role": "query", "batch_start": 192, "batch_size": 32, "seconds": 449.56633632071316}
{"event": "COMPACT_RUNTIME_HASH", "boundary": "begin", "elapsed_seconds": 0.0, "item_count": 1941}
{"event": "COMPACT_RUNTIME_HASH", "boundary": "end", "elapsed_seconds": 0.28800887055695057, "item_count": 1941}
{"event": "COMPACT_TIMING", "stage": "images_outputs", "boundary": "end", "role": "query", "batch_start": 192, "batch_size": 32, "seconds": 450.63173711579293}
{"event": "COMPACT_TIMING", "stage": "images_outputs", "boundary": "begin", "role": "query", "batch_start": 224, "batch_size": 32, "seconds": 450.6344570419751}
{"event": "COMPACT_RUNTIME_HASH", "boundary": "begin", "elapsed_seconds": 0.0, "item_count": 1941}
{"event": "COMPACT_RUNTIME_HASH", "boundary": "end", "elapsed_seconds": 0.296266236808151, "item_count": 1941}
{"event": "COMPACT_TIMING", "stage": "images_outputs", "boundary": "end", "role": "query", "batch_start": 224, "batch_size": 32, "seconds": 451.69259177707136}
{"event": "COMPACT_TIMING", "stage": "images_outputs", "boundary": "begin", "role": "query", "batch_start": 256, "batch_size": 32, "seconds": 451.6940516671166}
{"event": "COMPACT_RUNTIME_HASH", "boundary": "begin", "elapsed_seconds": 0.0, "item_count": 1941}
{"event": "COMPACT_RUNTIME_HASH", "boundary": "end", "elapsed_seconds": 0.4783497126773, "item_count": 1941}
{"event": "COMPACT_TIMING", "stage": "images_outputs", "boundary": "end", "role": "query", "batch_start": 256, "batch_size": 32, "seconds": 452.94061068212613}
{"event": "COMPACT_TIMING", "stage": "images_outputs", "boundary": "begin", "role": "query", "batch_start": 288, "batch_size": 32, "seconds": 452.9424495608546}
{"event": "COMPACT_RUNTIME_HASH", "boundary": "begin", "elapsed_seconds": 0.0, "item_count": 1941}
{"event": "COMPACT_RUNTIME_HASH", "boundary": "end", "elapsed_seconds": 0.32774174213409424, "item_count": 1941}
{"event": "COMPACT_TIMING", "stage": "images_outputs", "boundary": "end", "role": "query", "batch_start": 288, "batch_size": 32, "seconds": 454.0590006299317}
{"event": "COMPACT_TIMING", "stage": "images_outputs", "boundary": "begin", "role": "query", "batch_start": 320, "batch_size": 32, "seconds": 454.06005429988727}
{"event": "COMPACT_RUNTIME_HASH", "boundary": "begin", "elapsed_seconds": 0.0, "item_count": 1941}
{"event": "COMPACT_RUNTIME_HASH", "boundary": "end", "elapsed_seconds": 0.29945865273475647, "item_count": 1941}
{"event": "COMPACT_TIMING", "stage": "images_outputs", "boundary": "end", "role": "query", "batch_start": 320, "batch_size": 32, "seconds": 455.1383233447559}
{"event": "COMPACT_TIMING", "stage": "images_outputs", "boundary": "begin", "role": "query", "batch_start": 352, "batch_size": 32, "seconds": 455.1400563050993}
{"event": "COMPACT_RUNTIME_HASH", "boundary": "begin", "elapsed_seconds": 0.0, "item_count": 1941}
{"event": "COMPACT_RUNTIME_HASH", "boundary": "end", "elapsed_seconds": 0.34820407489314675, "item_count": 1941}
{"event": "COMPACT_TIMING", "stage": "images_outputs", "boundary": "end", "role": "query", "batch_start": 352, "batch_size": 32, "seconds": 456.25268710870296}
{"event": "COMPACT_TIMING", "stage": "images_outputs", "boundary": "begin", "role": "query", "batch_start": 384, "batch_size": 32, "seconds": 456.25392823293805}
{"event": "COMPACT_RUNTIME_HASH", "boundary": "begin", "elapsed_seconds": 0.0, "item_count": 1941}
{"event": "COMPACT_RUNTIME_HASH", "boundary": "end", "elapsed_seconds": 0.3087483700364828, "item_count": 1941}
{"event": "COMPACT_TIMING", "stage": "images_outputs", "boundary": "end", "role": "query", "batch_start": 384, "batch_size": 32, "seconds": 457.32805232470855}
{"event": "COMPACT_TIMING", "stage": "images_outputs", "boundary": "begin", "role": "query", "batch_start": 416, "batch_size": 32, "seconds": 457.3308624587953}
{"event": "COMPACT_RUNTIME_HASH", "boundary": "begin", "elapsed_seconds": 0.0, "item_count": 1941}
{"event": "COMPACT_RUNTIME_HASH", "boundary": "end", "elapsed_seconds": 0.3432751400396228, "item_count": 1941}
{"event": "COMPACT_TIMING", "stage": "images_outputs", "boundary": "end", "role": "query", "batch_start": 416, "batch_size": 32, "seconds": 458.43411565572023}
{"event": "COMPACT_TIMING", "stage": "images_outputs", "boundary": "begin", "role": "query", "batch_start": 448, "batch_size": 32, "seconds": 458.4368337257765}
{"event": "COMPACT_RUNTIME_HASH", "boundary": "begin", "elapsed_seconds": 0.0, "item_count": 1941}
{"event": "COMPACT_RUNTIME_HASH", "boundary": "end", "elapsed_seconds": 0.28919259179383516, "item_count": 1941}
{"event": "COMPACT_TIMING", "stage": "images_outputs", "boundary": "end", "role": "query", "batch_start": 448, "batch_size": 32, "seconds": 459.49984657811}
{"event": "COMPACT_TIMING", "stage": "images_outputs", "boundary": "begin", "role": "query", "batch_start": 480, "batch_size": 32, "seconds": 459.5010237507522}
{"event": "COMPACT_RUNTIME_HASH", "boundary": "begin", "elapsed_seconds": 0.0, "item_count": 1941}
{"event": "COMPACT_RUNTIME_HASH", "boundary": "end", "elapsed_seconds": 0.3017611661925912, "item_count": 1941}
{"event": "COMPACT_TIMING", "stage": "images_outputs", "boundary": "end", "role": "query", "batch_start": 480, "batch_size": 32, "seconds": 460.5677398000844}
{"event": "COMPACT_TIMING", "stage": "images_outputs", "boundary": "begin", "role": "query", "batch_start": 512, "batch_size": 32, "seconds": 460.5683137299493}
{"event": "COMPACT_RUNTIME_HASH", "boundary": "begin", "elapsed_seconds": 0.0, "item_count": 1941}
{"event": "COMPACT_RUNTIME_HASH", "boundary": "end", "elapsed_seconds": 0.28278955398127437, "item_count": 1941}
{"event": "COMPACT_TIMING", "stage": "images_outputs", "boundary": "end", "role": "query", "batch_start": 512, "batch_size": 32, "seconds": 461.6100169387646}
{"event": "COMPACT_TIMING", "stage": "images_outputs", "boundary": "begin", "role": "query", "batch_start": 544, "batch_size": 32, "seconds": 461.61166301881894}
{"event": "COMPACT_RUNTIME_HASH", "boundary": "begin", "elapsed_seconds": 0.0, "item_count": 1941}
{"event": "COMPACT_RUNTIME_HASH", "boundary": "end", "elapsed_seconds": 0.34052939200773835, "item_count": 1941}
{"event": "COMPACT_TIMING", "stage": "images_outputs", "boundary": "end", "role": "query", "batch_start": 544, "batch_size": 32, "seconds": 462.71873339870945}
{"event": "COMPACT_TIMING", "stage": "images_outputs", "boundary": "begin", "role": "query", "batch_start": 576, "batch_size": 32, "seconds": 462.72064226074144}
{"event": "COMPACT_RUNTIME_HASH", "boundary": "begin", "elapsed_seconds": 0.0, "item_count": 1941}
{"event": "COMPACT_RUNTIME_HASH", "boundary": "end", "elapsed_seconds": 0.4544462012127042, "item_count": 1941}
{"event": "COMPACT_TIMING", "stage": "images_outputs", "boundary": "end", "role": "query", "batch_start": 576, "batch_size": 32, "seconds": 463.9272017548792}
{"event": "COMPACT_TIMING", "stage": "images_outputs", "boundary": "begin", "role": "query", "batch_start": 608, "batch_size": 32, "seconds": 463.92871697293594}
{"event": "COMPACT_RUNTIME_HASH", "boundary": "begin", "elapsed_seconds": 0.0, "item_count": 1941}
{"event": "COMPACT_RUNTIME_HASH", "boundary": "end", "elapsed_seconds": 0.2901888736523688, "item_count": 1941}
{"event": "COMPACT_TIMING", "stage": "images_outputs", "boundary": "end", "role": "query", "batch_start": 608, "batch_size": 32, "seconds": 464.97334436280653}
{"event": "COMPACT_TIMING", "stage": "images_outputs", "boundary": "begin", "role": "query", "batch_start": 640, "batch_size": 32, "seconds": 464.9749092278071}
{"event": "COMPACT_RUNTIME_HASH", "boundary": "begin", "elapsed_seconds": 0.0, "item_count": 1941}
{"event": "COMPACT_RUNTIME_HASH", "boundary": "end", "elapsed_seconds": 0.33969973493367434, "item_count": 1941}
{"event": "COMPACT_TIMING", "stage": "images_outputs", "boundary": "end", "role": "query", "batch_start": 640, "batch_size": 32, "seconds": 466.0731418831274}
{"event": "COMPACT_TIMING", "stage": "images_outputs", "boundary": "begin", "role": "query", "batch_start": 672, "batch_size": 32, "seconds": 466.07518772082403}
{"event": "COMPACT_RUNTIME_HASH", "boundary": "begin", "elapsed_seconds": 0.0, "item_count": 1941}
{"event": "COMPACT_RUNTIME_HASH", "boundary": "end", "elapsed_seconds": 0.3269205940887332, "item_count": 1941}
{"event": "COMPACT_TIMING", "stage": "images_outputs", "boundary": "end", "role": "query", "batch_start": 672, "batch_size": 32, "seconds": 467.1621968471445}
{"event": "COMPACT_TIMING", "stage": "images_outputs", "boundary": "begin", "role": "query", "batch_start": 704, "batch_size": 32, "seconds": 467.1642418997362}
{"event": "COMPACT_RUNTIME_HASH", "boundary": "begin", "elapsed_seconds": 0.0, "item_count": 1941}
{"event": "COMPACT_RUNTIME_HASH", "boundary": "end", "elapsed_seconds": 0.336830731946975, "item_count": 1941}
{"event": "COMPACT_TIMING", "stage": "images_outputs", "boundary": "end", "role": "query", "batch_start": 704, "batch_size": 32, "seconds": 468.2423835401423}
{"event": "COMPACT_TIMING", "stage": "images_outputs", "boundary": "begin", "role": "query", "batch_start": 736, "batch_size": 32, "seconds": 468.2432570201345}
{"event": "COMPACT_RUNTIME_HASH", "boundary": "begin", "elapsed_seconds": 0.0, "item_count": 1941}
{"event": "COMPACT_RUNTIME_HASH", "boundary": "end", "elapsed_seconds": 0.33707347186282277, "item_count": 1941}
{"event": "COMPACT_TIMING", "stage": "images_outputs", "boundary": "end", "role": "query", "batch_start": 736, "batch_size": 32, "seconds": 469.3358885110356}
{"event": "COMPACT_TIMING", "stage": "images_outputs", "boundary": "begin", "role": "query", "batch_start": 768, "batch_size": 32, "seconds": 469.33725352212787}
{"event": "COMPACT_RUNTIME_HASH", "boundary": "begin", "elapsed_seconds": 0.0, "item_count": 1941}
{"event": "COMPACT_RUNTIME_HASH", "boundary": "end", "elapsed_seconds": 0.30512015288695693, "item_count": 1941}
{"event": "COMPACT_TIMING", "stage": "images_outputs", "boundary": "end", "role": "query", "batch_start": 768, "batch_size": 32, "seconds": 470.3923930679448}
{"event": "COMPACT_TIMING", "stage": "images_outputs", "boundary": "begin", "role": "query", "batch_start": 800, "batch_size": 32, "seconds": 470.3935151700862}
{"event": "COMPACT_RUNTIME_HASH", "boundary": "begin", "elapsed_seconds": 0.0, "item_count": 1941}
{"event": "COMPACT_RUNTIME_HASH", "boundary": "end", "elapsed_seconds": 0.31277685472741723, "item_count": 1941}
{"event": "COMPACT_TIMING", "stage": "images_outputs", "boundary": "end", "role": "query", "batch_start": 800, "batch_size": 32, "seconds": 471.4693361087702}
{"event": "COMPACT_TIMING", "stage": "images_outputs", "boundary": "begin", "role": "query", "batch_start": 832, "batch_size": 32, "seconds": 471.4702070928179}
{"event": "COMPACT_RUNTIME_HASH", "boundary": "begin", "elapsed_seconds": 0.0, "item_count": 1941}
{"event": "COMPACT_RUNTIME_HASH", "boundary": "end", "elapsed_seconds": 0.3209820808842778, "item_count": 1941}
{"event": "COMPACT_TIMING", "stage": "images_outputs", "boundary": "end", "role": "query", "batch_start": 832, "batch_size": 32, "seconds": 472.54038149211556}
{"event": "COMPACT_TIMING", "stage": "images_outputs", "boundary": "begin", "role": "query", "batch_start": 864, "batch_size": 32, "seconds": 472.54192512575537}
{"event": "COMPACT_RUNTIME_HASH", "boundary": "begin", "elapsed_seconds": 0.0, "item_count": 1941}
{"event": "COMPACT_RUNTIME_HASH", "boundary": "end", "elapsed_seconds": 0.3262123903259635, "item_count": 1941}
{"event": "COMPACT_TIMING", "stage": "images_outputs", "boundary": "end", "role": "query", "batch_start": 864, "batch_size": 32, "seconds": 473.63176718587056}
{"event": "COMPACT_TIMING", "stage": "images_outputs", "boundary": "begin", "role": "query", "batch_start": 896, "batch_size": 32, "seconds": 473.63345213094726}
{"event": "COMPACT_RUNTIME_HASH", "boundary": "begin", "elapsed_seconds": 0.0, "item_count": 1941}
{"event": "COMPACT_RUNTIME_HASH", "boundary": "end", "elapsed_seconds": 0.3306939210742712, "item_count": 1941}
{"event": "COMPACT_TIMING", "stage": "images_outputs", "boundary": "end", "role": "query", "batch_start": 896, "batch_size": 32, "seconds": 474.7206819099374}
{"event": "COMPACT_TIMING", "stage": "images_outputs", "boundary": "begin", "role": "query", "batch_start": 928, "batch_size": 32, "seconds": 474.72276366781443}
{"event": "COMPACT_RUNTIME_HASH", "boundary": "begin", "elapsed_seconds": 0.0, "item_count": 1941}
{"event": "COMPACT_RUNTIME_HASH", "boundary": "end", "elapsed_seconds": 0.32775944005697966, "item_count": 1941}
{"event": "COMPACT_TIMING", "stage": "images_outputs", "boundary": "end", "role": "query", "batch_start": 928, "batch_size": 32, "seconds": 475.8132114498876}
{"event": "COMPACT_TIMING", "stage": "images_outputs", "boundary": "begin", "role": "query", "batch_start": 960, "batch_size": 32, "seconds": 475.8148384587839}
{"event": "COMPACT_RUNTIME_HASH", "boundary": "begin", "elapsed_seconds": 0.0, "item_count": 1941}
{"event": "COMPACT_RUNTIME_HASH", "boundary": "end", "elapsed_seconds": 0.5085092629306018, "item_count": 1941}
{"event": "COMPACT_TIMING", "stage": "images_outputs", "boundary": "end", "role": "query", "batch_start": 960, "batch_size": 32, "seconds": 477.10074664792046}
{"event": "COMPACT_TIMING", "stage": "images_outputs", "boundary": "begin", "role": "query", "batch_start": 992, "batch_size": 32, "seconds": 477.10288146091625}
{"event": "COMPACT_RUNTIME_HASH", "boundary": "begin", "elapsed_seconds": 0.0, "item_count": 1941}
{"event": "COMPACT_RUNTIME_HASH", "boundary": "end", "elapsed_seconds": 0.3101609218865633, "item_count": 1941}
{"event": "COMPACT_TIMING", "stage": "images_outputs", "boundary": "end", "role": "query", "batch_start": 992, "batch_size": 32, "seconds": 478.1782506937161}
{"event": "COMPACT_TIMING", "stage": "images_outputs", "boundary": "begin", "role": "query", "batch_start": 1024, "batch_size": 32, "seconds": 478.1804630579427}
{"event": "COMPACT_RUNTIME_HASH", "boundary": "begin", "elapsed_seconds": 0.0, "item_count": 1941}
{"event": "COMPACT_RUNTIME_HASH", "boundary": "end", "elapsed_seconds": 0.3109275121241808, "item_count": 1941}
{"event": "COMPACT_TIMING", "stage": "images_outputs", "boundary": "end", "role": "query", "batch_start": 1024, "batch_size": 32, "seconds": 479.2636298676953}
{"event": "COMPACT_TIMING", "stage": "images_outputs", "boundary": "begin", "role": "query", "batch_start": 1056, "batch_size": 32, "seconds": 479.2649621916935}
{"event": "COMPACT_RUNTIME_HASH", "boundary": "begin", "elapsed_seconds": 0.0, "item_count": 1941}
{"event": "COMPACT_RUNTIME_HASH", "boundary": "end", "elapsed_seconds": 0.3562738932669163, "item_count": 1941}
{"event": "COMPACT_TIMING", "stage": "images_outputs", "boundary": "end", "role": "query", "batch_start": 1056, "batch_size": 32, "seconds": 480.37798071606085}
{"event": "COMPACT_TIMING", "stage": "images_outputs", "boundary": "begin", "role": "query", "batch_start": 1088, "batch_size": 32, "seconds": 480.37895619496703}
{"event": "COMPACT_RUNTIME_HASH", "boundary": "begin", "elapsed_seconds": 0.0, "item_count": 1941}
{"event": "COMPACT_RUNTIME_HASH", "boundary": "end", "elapsed_seconds": 0.34989963471889496, "item_count": 1941}
{"event": "COMPACT_TIMING", "stage": "images_outputs", "boundary": "end", "role": "query", "batch_start": 1088, "batch_size": 32, "seconds": 481.4911906789057}
{"event": "COMPACT_TIMING", "stage": "images_outputs", "boundary": "begin", "role": "query", "batch_start": 1120, "batch_size": 32, "seconds": 481.4924516598694}
{"event": "COMPACT_RUNTIME_HASH", "boundary": "begin", "elapsed_seconds": 0.0, "item_count": 1941}
{"event": "COMPACT_RUNTIME_HASH", "boundary": "end", "elapsed_seconds": 0.3501253011636436, "item_count": 1941}
{"event": "COMPACT_TIMING", "stage": "images_outputs", "boundary": "end", "role": "query", "batch_start": 1120, "batch_size": 32, "seconds": 482.59590114979073}
{"event": "COMPACT_TIMING", "stage": "images_outputs", "boundary": "begin", "role": "query", "batch_start": 1152, "batch_size": 32, "seconds": 482.5972657939419}
{"event": "COMPACT_RUNTIME_HASH", "boundary": "begin", "elapsed_seconds": 0.0, "item_count": 1941}
{"event": "COMPACT_RUNTIME_HASH", "boundary": "end", "elapsed_seconds": 0.3059081360697746, "item_count": 1941}
{"event": "COMPACT_TIMING", "stage": "images_outputs", "boundary": "end", "role": "query", "batch_start": 1152, "batch_size": 32, "seconds": 483.6738063269295}
{"event": "COMPACT_TIMING", "stage": "images_outputs", "boundary": "begin", "role": "query", "batch_start": 1184, "batch_size": 32, "seconds": 483.6743592657149}
{"event": "COMPACT_RUNTIME_HASH", "boundary": "begin", "elapsed_seconds": 0.0, "item_count": 1941}
{"event": "COMPACT_RUNTIME_HASH", "boundary": "end", "elapsed_seconds": 0.32935274625197053, "item_count": 1941}
{"event": "COMPACT_TIMING", "stage": "images_outputs", "boundary": "end", "role": "query", "batch_start": 1184, "batch_size": 32, "seconds": 484.76290285913274}
{"event": "COMPACT_TIMING", "stage": "images_outputs", "boundary": "begin", "role": "query", "batch_start": 1216, "batch_size": 32, "seconds": 484.76447508484125}
{"event": "COMPACT_RUNTIME_HASH", "boundary": "begin", "elapsed_seconds": 0.0, "item_count": 1941}
{"event": "COMPACT_RUNTIME_HASH", "boundary": "end", "elapsed_seconds": 0.3423459129408002, "item_count": 1941}
{"event": "COMPACT_TIMING", "stage": "images_outputs", "boundary": "end", "role": "query", "batch_start": 1216, "batch_size": 32, "seconds": 485.8601320530288}
{"event": "COMPACT_TIMING", "stage": "images_outputs", "boundary": "begin", "role": "query", "batch_start": 1248, "batch_size": 32, "seconds": 485.86137279402465}
{"event": "COMPACT_RUNTIME_HASH", "boundary": "begin", "elapsed_seconds": 0.0, "item_count": 1941}
{"event": "COMPACT_RUNTIME_HASH", "boundary": "end", "elapsed_seconds": 0.2800497063435614, "item_count": 1941}
{"event": "COMPACT_TIMING", "stage": "images_outputs", "boundary": "end", "role": "query", "batch_start": 1248, "batch_size": 32, "seconds": 486.8944871528074}
{"event": "COMPACT_TIMING", "stage": "images_outputs", "boundary": "begin", "role": "query", "batch_start": 1280, "batch_size": 32, "seconds": 486.89587824372575}
{"event": "COMPACT_RUNTIME_HASH", "boundary": "begin", "elapsed_seconds": 0.0, "item_count": 1941}
{"event": "COMPACT_RUNTIME_HASH", "boundary": "end", "elapsed_seconds": 0.321962583810091, "item_count": 1941}
{"event": "COMPACT_TIMING", "stage": "images_outputs", "boundary": "end", "role": "query", "batch_start": 1280, "batch_size": 32, "seconds": 487.98151184478775}
{"event": "COMPACT_TIMING", "stage": "images_outputs", "boundary": "begin", "role": "query", "batch_start": 1312, "batch_size": 32, "seconds": 487.9840204459615}
{"event": "COMPACT_RUNTIME_HASH", "boundary": "begin", "elapsed_seconds": 0.0, "item_count": 1941}
{"event": "COMPACT_RUNTIME_HASH", "boundary": "end", "elapsed_seconds": 0.3072188626974821, "item_count": 1941}
{"event": "COMPACT_TIMING", "stage": "images_outputs", "boundary": "end", "role": "query", "batch_start": 1312, "batch_size": 32, "seconds": 489.0433924868703}
{"event": "COMPACT_TIMING", "stage": "images_outputs", "boundary": "begin", "role": "query", "batch_start": 1344, "batch_size": 32, "seconds": 489.04484965791926}
{"event": "COMPACT_RUNTIME_HASH", "boundary": "begin", "elapsed_seconds": 0.0, "item_count": 1941}
{"event": "COMPACT_RUNTIME_HASH", "boundary": "end", "elapsed_seconds": 0.4742510481737554, "item_count": 1941}
{"event": "COMPACT_TIMING", "stage": "images_outputs", "boundary": "end", "role": "query", "batch_start": 1344, "batch_size": 32, "seconds": 490.27049962896854}
{"event": "COMPACT_TIMING", "stage": "images_outputs", "boundary": "begin", "role": "query", "batch_start": 1376, "batch_size": 32, "seconds": 490.2715056040324}
{"event": "COMPACT_RUNTIME_HASH", "boundary": "begin", "elapsed_seconds": 0.0, "item_count": 1941}
{"event": "COMPACT_RUNTIME_HASH", "boundary": "end", "elapsed_seconds": 0.30185065092518926, "item_count": 1941}
{"event": "COMPACT_TIMING", "stage": "images_outputs", "boundary": "end", "role": "query", "batch_start": 1376, "batch_size": 32, "seconds": 491.3194840657525}
{"event": "COMPACT_TIMING", "stage": "images_outputs", "boundary": "begin", "role": "query", "batch_start": 1408, "batch_size": 32, "seconds": 491.32258182996884}
{"event": "COMPACT_RUNTIME_HASH", "boundary": "begin", "elapsed_seconds": 0.0, "item_count": 1941}
{"event": "COMPACT_RUNTIME_HASH", "boundary": "end", "elapsed_seconds": 0.3181097903288901, "item_count": 1941}
{"event": "COMPACT_TIMING", "stage": "images_outputs", "boundary": "end", "role": "query", "batch_start": 1408, "batch_size": 32, "seconds": 492.4085215860978}
{"event": "COMPACT_TIMING", "stage": "images_outputs", "boundary": "begin", "role": "query", "batch_start": 1440, "batch_size": 32, "seconds": 492.40907538868487}
{"event": "COMPACT_RUNTIME_HASH", "boundary": "begin", "elapsed_seconds": 0.0, "item_count": 1941}
{"event": "COMPACT_RUNTIME_HASH", "boundary": "end", "elapsed_seconds": 0.29207608895376325, "item_count": 1941}
{"event": "COMPACT_TIMING", "stage": "images_outputs", "boundary": "end", "role": "query", "batch_start": 1440, "batch_size": 32, "seconds": 493.4566337871365}
{"event": "COMPACT_TIMING", "stage": "images_outputs", "boundary": "begin", "role": "query", "batch_start": 1472, "batch_size": 32, "seconds": 493.45737998886034}
{"event": "COMPACT_RUNTIME_HASH", "boundary": "begin", "elapsed_seconds": 0.0, "item_count": 1941}
{"event": "COMPACT_RUNTIME_HASH", "boundary": "end", "elapsed_seconds": 0.3279681447893381, "item_count": 1941}
{"event": "COMPACT_TIMING", "stage": "images_outputs", "boundary": "end", "role": "query", "batch_start": 1472, "batch_size": 32, "seconds": 494.5349860880524}
{"event": "COMPACT_TIMING", "stage": "images_outputs", "boundary": "begin", "role": "query", "batch_start": 1504, "batch_size": 32, "seconds": 494.5382493068464}
{"event": "COMPACT_RUNTIME_HASH", "boundary": "begin", "elapsed_seconds": 0.0, "item_count": 1941}
{"event": "COMPACT_RUNTIME_HASH", "boundary": "end", "elapsed_seconds": 0.30315222311764956, "item_count": 1941}
{"event": "COMPACT_TIMING", "stage": "images_outputs", "boundary": "end", "role": "query", "batch_start": 1504, "batch_size": 32, "seconds": 495.5936784958467}
{"event": "COMPACT_TIMING", "stage": "images_outputs", "boundary": "begin", "role": "query", "batch_start": 1536, "batch_size": 32, "seconds": 495.594926900696}
{"event": "COMPACT_RUNTIME_HASH", "boundary": "begin", "elapsed_seconds": 0.0, "item_count": 1941}
{"event": "COMPACT_RUNTIME_HASH", "boundary": "end", "elapsed_seconds": 0.3397479201667011, "item_count": 1941}
{"event": "COMPACT_TIMING", "stage": "images_outputs", "boundary": "end", "role": "query", "batch_start": 1536, "batch_size": 32, "seconds": 496.69580624997616}
{"event": "COMPACT_TIMING", "stage": "images_outputs", "boundary": "begin", "role": "query", "batch_start": 1568, "batch_size": 32, "seconds": 496.6967859528959}
{"event": "COMPACT_RUNTIME_HASH", "boundary": "begin", "elapsed_seconds": 0.0, "item_count": 1941}
{"event": "COMPACT_RUNTIME_HASH", "boundary": "end", "elapsed_seconds": 0.29687695810571313, "item_count": 1941}
{"event": "COMPACT_TIMING", "stage": "images_outputs", "boundary": "end", "role": "query", "batch_start": 1568, "batch_size": 32, "seconds": 497.7543125618249}
{"event": "COMPACT_TIMING", "stage": "images_outputs", "boundary": "begin", "role": "query", "batch_start": 1600, "batch_size": 32, "seconds": 497.75566995795816}
{"event": "COMPACT_RUNTIME_HASH", "boundary": "begin", "elapsed_seconds": 0.0, "item_count": 1941}
{"event": "COMPACT_RUNTIME_HASH", "boundary": "end", "elapsed_seconds": 0.32798577612265944, "item_count": 1941}
{"event": "COMPACT_TIMING", "stage": "images_outputs", "boundary": "end", "role": "query", "batch_start": 1600, "batch_size": 32, "seconds": 498.8515852848068}
{"event": "COMPACT_TIMING", "stage": "images_outputs", "boundary": "begin", "role": "query", "batch_start": 1632, "batch_size": 32, "seconds": 498.8522639190778}
{"event": "COMPACT_RUNTIME_HASH", "boundary": "begin", "elapsed_seconds": 0.0, "item_count": 1941}
{"event": "COMPACT_RUNTIME_HASH", "boundary": "end", "elapsed_seconds": 0.5191314988769591, "item_count": 1941}
{"event": "COMPACT_TIMING", "stage": "images_outputs", "boundary": "end", "role": "query", "batch_start": 1632, "batch_size": 32, "seconds": 500.1373475729488}
{"event": "COMPACT_TIMING", "stage": "images_outputs", "boundary": "begin", "role": "query", "batch_start": 1664, "batch_size": 32, "seconds": 500.13861876213923}
{"event": "COMPACT_RUNTIME_HASH", "boundary": "begin", "elapsed_seconds": 0.0, "item_count": 1941}
{"event": "COMPACT_RUNTIME_HASH", "boundary": "end", "elapsed_seconds": 0.2945916149765253, "item_count": 1941}
{"event": "COMPACT_TIMING", "stage": "images_outputs", "boundary": "end", "role": "query", "batch_start": 1664, "batch_size": 32, "seconds": 501.222417906858}
{"event": "COMPACT_TIMING", "stage": "images_outputs", "boundary": "begin", "role": "query", "batch_start": 1696, "batch_size": 32, "seconds": 501.2234713858925}
{"event": "COMPACT_RUNTIME_HASH", "boundary": "begin", "elapsed_seconds": 0.0, "item_count": 1941}
{"event": "COMPACT_RUNTIME_HASH", "boundary": "end", "elapsed_seconds": 0.3018081649206579, "item_count": 1941}
{"event": "COMPACT_TIMING", "stage": "images_outputs", "boundary": "end", "role": "query", "batch_start": 1696, "batch_size": 32, "seconds": 502.2751722340472}
{"event": "COMPACT_TIMING", "stage": "images_outputs", "boundary": "begin", "role": "query", "batch_start": 1728, "batch_size": 6, "seconds": 502.2772389841266}
{"event": "COMPACT_RUNTIME_HASH", "boundary": "begin", "elapsed_seconds": 0.0, "item_count": 1941}
{"event": "COMPACT_RUNTIME_HASH", "boundary": "end", "elapsed_seconds": 0.31512534990906715, "item_count": 1941}
{"event": "COMPACT_TIMING", "stage": "images_outputs", "boundary": "end", "role": "query", "batch_start": 1728, "batch_size": 6, "seconds": 502.99493269296363}
{"event": "COMPACT_TIMING", "stage": "images_outputs", "boundary": "begin", "role": "gallery", "batch_start": 0, "batch_size": 32, "seconds": 502.9950325959362}
{"event": "COMPACT_RUNTIME_HASH", "boundary": "begin", "elapsed_seconds": 0.0, "item_count": 1941}
{"event": "COMPACT_RUNTIME_HASH", "boundary": "end", "elapsed_seconds": 0.31796543719246984, "item_count": 1941}
{"event": "COMPACT_TIMING", "stage": "images_outputs", "boundary": "end", "role": "gallery", "batch_start": 0, "batch_size": 32, "seconds": 504.47300695907325}
{"event": "COMPACT_TIMING", "stage": "images_outputs", "boundary": "begin", "role": "gallery", "batch_start": 32, "batch_size": 32, "seconds": 504.4757336070761}
{"event": "COMPACT_RUNTIME_HASH", "boundary": "begin", "elapsed_seconds": 0.0, "item_count": 1941}
{"event": "COMPACT_RUNTIME_HASH", "boundary": "end", "elapsed_seconds": 0.2897882810793817, "item_count": 1941}
{"event": "COMPACT_TIMING", "stage": "images_outputs", "boundary": "end", "role": "gallery", "batch_start": 32, "batch_size": 32, "seconds": 505.51983712473884}
{"event": "COMPACT_TIMING", "stage": "images_outputs", "boundary": "begin", "role": "gallery", "batch_start": 64, "batch_size": 32, "seconds": 505.52252473309636}
{"event": "COMPACT_RUNTIME_HASH", "boundary": "begin", "elapsed_seconds": 0.0, "item_count": 1941}
{"event": "COMPACT_RUNTIME_HASH", "boundary": "end", "elapsed_seconds": 0.32323676301166415, "item_count": 1941}
{"event": "COMPACT_TIMING", "stage": "images_outputs", "boundary": "end", "role": "gallery", "batch_start": 64, "batch_size": 32, "seconds": 506.60838950192556}
{"event": "COMPACT_TIMING", "stage": "images_outputs", "boundary": "begin", "role": "gallery", "batch_start": 96, "batch_size": 32, "seconds": 506.61229478009045}
{"event": "COMPACT_RUNTIME_HASH", "boundary": "begin", "elapsed_seconds": 0.0, "item_count": 1941}
{"event": "COMPACT_RUNTIME_HASH", "boundary": "end", "elapsed_seconds": 0.304959197062999, "item_count": 1941}
{"event": "COMPACT_TIMING", "stage": "images_outputs", "boundary": "end", "role": "gallery", "batch_start": 96, "batch_size": 32, "seconds": 507.668640172109}
{"event": "COMPACT_TIMING", "stage": "images_outputs", "boundary": "begin", "role": "gallery", "batch_start": 128, "batch_size": 32, "seconds": 507.6694306768477}
{"event": "COMPACT_RUNTIME_HASH", "boundary": "begin", "elapsed_seconds": 0.0, "item_count": 1941}
{"event": "COMPACT_RUNTIME_HASH", "boundary": "end", "elapsed_seconds": 0.28306777495890856, "item_count": 1941}
{"event": "COMPACT_TIMING", "stage": "images_outputs", "boundary": "end", "role": "gallery", "batch_start": 128, "batch_size": 32, "seconds": 508.69802017882466}
{"event": "COMPACT_TIMING", "stage": "images_outputs", "boundary": "begin", "role": "gallery", "batch_start": 160, "batch_size": 32, "seconds": 508.7002508160658}
{"event": "COMPACT_RUNTIME_HASH", "boundary": "begin", "elapsed_seconds": 0.0, "item_count": 1941}
{"event": "COMPACT_RUNTIME_HASH", "boundary": "end", "elapsed_seconds": 0.3364107250235975, "item_count": 1941}
{"event": "COMPACT_TIMING", "stage": "images_outputs", "boundary": "end", "role": "gallery", "batch_start": 160, "batch_size": 32, "seconds": 509.80509288888425}
{"event": "COMPACT_TIMING", "stage": "images_outputs", "boundary": "begin", "role": "gallery", "batch_start": 192, "batch_size": 32, "seconds": 509.80666257208213}
{"event": "COMPACT_RUNTIME_HASH", "boundary": "begin", "elapsed_seconds": 0.0, "item_count": 1941}
{"event": "COMPACT_RUNTIME_HASH", "boundary": "end", "elapsed_seconds": 0.49436291866004467, "item_count": 1941}
{"event": "COMPACT_TIMING", "stage": "images_outputs", "boundary": "end", "role": "gallery", "batch_start": 192, "batch_size": 32, "seconds": 511.07291589397937}
{"event": "COMPACT_TIMING", "stage": "images_outputs", "boundary": "begin", "role": "gallery", "batch_start": 224, "batch_size": 32, "seconds": 511.0742232101038}
{"event": "COMPACT_RUNTIME_HASH", "boundary": "begin", "elapsed_seconds": 0.0, "item_count": 1941}
{"event": "COMPACT_RUNTIME_HASH", "boundary": "end", "elapsed_seconds": 0.311621380969882, "item_count": 1941}
{"event": "COMPACT_TIMING", "stage": "images_outputs", "boundary": "end", "role": "gallery", "batch_start": 224, "batch_size": 32, "seconds": 512.1393492571078}
{"event": "COMPACT_TIMING", "stage": "images_outputs", "boundary": "begin", "role": "gallery", "batch_start": 256, "batch_size": 32, "seconds": 512.1401668661274}
{"event": "COMPACT_RUNTIME_HASH", "boundary": "begin", "elapsed_seconds": 0.0, "item_count": 1941}
{"event": "COMPACT_RUNTIME_HASH", "boundary": "end", "elapsed_seconds": 0.2831334858201444, "item_count": 1941}
{"event": "COMPACT_TIMING", "stage": "images_outputs", "boundary": "end", "role": "gallery", "batch_start": 256, "batch_size": 32, "seconds": 513.1708854311146}
{"event": "COMPACT_TIMING", "stage": "images_outputs", "boundary": "begin", "role": "gallery", "batch_start": 288, "batch_size": 32, "seconds": 513.1724376739003}
{"event": "COMPACT_RUNTIME_HASH", "boundary": "begin", "elapsed_seconds": 0.0, "item_count": 1941}
{"event": "COMPACT_RUNTIME_HASH", "boundary": "end", "elapsed_seconds": 0.35939421178773046, "item_count": 1941}
{"event": "COMPACT_TIMING", "stage": "images_outputs", "boundary": "end", "role": "gallery", "batch_start": 288, "batch_size": 32, "seconds": 514.2887423499487}
{"event": "COMPACT_TIMING", "stage": "images_outputs", "boundary": "begin", "role": "gallery", "batch_start": 320, "batch_size": 32, "seconds": 514.2906914530322}
{"event": "COMPACT_RUNTIME_HASH", "boundary": "begin", "elapsed_seconds": 0.0, "item_count": 1941}
{"event": "COMPACT_RUNTIME_HASH", "boundary": "end", "elapsed_seconds": 0.2723534591495991, "item_count": 1941}
{"event": "COMPACT_TIMING", "stage": "images_outputs", "boundary": "end", "role": "gallery", "batch_start": 320, "batch_size": 32, "seconds": 515.3425341360271}
{"event": "COMPACT_TIMING", "stage": "images_outputs", "boundary": "begin", "role": "gallery", "batch_start": 352, "batch_size": 32, "seconds": 515.3442837847397}
{"event": "COMPACT_RUNTIME_HASH", "boundary": "begin", "elapsed_seconds": 0.0, "item_count": 1941}
{"event": "COMPACT_RUNTIME_HASH", "boundary": "end", "elapsed_seconds": 0.28194862930104136, "item_count": 1941}
{"event": "COMPACT_TIMING", "stage": "images_outputs", "boundary": "end", "role": "gallery", "batch_start": 352, "batch_size": 32, "seconds": 516.3797394861467}
{"event": "COMPACT_TIMING", "stage": "images_outputs", "boundary": "begin", "role": "gallery", "batch_start": 384, "batch_size": 32, "seconds": 516.3818857879378}
{"event": "COMPACT_RUNTIME_HASH", "boundary": "begin", "elapsed_seconds": 0.0, "item_count": 1941}
{"event": "COMPACT_RUNTIME_HASH", "boundary": "end", "elapsed_seconds": 0.3077565720304847, "item_count": 1941}
{"event": "COMPACT_TIMING", "stage": "images_outputs", "boundary": "end", "role": "gallery", "batch_start": 384, "batch_size": 32, "seconds": 517.448505283799}
{"event": "COMPACT_TIMING", "stage": "images_outputs", "boundary": "begin", "role": "gallery", "batch_start": 416, "batch_size": 32, "seconds": 517.450699265115}
{"event": "COMPACT_RUNTIME_HASH", "boundary": "begin", "elapsed_seconds": 0.0, "item_count": 1941}
{"event": "COMPACT_RUNTIME_HASH", "boundary": "end", "elapsed_seconds": 0.31578980293124914, "item_count": 1941}
{"event": "COMPACT_TIMING", "stage": "images_outputs", "boundary": "end", "role": "gallery", "batch_start": 416, "batch_size": 32, "seconds": 518.5209398800507}
{"event": "COMPACT_TIMING", "stage": "images_outputs", "boundary": "begin", "role": "gallery", "batch_start": 448, "batch_size": 32, "seconds": 518.5225062347017}
{"event": "COMPACT_RUNTIME_HASH", "boundary": "begin", "elapsed_seconds": 0.0, "item_count": 1941}
{"event": "COMPACT_RUNTIME_HASH", "boundary": "end", "elapsed_seconds": 0.32198524195700884, "item_count": 1941}
{"event": "COMPACT_TIMING", "stage": "images_outputs", "boundary": "end", "role": "gallery", "batch_start": 448, "batch_size": 32, "seconds": 519.6116923987865}
{"event": "COMPACT_TIMING", "stage": "images_outputs", "boundary": "begin", "role": "gallery", "batch_start": 480, "batch_size": 32, "seconds": 519.6131157777272}
{"event": "COMPACT_RUNTIME_HASH", "boundary": "begin", "elapsed_seconds": 0.0, "item_count": 1941}
{"event": "COMPACT_RUNTIME_HASH", "boundary": "end", "elapsed_seconds": 0.2881338861770928, "item_count": 1941}
{"event": "COMPACT_TIMING", "stage": "images_outputs", "boundary": "end", "role": "gallery", "batch_start": 480, "batch_size": 32, "seconds": 520.6778336861171}
{"event": "COMPACT_TIMING", "stage": "images_outputs", "boundary": "begin", "role": "gallery", "batch_start": 512, "batch_size": 32, "seconds": 520.6788827329874}
{"event": "COMPACT_RUNTIME_HASH", "boundary": "begin", "elapsed_seconds": 0.0, "item_count": 1941}
{"event": "COMPACT_RUNTIME_HASH", "boundary": "end", "elapsed_seconds": 0.35292557906359434, "item_count": 1941}
{"event": "COMPACT_TIMING", "stage": "images_outputs", "boundary": "end", "role": "gallery", "batch_start": 512, "batch_size": 32, "seconds": 521.783942871727}
{"event": "COMPACT_TIMING", "stage": "images_outputs", "boundary": "begin", "role": "gallery", "batch_start": 544, "batch_size": 32, "seconds": 521.7856927127577}
{"event": "COMPACT_RUNTIME_HASH", "boundary": "begin", "elapsed_seconds": 0.0, "item_count": 1941}
{"event": "COMPACT_RUNTIME_HASH", "boundary": "end", "elapsed_seconds": 0.37124059721827507, "item_count": 1941}
{"event": "COMPACT_TIMING", "stage": "images_outputs", "boundary": "end", "role": "gallery", "batch_start": 544, "batch_size": 32, "seconds": 522.905440966133}
{"event": "COMPACT_TIMING", "stage": "images_outputs", "boundary": "begin", "role": "gallery", "batch_start": 576, "batch_size": 32, "seconds": 522.9075752999634}
{"event": "COMPACT_RUNTIME_HASH", "boundary": "begin", "elapsed_seconds": 0.0, "item_count": 1941}
{"event": "COMPACT_RUNTIME_HASH", "boundary": "end", "elapsed_seconds": 0.4524613879621029, "item_count": 1941}
{"event": "COMPACT_TIMING", "stage": "images_outputs", "boundary": "end", "role": "gallery", "batch_start": 576, "batch_size": 32, "seconds": 524.1109176459722}
{"event": "COMPACT_TIMING", "stage": "images_outputs", "boundary": "begin", "role": "gallery", "batch_start": 608, "batch_size": 32, "seconds": 524.112996075768}
{"event": "COMPACT_RUNTIME_HASH", "boundary": "begin", "elapsed_seconds": 0.0, "item_count": 1941}
{"event": "COMPACT_RUNTIME_HASH", "boundary": "end", "elapsed_seconds": 0.33291880413889885, "item_count": 1941}
{"event": "COMPACT_TIMING", "stage": "images_outputs", "boundary": "end", "role": "gallery", "batch_start": 608, "batch_size": 32, "seconds": 525.2089228979312}
{"event": "COMPACT_TIMING", "stage": "images_outputs", "boundary": "begin", "role": "gallery", "batch_start": 640, "batch_size": 32, "seconds": 525.211744281929}
{"event": "COMPACT_RUNTIME_HASH", "boundary": "begin", "elapsed_seconds": 0.0, "item_count": 1941}
{"event": "COMPACT_RUNTIME_HASH", "boundary": "end", "elapsed_seconds": 0.30080005479976535, "item_count": 1941}
{"event": "COMPACT_TIMING", "stage": "images_outputs", "boundary": "end", "role": "gallery", "batch_start": 640, "batch_size": 32, "seconds": 526.2812603968196}
{"event": "COMPACT_TIMING", "stage": "images_outputs", "boundary": "begin", "role": "gallery", "batch_start": 672, "batch_size": 32, "seconds": 526.2832329240628}
{"event": "COMPACT_RUNTIME_HASH", "boundary": "begin", "elapsed_seconds": 0.0, "item_count": 1941}
{"event": "COMPACT_RUNTIME_HASH", "boundary": "end", "elapsed_seconds": 0.28531634993851185, "item_count": 1941}
{"event": "COMPACT_TIMING", "stage": "images_outputs", "boundary": "end", "role": "gallery", "batch_start": 672, "batch_size": 32, "seconds": 527.3328761961311}
{"event": "COMPACT_TIMING", "stage": "images_outputs", "boundary": "begin", "role": "gallery", "batch_start": 704, "batch_size": 32, "seconds": 527.3335442217067}
{"event": "COMPACT_RUNTIME_HASH", "boundary": "begin", "elapsed_seconds": 0.0, "item_count": 1941}
{"event": "COMPACT_RUNTIME_HASH", "boundary": "end", "elapsed_seconds": 0.3433106979355216, "item_count": 1941}
{"event": "COMPACT_TIMING", "stage": "images_outputs", "boundary": "end", "role": "gallery", "batch_start": 704, "batch_size": 32, "seconds": 528.4314406537451}
{"event": "COMPACT_TIMING", "stage": "images_outputs", "boundary": "begin", "role": "gallery", "batch_start": 736, "batch_size": 32, "seconds": 528.4333045580424}
{"event": "COMPACT_RUNTIME_HASH", "boundary": "begin", "elapsed_seconds": 0.0, "item_count": 1941}
{"event": "COMPACT_RUNTIME_HASH", "boundary": "end", "elapsed_seconds": 0.3216649158857763, "item_count": 1941}
{"event": "COMPACT_TIMING", "stage": "images_outputs", "boundary": "end", "role": "gallery", "batch_start": 736, "batch_size": 32, "seconds": 529.5038010100834}
{"event": "COMPACT_TIMING", "stage": "images_outputs", "boundary": "begin", "role": "gallery", "batch_start": 768, "batch_size": 32, "seconds": 529.5046519949101}
{"event": "COMPACT_RUNTIME_HASH", "boundary": "begin", "elapsed_seconds": 0.0, "item_count": 1941}
{"event": "COMPACT_RUNTIME_HASH", "boundary": "end", "elapsed_seconds": 0.33243798185139894, "item_count": 1941}
{"event": "COMPACT_TIMING", "stage": "images_outputs", "boundary": "end", "role": "gallery", "batch_start": 768, "batch_size": 32, "seconds": 530.6024027760141}
{"event": "COMPACT_TIMING", "stage": "images_outputs", "boundary": "begin", "role": "gallery", "batch_start": 800, "batch_size": 32, "seconds": 530.6042814799584}
{"event": "COMPACT_RUNTIME_HASH", "boundary": "begin", "elapsed_seconds": 0.0, "item_count": 1941}
{"event": "COMPACT_RUNTIME_HASH", "boundary": "end", "elapsed_seconds": 0.37187544722110033, "item_count": 1941}
{"event": "COMPACT_TIMING", "stage": "images_outputs", "boundary": "end", "role": "gallery", "batch_start": 800, "batch_size": 32, "seconds": 531.7465531527996}
{"event": "COMPACT_TIMING", "stage": "images_outputs", "boundary": "begin", "role": "gallery", "batch_start": 832, "batch_size": 32, "seconds": 531.7476039757021}
{"event": "COMPACT_RUNTIME_HASH", "boundary": "begin", "elapsed_seconds": 0.0, "item_count": 1941}
{"event": "COMPACT_RUNTIME_HASH", "boundary": "end", "elapsed_seconds": 0.31014204816892743, "item_count": 1941}
{"event": "COMPACT_TIMING", "stage": "images_outputs", "boundary": "end", "role": "gallery", "batch_start": 832, "batch_size": 32, "seconds": 532.8115701097995}
{"event": "COMPACT_TIMING", "stage": "images_outputs", "boundary": "begin", "role": "gallery", "batch_start": 864, "batch_size": 32, "seconds": 532.813114752993}
{"event": "COMPACT_RUNTIME_HASH", "boundary": "begin", "elapsed_seconds": 0.0, "item_count": 1941}
{"event": "COMPACT_RUNTIME_HASH", "boundary": "end", "elapsed_seconds": 0.333852156996727, "item_count": 1941}
{"event": "COMPACT_TIMING", "stage": "images_outputs", "boundary": "end", "role": "gallery", "batch_start": 864, "batch_size": 32, "seconds": 533.8924861159176}
{"event": "COMPACT_TIMING", "stage": "images_outputs", "boundary": "begin", "role": "gallery", "batch_start": 896, "batch_size": 32, "seconds": 533.8950007827953}
{"event": "COMPACT_RUNTIME_HASH", "boundary": "begin", "elapsed_seconds": 0.0, "item_count": 1941}
{"event": "COMPACT_RUNTIME_HASH", "boundary": "end", "elapsed_seconds": 0.30058152694255114, "item_count": 1941}
{"event": "COMPACT_TIMING", "stage": "images_outputs", "boundary": "end", "role": "gallery", "batch_start": 896, "batch_size": 32, "seconds": 534.964560512919}
{"event": "COMPACT_TIMING", "stage": "images_outputs", "boundary": "begin", "role": "gallery", "batch_start": 928, "batch_size": 32, "seconds": 534.9681421467103}
{"event": "COMPACT_RUNTIME_HASH", "boundary": "begin", "elapsed_seconds": 0.0, "item_count": 1941}
{"event": "COMPACT_RUNTIME_HASH", "boundary": "end", "elapsed_seconds": 0.3145236377604306, "item_count": 1941}
{"event": "COMPACT_TIMING", "stage": "images_outputs", "boundary": "end", "role": "gallery", "batch_start": 928, "batch_size": 32, "seconds": 536.0466608400457}
{"event": "COMPACT_TIMING", "stage": "images_outputs", "boundary": "begin", "role": "gallery", "batch_start": 960, "batch_size": 32, "seconds": 536.047667471692}
{"event": "COMPACT_RUNTIME_HASH", "boundary": "begin", "elapsed_seconds": 0.0, "item_count": 1941}
{"event": "COMPACT_RUNTIME_HASH", "boundary": "end", "elapsed_seconds": 0.43336588935926557, "item_count": 1941}
{"event": "COMPACT_TIMING", "stage": "images_outputs", "boundary": "end", "role": "gallery", "batch_start": 960, "batch_size": 32, "seconds": 537.2468731608242}
{"event": "COMPACT_TIMING", "stage": "images_outputs", "boundary": "begin", "role": "gallery", "batch_start": 992, "batch_size": 32, "seconds": 537.2487675617449}
{"event": "COMPACT_RUNTIME_HASH", "boundary": "begin", "elapsed_seconds": 0.0, "item_count": 1941}
{"event": "COMPACT_RUNTIME_HASH", "boundary": "end", "elapsed_seconds": 0.2888057352975011, "item_count": 1941}
{"event": "COMPACT_TIMING", "stage": "images_outputs", "boundary": "end", "role": "gallery", "batch_start": 992, "batch_size": 32, "seconds": 538.3066365350969}
{"event": "COMPACT_TIMING", "stage": "images_outputs", "boundary": "begin", "role": "gallery", "batch_start": 1024, "batch_size": 32, "seconds": 538.3099384438246}
{"event": "COMPACT_RUNTIME_HASH", "boundary": "begin", "elapsed_seconds": 0.0, "item_count": 1941}
{"event": "COMPACT_RUNTIME_HASH", "boundary": "end", "elapsed_seconds": 0.323275757022202, "item_count": 1941}
{"event": "COMPACT_TIMING", "stage": "images_outputs", "boundary": "end", "role": "gallery", "batch_start": 1024, "batch_size": 32, "seconds": 539.4052153117955}
{"event": "COMPACT_TIMING", "stage": "images_outputs", "boundary": "begin", "role": "gallery", "batch_start": 1056, "batch_size": 32, "seconds": 539.4067333159037}
{"event": "COMPACT_RUNTIME_HASH", "boundary": "begin", "elapsed_seconds": 0.0, "item_count": 1941}
{"event": "COMPACT_RUNTIME_HASH", "boundary": "end", "elapsed_seconds": 0.2909153397195041, "item_count": 1941}
{"event": "COMPACT_TIMING", "stage": "images_outputs", "boundary": "end", "role": "gallery", "batch_start": 1056, "batch_size": 32, "seconds": 540.4444983857684}
{"event": "COMPACT_TIMING", "stage": "images_outputs", "boundary": "begin", "role": "gallery", "batch_start": 1088, "batch_size": 32, "seconds": 540.4465483049862}
{"event": "COMPACT_RUNTIME_HASH", "boundary": "begin", "elapsed_seconds": 0.0, "item_count": 1941}
{"event": "COMPACT_RUNTIME_HASH", "boundary": "end", "elapsed_seconds": 0.31563322013244033, "item_count": 1941}
{"event": "COMPACT_TIMING", "stage": "images_outputs", "boundary": "end", "role": "gallery", "batch_start": 1088, "batch_size": 32, "seconds": 541.5464823790826}
{"event": "COMPACT_TIMING", "stage": "images_outputs", "boundary": "begin", "role": "gallery", "batch_start": 1120, "batch_size": 32, "seconds": 541.5477424650453}
{"event": "COMPACT_RUNTIME_HASH", "boundary": "begin", "elapsed_seconds": 0.0, "item_count": 1941}
{"event": "COMPACT_RUNTIME_HASH", "boundary": "end", "elapsed_seconds": 0.3327832738868892, "item_count": 1941}
{"event": "COMPACT_TIMING", "stage": "images_outputs", "boundary": "end", "role": "gallery", "batch_start": 1120, "batch_size": 32, "seconds": 542.6591802509502}
{"event": "COMPACT_TIMING", "stage": "images_outputs", "boundary": "begin", "role": "gallery", "batch_start": 1152, "batch_size": 32, "seconds": 542.6604081448168}
{"event": "COMPACT_RUNTIME_HASH", "boundary": "begin", "elapsed_seconds": 0.0, "item_count": 1941}
{"event": "COMPACT_RUNTIME_HASH", "boundary": "end", "elapsed_seconds": 0.27217555278912187, "item_count": 1941}
{"event": "COMPACT_TIMING", "stage": "images_outputs", "boundary": "end", "role": "gallery", "batch_start": 1152, "batch_size": 32, "seconds": 543.6824222318828}
{"event": "COMPACT_TIMING", "stage": "images_outputs", "boundary": "begin", "role": "gallery", "batch_start": 1184, "batch_size": 32, "seconds": 543.6853409758769}
{"event": "COMPACT_RUNTIME_HASH", "boundary": "begin", "elapsed_seconds": 0.0, "item_count": 1941}
{"event": "COMPACT_RUNTIME_HASH", "boundary": "end", "elapsed_seconds": 0.3297599940560758, "item_count": 1941}
{"event": "COMPACT_TIMING", "stage": "images_outputs", "boundary": "end", "role": "gallery", "batch_start": 1184, "batch_size": 32, "seconds": 544.7699395706877}
{"event": "COMPACT_TIMING", "stage": "images_outputs", "boundary": "begin", "role": "gallery", "batch_start": 1216, "batch_size": 32, "seconds": 544.7721397448331}
{"event": "COMPACT_RUNTIME_HASH", "boundary": "begin", "elapsed_seconds": 0.0, "item_count": 1941}
{"event": "COMPACT_RUNTIME_HASH", "boundary": "end", "elapsed_seconds": 0.31943624280393124, "item_count": 1941}
{"event": "COMPACT_TIMING", "stage": "images_outputs", "boundary": "end", "role": "gallery", "batch_start": 1216, "batch_size": 32, "seconds": 545.8547356170602}
{"event": "COMPACT_TIMING", "stage": "images_outputs", "boundary": "begin", "role": "gallery", "batch_start": 1248, "batch_size": 32, "seconds": 545.8560961820185}
{"event": "COMPACT_RUNTIME_HASH", "boundary": "begin", "elapsed_seconds": 0.0, "item_count": 1941}
{"event": "COMPACT_RUNTIME_HASH", "boundary": "end", "elapsed_seconds": 0.4614019333384931, "item_count": 1941}
{"event": "COMPACT_TIMING", "stage": "images_outputs", "boundary": "end", "role": "gallery", "batch_start": 1248, "batch_size": 32, "seconds": 547.0699862418696}
{"event": "COMPACT_TIMING", "stage": "images_outputs", "boundary": "begin", "role": "gallery", "batch_start": 1280, "batch_size": 32, "seconds": 547.0720544168726}
{"event": "COMPACT_RUNTIME_HASH", "boundary": "begin", "elapsed_seconds": 0.0, "item_count": 1941}
{"event": "COMPACT_RUNTIME_HASH", "boundary": "end", "elapsed_seconds": 0.3122262619435787, "item_count": 1941}
{"event": "COMPACT_TIMING", "stage": "images_outputs", "boundary": "end", "role": "gallery", "batch_start": 1280, "batch_size": 32, "seconds": 548.1512580900453}
{"event": "COMPACT_TIMING", "stage": "images_outputs", "boundary": "begin", "role": "gallery", "batch_start": 1312, "batch_size": 32, "seconds": 548.1546022221446}
{"event": "COMPACT_RUNTIME_HASH", "boundary": "begin", "elapsed_seconds": 0.0, "item_count": 1941}
{"event": "COMPACT_RUNTIME_HASH", "boundary": "end", "elapsed_seconds": 0.30759452981874347, "item_count": 1941}
{"event": "COMPACT_TIMING", "stage": "images_outputs", "boundary": "end", "role": "gallery", "batch_start": 1312, "batch_size": 32, "seconds": 549.2232961701229}
{"event": "COMPACT_TIMING", "stage": "images_outputs", "boundary": "begin", "role": "gallery", "batch_start": 1344, "batch_size": 32, "seconds": 549.2247772617266}
{"event": "COMPACT_RUNTIME_HASH", "boundary": "begin", "elapsed_seconds": 0.0, "item_count": 1941}
{"event": "COMPACT_RUNTIME_HASH", "boundary": "end", "elapsed_seconds": 0.310067234095186, "item_count": 1941}
{"event": "COMPACT_TIMING", "stage": "images_outputs", "boundary": "end", "role": "gallery", "batch_start": 1344, "batch_size": 32, "seconds": 550.2993785990402}
{"event": "COMPACT_TIMING", "stage": "images_outputs", "boundary": "begin", "role": "gallery", "batch_start": 1376, "batch_size": 32, "seconds": 550.301067464985}
{"event": "COMPACT_RUNTIME_HASH", "boundary": "begin", "elapsed_seconds": 0.0, "item_count": 1941}
{"event": "COMPACT_RUNTIME_HASH", "boundary": "end", "elapsed_seconds": 0.33541453583166003, "item_count": 1941}
{"event": "COMPACT_TIMING", "stage": "images_outputs", "boundary": "end", "role": "gallery", "batch_start": 1376, "batch_size": 32, "seconds": 551.3930496657267}
{"event": "COMPACT_TIMING", "stage": "images_outputs", "boundary": "begin", "role": "gallery", "batch_start": 1408, "batch_size": 32, "seconds": 551.3952826717868}
{"event": "COMPACT_RUNTIME_HASH", "boundary": "begin", "elapsed_seconds": 0.0, "item_count": 1941}
{"event": "COMPACT_RUNTIME_HASH", "boundary": "end", "elapsed_seconds": 0.32466526702046394, "item_count": 1941}
{"event": "COMPACT_TIMING", "stage": "images_outputs", "boundary": "end", "role": "gallery", "batch_start": 1408, "batch_size": 32, "seconds": 552.4987145056948}
{"event": "COMPACT_TIMING", "stage": "images_outputs", "boundary": "begin", "role": "gallery", "batch_start": 1440, "batch_size": 32, "seconds": 552.500010878779}
{"event": "COMPACT_RUNTIME_HASH", "boundary": "begin", "elapsed_seconds": 0.0, "item_count": 1941}
{"event": "COMPACT_RUNTIME_HASH", "boundary": "end", "elapsed_seconds": 0.31979438196867704, "item_count": 1941}
{"event": "COMPACT_TIMING", "stage": "images_outputs", "boundary": "end", "role": "gallery", "batch_start": 1440, "batch_size": 32, "seconds": 553.5915654469281}
{"event": "COMPACT_TIMING", "stage": "images_outputs", "boundary": "begin", "role": "gallery", "batch_start": 1472, "batch_size": 32, "seconds": 553.5925000789575}
{"event": "COMPACT_RUNTIME_HASH", "boundary": "begin", "elapsed_seconds": 0.0, "item_count": 1941}
{"event": "COMPACT_RUNTIME_HASH", "boundary": "end", "elapsed_seconds": 0.3374998099170625, "item_count": 1941}
{"event": "COMPACT_TIMING", "stage": "images_outputs", "boundary": "end", "role": "gallery", "batch_start": 1472, "batch_size": 32, "seconds": 554.6929581421427}
{"event": "COMPACT_TIMING", "stage": "images_outputs", "boundary": "begin", "role": "gallery", "batch_start": 1504, "batch_size": 32, "seconds": 554.6952722668648}
{"event": "COMPACT_RUNTIME_HASH", "boundary": "begin", "elapsed_seconds": 0.0, "item_count": 1941}
{"event": "COMPACT_RUNTIME_HASH", "boundary": "end", "elapsed_seconds": 0.33371840277686715, "item_count": 1941}
{"event": "COMPACT_TIMING", "stage": "images_outputs", "boundary": "end", "role": "gallery", "batch_start": 1504, "batch_size": 32, "seconds": 555.8106927019544}
{"event": "COMPACT_TIMING", "stage": "images_outputs", "boundary": "begin", "role": "gallery", "batch_start": 1536, "batch_size": 32, "seconds": 555.8128758850507}
{"event": "COMPACT_RUNTIME_HASH", "boundary": "begin", "elapsed_seconds": 0.0, "item_count": 1941}
{"event": "COMPACT_RUNTIME_HASH", "boundary": "end", "elapsed_seconds": 0.29923302214592695, "item_count": 1941}
{"event": "COMPACT_TIMING", "stage": "images_outputs", "boundary": "end", "role": "gallery", "batch_start": 1536, "batch_size": 32, "seconds": 556.8814241038635}
{"event": "COMPACT_TIMING", "stage": "images_outputs", "boundary": "begin", "role": "gallery", "batch_start": 1568, "batch_size": 32, "seconds": 556.8826345419511}
{"event": "COMPACT_RUNTIME_HASH", "boundary": "begin", "elapsed_seconds": 0.0, "item_count": 1941}
{"event": "COMPACT_RUNTIME_HASH", "boundary": "end", "elapsed_seconds": 0.4545097737573087, "item_count": 1941}
{"event": "COMPACT_TIMING", "stage": "images_outputs", "boundary": "end", "role": "gallery", "batch_start": 1568, "batch_size": 32, "seconds": 558.0954934679903}
{"event": "COMPACT_TIMING", "stage": "images_outputs", "boundary": "begin", "role": "gallery", "batch_start": 1600, "batch_size": 32, "seconds": 558.0966007229872}
{"event": "COMPACT_RUNTIME_HASH", "boundary": "begin", "elapsed_seconds": 0.0, "item_count": 1941}
{"event": "COMPACT_RUNTIME_HASH", "boundary": "end", "elapsed_seconds": 0.310700667090714, "item_count": 1941}
{"event": "COMPACT_TIMING", "stage": "images_outputs", "boundary": "end", "role": "gallery", "batch_start": 1600, "batch_size": 32, "seconds": 559.1925662858412}
{"event": "COMPACT_TIMING", "stage": "images_outputs", "boundary": "begin", "role": "gallery", "batch_start": 1632, "batch_size": 32, "seconds": 559.1934696231037}
{"event": "COMPACT_RUNTIME_HASH", "boundary": "begin", "elapsed_seconds": 0.0, "item_count": 1941}
{"event": "COMPACT_RUNTIME_HASH", "boundary": "end", "elapsed_seconds": 0.3095617522485554, "item_count": 1941}
{"event": "COMPACT_TIMING", "stage": "images_outputs", "boundary": "end", "role": "gallery", "batch_start": 1632, "batch_size": 32, "seconds": 560.265303472057}
{"event": "COMPACT_TIMING", "stage": "images_outputs", "boundary": "begin", "role": "gallery", "batch_start": 1664, "batch_size": 32, "seconds": 560.2665238468908}
{"event": "COMPACT_RUNTIME_HASH", "boundary": "begin", "elapsed_seconds": 0.0, "item_count": 1941}
{"event": "COMPACT_RUNTIME_HASH", "boundary": "end", "elapsed_seconds": 0.34000072814524174, "item_count": 1941}
{"event": "COMPACT_TIMING", "stage": "images_outputs", "boundary": "end", "role": "gallery", "batch_start": 1664, "batch_size": 32, "seconds": 561.3554662279785}
{"event": "COMPACT_TIMING", "stage": "images_outputs", "boundary": "begin", "role": "gallery", "batch_start": 1696, "batch_size": 19, "seconds": 561.3563438849524}
{"event": "COMPACT_RUNTIME_HASH", "boundary": "begin", "elapsed_seconds": 0.0, "item_count": 1941}
{"event": "COMPACT_RUNTIME_HASH", "boundary": "end", "elapsed_seconds": 0.28044837759807706, "item_count": 1941}
{"event": "COMPACT_TIMING", "stage": "images_outputs", "boundary": "end", "role": "gallery", "batch_start": 1696, "batch_size": 19, "seconds": 562.1379376221448}
{"event": "COMPACT_TIMING", "stage": "export_pass", "boundary": "end", "pass_index": 1, "seconds": 562.1405823687091}
{"event": "COMPACT_TIMING", "stage": "postpass_endpoint_facts", "boundary": "begin", "pass_index": 1, "seconds": 562.1406420636922}
{"event": "COMPACT_TIMING", "stage": "postpass_endpoint_facts", "boundary": "end", "pass_index": 1, "seconds": 563.128146416042}
{"event": "COMPACT_TIMING", "stage": "postpass_audit", "boundary": "begin", "pass_index": 1, "seconds": 563.1281948960386}
{"event": "COMPACT_TIMING", "stage": "postpass_audit", "boundary": "end", "pass_index": 1, "seconds": 572.3349077627063}
{"progress": "exit_rehash", "seconds": 572.7093905978836}
{"event": "COMPACT_TIMING", "stage": "exit_rehash", "boundary": "begin", "phase": "export", "seconds": 572.7094407579862}
{"event": "PROTOTYPE_PHASE", "phase": "old_exit_begin", "seconds": 588.3150089210831}
{"event": "QUADRATIC_PHASE", "phase": "exit_rehash", "delta_seconds": 15.785570562817156, "cumulative_seconds": 15.785570562817156}
{"event": "PROTOTYPE_PHASE", "phase": "old_exit_end", "seconds": 604.1018081470393}
{"event": "PROTOTYPE_PHASE", "phase": "own_union_begin", "seconds": 604.101828370709}
{"event": "PROTOTYPE_PHASE", "phase": "own_union_end", "seconds": 619.2927809287794}
{"event": "PROTOTYPE_PHASE", "phase": "closure_begin", "seconds": 619.292823664844}
{"event": "PROTOTYPE_PHASE", "phase": "closure_end", "seconds": 619.2941285669804}
{"event": "COMPACT_TIMING", "stage": "exit_rehash", "boundary": "end", "phase": "export", "seconds": 676.4185673580505}
{"schema": "siglip2-compact-fullfeature-residual-evaluation-v1", "phase": "export", "output": "/home/riomus/runs/sfora-so400-fullfeature-residual-evaluation-full-export-candidate-179069-v1", "decision": null}
/home/riomus/.local/share/uv/python/cpython-3.13.9-linux-aarch64-gnu/bin/python3.13: OK
/home/riomus/runs/sfora-native256-initialized-cpu-final-footer-v1.py: OK
/home/riomus/runs/sfora-native256-stop-cgroup-footer-v1.py: OK
/home/riomus/runs/sfora-so400-compact-ranking-evaluation-reference-v1/evaluate_siglip2_nearest_ranking.py: OK
/home/riomus/runs/sfora-so400-compact-ranking-evaluation-reference-v1/execution.json: OK
/home/riomus/runs/sfora-so400-compact-ranking-evaluation-reference-v1/test_nearest_ranking_evaluation.py: OK
/home/riomus/runs/sfora-so400-fullfeature-residual-evaluation-source-v1/authority-full-export-candidate-179069-v1.json: OK
/home/riomus/runs/sfora-so400-fullfeature-residual-evaluation-source-v1/evaluate_siglip2_compact_ranking.py: OK
/home/riomus/runs/sfora-so400-fullfeature-residual-evaluation-source-v1/execution.json: OK
/home/riomus/runs/sfora-so400-fullfeature-residual-evaluation-source-v1/test_compact_ranking_evaluation.py: OK
/home/riomus/runs/sfora-so400-fullfeature-residual-train-candidate-179061-v1/bundle/bundle.json: OK
/home/riomus/runs/sfora-so400-fullfeature-residual-train-candidate-179061-v1/receipt.json: OK
/home/riomus/runs/sfora-so400-fullfeature-residual-train-candidate-179061-v1/resume.pt: OK
/home/riomus/runs/sfora-so400-fullfeature-residual-train-control-179061-v1/bundle/bundle.json: OK
/home/riomus/runs/sfora-so400-fullfeature-residual-train-control-179061-v1/receipt.json: OK
/home/riomus/runs/sfora-so400-fullfeature-residual-train-control-179061-v1/resume.pt: OK
/home/riomus/runs/sfora-so400-fullfeature-residual-train-source-v1/authority-train-candidate-179061-v1.json: OK
/home/riomus/runs/sfora-so400-fullfeature-residual-train-source-v1/authority-train-control-179061-v1.json: OK
/home/riomus/runs/sfora-so400-fullfeature-residual-train-source-v1/execution.json: OK
/home/riomus/runs/sfora-so400-fullfeature-residual-train-source-v1/test_siglip2_compact_ranking.py: OK
/home/riomus/runs/sfora-so400-fullfeature-residual-train-source-v1/train-candidate-179061-v1.log: OK
/home/riomus/runs/sfora-so400-fullfeature-residual-train-source-v1/train-control-179061-v1.log: OK
/home/riomus/runs/sfora-so400-fullfeature-residual-train-source-v1/train_siglip2_compact_ranking.py: OK
/home/riomus/runs/sfora-so400-genuine-view-evaluation-source-v4/evaluate_siglip2_genuine_views.py: OK
/home/riomus/runs/sfora-so400-genuine-view-evaluation-source-v4/execution.json: OK
/home/riomus/runs/sfora-so400-genuine-view-evaluation-source-v4/test_siglip2_genuine_view_evaluation.py: OK
/home/riomus/runs/sfora-so400-signed-concat-evaluation-source-v2/evaluate_siglip2_prototype_residual.py: OK
/home/riomus/runs/sfora-so400-signed-concat-evaluation-source-v2/execution.json: OK
/home/riomus/runs/sfora-so400-signed-concat-evaluation-source-v2/test_siglip2_prototype_residual_evaluation.py: OK
/home/riomus/runs/sfora-so400-fullfeature-residual-evaluation-full-cpu-v1/receipt.json: OK
/home/riomus/runs/sfora-so400-fullfeature-residual-evaluation-source-v1/full-cpu-v1.log: OK
/home/riomus/runs/sfora-so400-fullfeature-residual-train-candidate-179069-v2/resume.pt: OK
/home/riomus/runs/sfora-so400-fullfeature-residual-train-candidate-179069-v2/bundle/bundle.json: OK
/home/riomus/runs/sfora-so400-fullfeature-residual-train-source-v1/authority-train-candidate-179069-v2.json: OK
/home/riomus/runs/sfora-so400-fullfeature-residual-train-candidate-179069-v2/receipt.json: OK
/home/riomus/runs/sfora-so400-fullfeature-residual-train-source-v1/train-candidate-179069-v2.log: OK
/home/riomus/runs/sfora-so400-fullfeature-residual-train-control-179069-v2/resume.pt: OK
/home/riomus/runs/sfora-so400-fullfeature-residual-train-control-179069-v2/bundle/bundle.json: OK
/home/riomus/runs/sfora-so400-fullfeature-residual-train-source-v1/authority-train-control-179069-v2.json: OK
/home/riomus/runs/sfora-so400-fullfeature-residual-train-control-179069-v2/receipt.json: OK
/home/riomus/runs/sfora-so400-fullfeature-residual-train-source-v1/train-control-179069-v2.log: OK
FINAL_CGROUP {"command_exit_status": 0, "invocation_id": "70b0495ce2d14b1292f95f147852bea9", "path": "/sys/fs/cgroup/user.slice/user-1000.slice/user@1000.service/app.slice/sfora-so400-fullfeature-residual-evaluation-full-export-candidate-179069-v1.service", "values": {"memory.current": "1456631808", "memory.events": "low 0\nhigh 0\nmax 0\noom 0\noom_kill 0\noom_group_kill 0", "memory.max": "8589934592", "memory.peak": "5068607488", "memory.stat": "anon 6025216\nfile 1348562944\nkernel 99553280\nkernel_stack 65536\npagetables 339968\nsec_pagetables 0\npercpu 2464\nsock 0\nvmalloc 0\nshmem 0\nzswap 0\nzswapped 0\nfile_mapped 0\nfile_dirty 20480\nfile_writeback 0\nswapcached 0\nanon_thp 0\nfile_thp 4194304\nshmem_thp 0\ninactive_anon 0\nactive_anon 5906432\ninactive_file 765169664\nactive_file 583389184\nunevictable 0\nslab_reclaimable 99035296\nslab_unreclaimable 130912\nslab 99166208\nworkingset_refault_anon 0\nworkingset_refault_file 0\nworkingset_activate_anon 0\nworkingset_activate_file 0\nworkingset_restore_anon 0\nworkingset_restore_file 0\nworkingset_nodereclaim 0\npgdemote_kswapd 0\npgdemote_direct 0\npgdemote_khugepaged 0\npgdemote_proactive 0\npgpromote_success 0\npgscan 0\npgsteal 0\npswpin 0\npswpout 0\npgscan_kswapd 0\npgscan_direct 0\npgscan_khugepaged 0\npgscan_proactive 0\npgsteal_kswapd 0\npgsteal_direct 0\npgsteal_khugepaged 0\npgsteal_proactive 0\npgfault 956306\npgmajfault 11987\npgrefill 0\npgactivate 0\npgdeactivate 0\npglazyfree 0\npglazyfreed 0\nswpin_zero 0\nswpout_zero 0\nzswpin 0\nzswpout 0\nzswpwb 0\nthp_fault_alloc 2090\nthp_collapse_alloc 16\nthp_swpout 0\nthp_swpout_fallback 0\nnuma_pages_migrated 0\nnuma_pte_updates 0\nnuma_hint_faults 0", "memory.swap.current": "0", "memory.swap.max": "0", "memory.swap.peak": "0"}}
	Command being timed: "/bin/bash -c set -e; sudo -n /bin/sync; sudo -n /bin/sh -c "echo 3 > /proc/sys/vm/drop_caches"; exec /bin/bash /home/riomus/runs/sfora-so400-fullfeature-residual-evaluation-source-v1/full-export-candidate-179069-v1-command.sh"
	User time (seconds): 448.82
	System time (seconds): 88.14
	Percent of CPU this job got: 79%
	Elapsed (wall clock) time (h:mm:ss or m:ss): 11:19.04
	Average shared text size (kbytes): 0
	Average unshared data size (kbytes): 0
	Average stack size (kbytes): 0
	Average total size (kbytes): 0
	Maximum resident set size (kbytes): 4213436
	Average resident set size (kbytes): 0
	Major (requiring I/O) page faults: 11988
	Minor (reclaiming a frame) page faults: 804736
	Voluntary context switches: 7066729
	Involuntary context switches: 10803
	Swaps: 0
	File system inputs: 533251304
	File system outputs: 18680
	Socket messages sent: 0
	Socket messages received: 0
	Signals delivered: 0
	Page size (bytes): 4096
	Exit status: 0
STOP_CGROUP {"exit_code": "exited", "exit_status": "0", "invocation_id": "70b0495ce2d14b1292f95f147852bea9", "path": "/sys/fs/cgroup/user.slice/user-1000.slice/user@1000.service/app.slice/sfora-so400-fullfeature-residual-evaluation-full-export-candidate-179069-v1.service", "service_result": "success", "values": {"memory.current": "1455427584", "memory.events": "low 0\nhigh 0\nmax 0\noom 0\noom_kill 0\noom_group_kill 0", "memory.max": "8589934592", "memory.peak": "5068607488", "memory.stat": "anon 5414912\nfile 1348562944\nkernel 99188736\nkernel_stack 0\npagetables 106496\nsec_pagetables 0\npercpu 1760\nsock 0\nvmalloc 0\nshmem 0\nzswap 0\nzswapped 0\nfile_mapped 0\nfile_dirty 20480\nfile_writeback 0\nswapcached 0\nanon_thp 0\nfile_thp 4194304\nshmem_thp 0\ninactive_anon 0\nactive_anon 5328896\ninactive_file 765169664\nactive_file 583389184\nunevictable 0\nslab_reclaimable 99034528\nslab_unreclaimable 58920\nslab 99093448\nworkingset_refault_anon 0\nworkingset_refault_file 0\nworkingset_activate_anon 0\nworkingset_activate_file 0\nworkingset_restore_anon 0\nworkingset_restore_file 0\nworkingset_nodereclaim 0\npgdemote_kswapd 0\npgdemote_direct 0\npgdemote_khugepaged 0\npgdemote_proactive 0\npgpromote_success 0\npgscan 0\npgsteal 0\npswpin 0\npswpout 0\npgscan_kswapd 0\npgscan_direct 0\npgscan_khugepaged 0\npgscan_proactive 0\npgsteal_kswapd 0\npgsteal_direct 0\npgsteal_khugepaged 0\npgsteal_proactive 0\npgfault 957821\npgmajfault 11987\npgrefill 0\npgactivate 0\npgdeactivate 0\npglazyfree 0\npglazyfreed 0\nswpin_zero 0\nswpout_zero 0\nzswpin 0\nzswpout 0\nzswpwb 0\nthp_fault_alloc 2090\nthp_collapse_alloc 16\nthp_swpout 0\nthp_swpout_fallback 0\nnuma_pages_migrated 0\nnuma_pte_updates 0\nnuma_hint_faults 0", "memory.swap.current": "0", "memory.swap.max": "0", "memory.swap.peak": "0"}}
Finished with result: success
Main processes terminated with: code=exited/status=0
Service runtime: 11min 19.095s
CPU time consumed: 8min 57.014s
Memory peak: 4.7G
Memory swap peak: 0B
