{
  "config": {
    "batch_size": 32,
    "group_size": 4,
    "margin": 0.5,
    "model_names": [
      "sentence-transformers/paraphrase-MiniLM-L3-v2",
      "sentence-transformers/all-MiniLM-L6-v2"
    ],
    "normalize_embeddings": true,
    "seed": 0,
    "test_size": 0.25
  },
  "examples": 256,
  "group_triplets": 64,
  "methods": {
    "sentence_transformer:sentence-transformers/all-MiniLM-L6-v2": {
      "dimensions": 384,
      "group_loss": 1.00937280043193,
      "probe": {
        "accuracy": 0.625,
        "confusion_matrix": [
          [
            20,
            12
          ],
          [
            12,
            20
          ]
        ],
        "macro_f1": 0.625,
        "train_accuracy": 0.9010416666666666,
        "train_macro_f1": 0.9010389821772509
      },
      "retrieval": {
        "map_at_r": 0.3078529877469825,
        "mean_relevant_items": 96.0,
        "precision_at_1": 0.671875
      },
      "space": {
        "drift_to_gap_ratio": 0.849365444171295,
        "signal_to_noise_ratio": 0.1165340526479036,
        "test_within_class_radius": 0.8304422005700962,
        "train_centroid_gap": 0.19360832955845841,
        "train_test_centroid_drift": 0.1644442248306825,
        "train_within_class_radius": 0.8309462533561334
      },
      "triplet_loss": 0.48825849713533986
    },
    "sentence_transformer:sentence-transformers/paraphrase-MiniLM-L3-v2": {
      "dimensions": 384,
      "group_loss": 1.0156807214244676,
      "probe": {
        "accuracy": 0.78125,
        "confusion_matrix": [
          [
            25,
            7
          ],
          [
            7,
            25
          ]
        ],
        "macro_f1": 0.78125,
        "train_accuracy": 0.875,
        "train_macro_f1": 0.8749864351600651
      },
      "retrieval": {
        "map_at_r": 0.30303404557635916,
        "mean_relevant_items": 96.0,
        "precision_at_1": 0.546875
      },
      "space": {
        "drift_to_gap_ratio": 0.837125212693542,
        "signal_to_noise_ratio": 0.11641856857046612,
        "test_within_class_radius": 0.8372645325001753,
        "train_centroid_gap": 0.19390105222162995,
        "train_test_centroid_drift": 0.16231945958253358,
        "train_within_class_radius": 0.8282863723304837
      },
      "triplet_loss": 0.49765695431095913
    }
  },
  "name": "sentence-transformer-model-suite",
  "triplets": 256
}
