/home/riomus/runs/sfora-so400-current-gallery-smooth-ap-evaluation-source-v1/first-export-control-179061-v1-command.sh: OK
Running as unit: sfora-so400-current-gallery-smooth-ap-evaluation-first-export-control-179061-v1.service; invocation ID: 637c35560dd245a5b6b0fcc6be7ede6d
/home/riomus/.local/share/uv/python/cpython-3.13.9-linux-aarch64-gnu/bin/python3.13: OK
/home/riomus/runs/sfora-native256-initialized-cpu-final-footer-v1.py: OK
/home/riomus/runs/sfora-native256-stop-cgroup-footer-v1.py: OK
/home/riomus/runs/sfora-so400-compact-ranking-evaluation-reference-v1/evaluate_siglip2_nearest_ranking.py: OK
/home/riomus/runs/sfora-so400-compact-ranking-evaluation-reference-v1/execution.json: OK
/home/riomus/runs/sfora-so400-compact-ranking-evaluation-reference-v1/test_nearest_ranking_evaluation.py: OK
/home/riomus/runs/sfora-so400-current-gallery-smooth-ap-evaluation-source-v1/authority-first-export-control-179061-v1.json: OK
/home/riomus/runs/sfora-so400-current-gallery-smooth-ap-evaluation-source-v1/evaluate_siglip2_compact_ranking.py: OK
/home/riomus/runs/sfora-so400-current-gallery-smooth-ap-evaluation-source-v1/execution.json: OK
/home/riomus/runs/sfora-so400-current-gallery-smooth-ap-evaluation-source-v1/test_compact_ranking_evaluation.py: OK
/home/riomus/runs/sfora-so400-current-gallery-smooth-ap-train-candidate-179061-v1/bundle/bundle.json: OK
/home/riomus/runs/sfora-so400-current-gallery-smooth-ap-train-candidate-179061-v1/receipt.json: OK
/home/riomus/runs/sfora-so400-current-gallery-smooth-ap-train-candidate-179061-v1/resume.pt: OK
/home/riomus/runs/sfora-so400-current-gallery-smooth-ap-train-control-179061-v1/bundle/bundle.json: OK
/home/riomus/runs/sfora-so400-current-gallery-smooth-ap-train-control-179061-v1/receipt.json: OK
/home/riomus/runs/sfora-so400-current-gallery-smooth-ap-train-control-179061-v1/resume.pt: OK
/home/riomus/runs/sfora-so400-current-gallery-smooth-ap-train-source-v1/authority-train-candidate-179061-v1.json: OK
/home/riomus/runs/sfora-so400-current-gallery-smooth-ap-train-source-v1/authority-train-control-179061-v1.json: OK
/home/riomus/runs/sfora-so400-current-gallery-smooth-ap-train-source-v1/execution.json: OK
/home/riomus/runs/sfora-so400-current-gallery-smooth-ap-train-source-v1/test_siglip2_compact_ranking.py: OK
/home/riomus/runs/sfora-so400-current-gallery-smooth-ap-train-source-v1/train-candidate-179061-v1.log: OK
/home/riomus/runs/sfora-so400-current-gallery-smooth-ap-train-source-v1/train-control-179061-v1.log: OK
/home/riomus/runs/sfora-so400-current-gallery-smooth-ap-train-source-v1/train_siglip2_compact_ranking.py: OK
/home/riomus/runs/sfora-so400-genuine-view-evaluation-source-v4/evaluate_siglip2_genuine_views.py: OK
/home/riomus/runs/sfora-so400-genuine-view-evaluation-source-v4/execution.json: OK
/home/riomus/runs/sfora-so400-genuine-view-evaluation-source-v4/test_siglip2_genuine_view_evaluation.py: OK
/home/riomus/runs/sfora-so400-signed-concat-evaluation-source-v2/evaluate_siglip2_prototype_residual.py: OK
/home/riomus/runs/sfora-so400-signed-concat-evaluation-source-v2/execution.json: OK
/home/riomus/runs/sfora-so400-signed-concat-evaluation-source-v2/test_siglip2_prototype_residual_evaluation.py: OK
/home/riomus/runs/sfora-so400-current-gallery-smooth-ap-evaluation-first-cpu-v1/receipt.json: OK
/home/riomus/runs/sfora-so400-current-gallery-smooth-ap-evaluation-source-v1/first-cpu-v1.log: OK
{"event": "COMPACT_PHASE", "phase": "shared_source_preparation", "boundary": "begin", "seconds": 153.48443081695586}
{"event": "COMPACT_PHASE", "phase": "shared_source_preparation", "boundary": "end", "delta_seconds": 18.735757482238114, "seconds": 172.22018991503865}
{"event": "COMPACT_PHASE", "phase": "cache_target_preparation", "boundary": "begin", "seconds": 172.22023154702038}
{"event": "COMPACT_PHASE", "phase": "cache_target_preparation", "boundary": "end", "delta_seconds": 2.2020721691660583, "seconds": 174.4223069800064}
{"progress": "admitted", "phase": "export", "stage": "first", "seconds": 180.82510581007227}
{"event": "COMPACT_TIMING", "stage": "loader", "boundary": "begin", "pass_index": 0, "seconds": 186.7148015019484}
{"event": "COMPACT_RUNTIME_HASH", "boundary": "begin", "elapsed_seconds": 0.0, "item_count": 1941}
{"event": "COMPACT_RUNTIME_HASH", "boundary": "end", "elapsed_seconds": 0.2736371327191591, "item_count": 1941}
{"event": "COMPACT_TIMING", "stage": "loader", "boundary": "end", "pass_index": 0, "seconds": 211.49999565910548}
{"event": "COMPACT_TIMING", "stage": "endpoint_facts", "boundary": "begin", "pass_index": 0, "seconds": 211.50006447499618}
{"event": "COMPACT_TIMING", "stage": "endpoint_facts", "boundary": "end", "pass_index": 0, "seconds": 212.6736184717156}
{"event": "COMPACT_TIMING", "stage": "witness", "boundary": "begin", "pass_index": 0, "seconds": 212.67366845579818}
{"event": "COMPACT_RUNTIME_HASH", "boundary": "begin", "elapsed_seconds": 0.0, "item_count": 1941}
{"event": "COMPACT_RUNTIME_HASH", "boundary": "end", "elapsed_seconds": 0.32513137394562364, "item_count": 1941}
{"event": "COMPACT_TIMING", "stage": "witness", "boundary": "end", "pass_index": 0, "seconds": 214.75640452886}
{"event": "COMPACT_TIMING", "stage": "diagnostic", "boundary": "begin", "pass_index": 0, "seconds": 214.75646761711687}
{"event": "COMPACT_RUNTIME_HASH", "boundary": "begin", "elapsed_seconds": 0.0, "item_count": 1941}
{"event": "COMPACT_RUNTIME_HASH", "boundary": "end", "elapsed_seconds": 0.327130185905844, "item_count": 1941}
{"event": "COMPACT_RUNTIME_HASH", "boundary": "begin", "elapsed_seconds": 0.0, "item_count": 1941}
{"event": "COMPACT_RUNTIME_HASH", "boundary": "end", "elapsed_seconds": 0.2878934242762625, "item_count": 1941}
{"event": "COMPACT_RUNTIME_HASH", "boundary": "begin", "elapsed_seconds": 0.0, "item_count": 1941}
{"event": "COMPACT_RUNTIME_HASH", "boundary": "end", "elapsed_seconds": 0.28576731588691473, "item_count": 1941}
{"event": "COMPACT_RUNTIME_HASH", "boundary": "begin", "elapsed_seconds": 0.0, "item_count": 1941}
{"event": "COMPACT_RUNTIME_HASH", "boundary": "end", "elapsed_seconds": 0.3274148581549525, "item_count": 1941}
{"event": "COMPACT_RUNTIME_HASH", "boundary": "begin", "elapsed_seconds": 0.0, "item_count": 1941}
{"event": "COMPACT_RUNTIME_HASH", "boundary": "end", "elapsed_seconds": 0.2889745100401342, "item_count": 1941}
{"event": "COMPACT_RUNTIME_HASH", "boundary": "begin", "elapsed_seconds": 0.0, "item_count": 1941}
{"event": "COMPACT_RUNTIME_HASH", "boundary": "end", "elapsed_seconds": 0.2740371022373438, "item_count": 1941}
{"event": "COMPACT_RUNTIME_HASH", "boundary": "begin", "elapsed_seconds": 0.0, "item_count": 1941}
{"event": "COMPACT_RUNTIME_HASH", "boundary": "end", "elapsed_seconds": 0.3110329429619014, "item_count": 1941}
{"event": "COMPACT_RUNTIME_HASH", "boundary": "begin", "elapsed_seconds": 0.0, "item_count": 1941}
{"event": "COMPACT_RUNTIME_HASH", "boundary": "end", "elapsed_seconds": 0.319389708340168, "item_count": 1941}
{"event": "COMPACT_RUNTIME_HASH", "boundary": "begin", "elapsed_seconds": 0.0, "item_count": 1941}
{"event": "COMPACT_RUNTIME_HASH", "boundary": "end", "elapsed_seconds": 0.3015841948799789, "item_count": 1941}
{"event": "COMPACT_RUNTIME_HASH", "boundary": "begin", "elapsed_seconds": 0.0, "item_count": 1941}
{"event": "COMPACT_RUNTIME_HASH", "boundary": "end", "elapsed_seconds": 0.45126842986792326, "item_count": 1941}
{"event": "COMPACT_RUNTIME_HASH", "boundary": "begin", "elapsed_seconds": 0.0, "item_count": 1941}
{"event": "COMPACT_RUNTIME_HASH", "boundary": "end", "elapsed_seconds": 0.31917407596483827, "item_count": 1941}
{"event": "COMPACT_RUNTIME_HASH", "boundary": "begin", "elapsed_seconds": 0.0, "item_count": 1941}
{"event": "COMPACT_RUNTIME_HASH", "boundary": "end", "elapsed_seconds": 0.3098959680646658, "item_count": 1941}
{"event": "COMPACT_TIMING", "stage": "diagnostic", "boundary": "end", "pass_index": 0, "seconds": 224.14922728668898}
{"event": "COMPACT_TIMING", "stage": "export_pass", "boundary": "begin", "pass_index": 0, "seconds": 224.149265719112}
{"event": "COMPACT_TIMING", "stage": "images_outputs", "boundary": "begin", "role": "query", "batch_start": 0, "batch_size": 32, "seconds": 224.14932024711743}
{"event": "COMPACT_RUNTIME_HASH", "boundary": "begin", "elapsed_seconds": 0.0, "item_count": 1941}
{"event": "COMPACT_RUNTIME_HASH", "boundary": "end", "elapsed_seconds": 0.2715098117478192, "item_count": 1941}
{"event": "COMPACT_TIMING", "stage": "images_outputs", "boundary": "end", "role": "query", "batch_start": 0, "batch_size": 32, "seconds": 225.60926151601598}
{"event": "COMPACT_TIMING", "stage": "images_outputs", "boundary": "begin", "role": "query", "batch_start": 32, "batch_size": 32, "seconds": 225.62300906982273}
{"event": "COMPACT_RUNTIME_HASH", "boundary": "begin", "elapsed_seconds": 0.0, "item_count": 1941}
{"event": "COMPACT_RUNTIME_HASH", "boundary": "end", "elapsed_seconds": 0.3038792461156845, "item_count": 1941}
{"event": "COMPACT_TIMING", "stage": "images_outputs", "boundary": "end", "role": "query", "batch_start": 32, "batch_size": 32, "seconds": 226.6749109677039}
{"event": "COMPACT_TIMING", "stage": "images_outputs", "boundary": "begin", "role": "query", "batch_start": 64, "batch_size": 32, "seconds": 226.6765610128641}
{"event": "COMPACT_RUNTIME_HASH", "boundary": "begin", "elapsed_seconds": 0.0, "item_count": 1941}
{"event": "COMPACT_RUNTIME_HASH", "boundary": "end", "elapsed_seconds": 0.34530625957995653, "item_count": 1941}
{"event": "COMPACT_TIMING", "stage": "images_outputs", "boundary": "end", "role": "query", "batch_start": 64, "batch_size": 32, "seconds": 227.76963238976896}
{"event": "COMPACT_TIMING", "stage": "images_outputs", "boundary": "begin", "role": "query", "batch_start": 96, "batch_size": 32, "seconds": 227.77077302709222}
{"event": "COMPACT_RUNTIME_HASH", "boundary": "begin", "elapsed_seconds": 0.0, "item_count": 1941}
{"event": "COMPACT_RUNTIME_HASH", "boundary": "end", "elapsed_seconds": 0.3306839079596102, "item_count": 1941}
{"event": "COMPACT_TIMING", "stage": "images_outputs", "boundary": "end", "role": "query", "batch_start": 96, "batch_size": 32, "seconds": 228.8513796958141}
{"event": "COMPACT_TIMING", "stage": "images_outputs", "boundary": "begin", "role": "query", "batch_start": 128, "batch_size": 32, "seconds": 228.85317053971812}
{"event": "COMPACT_RUNTIME_HASH", "boundary": "begin", "elapsed_seconds": 0.0, "item_count": 1941}
{"event": "COMPACT_RUNTIME_HASH", "boundary": "end", "elapsed_seconds": 0.3111852779984474, "item_count": 1941}
{"event": "COMPACT_TIMING", "stage": "images_outputs", "boundary": "end", "role": "query", "batch_start": 128, "batch_size": 32, "seconds": 229.94363619480282}
{"event": "COMPACT_TIMING", "stage": "images_outputs", "boundary": "begin", "role": "query", "batch_start": 160, "batch_size": 32, "seconds": 229.94550518272445}
{"event": "COMPACT_RUNTIME_HASH", "boundary": "begin", "elapsed_seconds": 0.0, "item_count": 1941}
{"event": "COMPACT_RUNTIME_HASH", "boundary": "end", "elapsed_seconds": 0.3031155997887254, "item_count": 1941}
{"event": "COMPACT_TIMING", "stage": "images_outputs", "boundary": "end", "role": "query", "batch_start": 160, "batch_size": 32, "seconds": 231.01075665280223}
{"event": "COMPACT_TIMING", "stage": "images_outputs", "boundary": "begin", "role": "query", "batch_start": 192, "batch_size": 32, "seconds": 231.01188620273024}
{"event": "COMPACT_RUNTIME_HASH", "boundary": "begin", "elapsed_seconds": 0.0, "item_count": 1941}
{"event": "COMPACT_RUNTIME_HASH", "boundary": "end", "elapsed_seconds": 0.4426142112351954, "item_count": 1941}
{"event": "COMPACT_TIMING", "stage": "images_outputs", "boundary": "end", "role": "query", "batch_start": 192, "batch_size": 32, "seconds": 232.2087734369561}
{"event": "COMPACT_TIMING", "stage": "images_outputs", "boundary": "begin", "role": "query", "batch_start": 224, "batch_size": 32, "seconds": 232.21009919373319}
{"event": "COMPACT_RUNTIME_HASH", "boundary": "begin", "elapsed_seconds": 0.0, "item_count": 1941}
{"event": "COMPACT_RUNTIME_HASH", "boundary": "end", "elapsed_seconds": 0.2936121649108827, "item_count": 1941}
{"event": "COMPACT_TIMING", "stage": "images_outputs", "boundary": "end", "role": "query", "batch_start": 224, "batch_size": 32, "seconds": 233.27596375206485}
{"event": "COMPACT_TIMING", "stage": "images_outputs", "boundary": "begin", "role": "query", "batch_start": 256, "batch_size": 32, "seconds": 233.27763493172824}
{"event": "COMPACT_RUNTIME_HASH", "boundary": "begin", "elapsed_seconds": 0.0, "item_count": 1941}
{"event": "COMPACT_RUNTIME_HASH", "boundary": "end", "elapsed_seconds": 0.3018821310251951, "item_count": 1941}
{"event": "COMPACT_TIMING", "stage": "images_outputs", "boundary": "end", "role": "query", "batch_start": 256, "batch_size": 32, "seconds": 234.34545513382182}
{"event": "COMPACT_TIMING", "stage": "images_outputs", "boundary": "begin", "role": "query", "batch_start": 288, "batch_size": 32, "seconds": 234.34888256667182}
{"event": "COMPACT_RUNTIME_HASH", "boundary": "begin", "elapsed_seconds": 0.0, "item_count": 1941}
{"event": "COMPACT_RUNTIME_HASH", "boundary": "end", "elapsed_seconds": 0.3261954220943153, "item_count": 1941}
{"event": "COMPACT_TIMING", "stage": "images_outputs", "boundary": "end", "role": "query", "batch_start": 288, "batch_size": 32, "seconds": 235.4450586438179}
{"event": "COMPACT_TIMING", "stage": "images_outputs", "boundary": "begin", "role": "query", "batch_start": 320, "batch_size": 32, "seconds": 235.4467120799236}
{"event": "COMPACT_RUNTIME_HASH", "boundary": "begin", "elapsed_seconds": 0.0, "item_count": 1941}
{"event": "COMPACT_RUNTIME_HASH", "boundary": "end", "elapsed_seconds": 0.30007536709308624, "item_count": 1941}
{"event": "COMPACT_TIMING", "stage": "images_outputs", "boundary": "end", "role": "query", "batch_start": 320, "batch_size": 32, "seconds": 236.49333437671885}
{"event": "COMPACT_TIMING", "stage": "images_outputs", "boundary": "begin", "role": "query", "batch_start": 352, "batch_size": 32, "seconds": 236.49516822909936}
{"event": "COMPACT_RUNTIME_HASH", "boundary": "begin", "elapsed_seconds": 0.0, "item_count": 1941}
{"event": "COMPACT_RUNTIME_HASH", "boundary": "end", "elapsed_seconds": 0.3135594818741083, "item_count": 1941}
{"event": "COMPACT_TIMING", "stage": "images_outputs", "boundary": "end", "role": "query", "batch_start": 352, "batch_size": 32, "seconds": 237.5717180930078}
{"event": "COMPACT_TIMING", "stage": "images_outputs", "boundary": "begin", "role": "query", "batch_start": 384, "batch_size": 32, "seconds": 237.57361634494737}
{"event": "COMPACT_RUNTIME_HASH", "boundary": "begin", "elapsed_seconds": 0.0, "item_count": 1941}
{"event": "COMPACT_RUNTIME_HASH", "boundary": "end", "elapsed_seconds": 0.2741949106566608, "item_count": 1941}
{"event": "COMPACT_TIMING", "stage": "images_outputs", "boundary": "end", "role": "query", "batch_start": 384, "batch_size": 32, "seconds": 238.63929640874267}
{"event": "COMPACT_TIMING", "stage": "images_outputs", "boundary": "begin", "role": "query", "batch_start": 416, "batch_size": 32, "seconds": 238.64119221176952}
{"event": "COMPACT_RUNTIME_HASH", "boundary": "begin", "elapsed_seconds": 0.0, "item_count": 1941}
{"event": "COMPACT_RUNTIME_HASH", "boundary": "end", "elapsed_seconds": 0.31966355023905635, "item_count": 1941}
{"event": "COMPACT_TIMING", "stage": "images_outputs", "boundary": "end", "role": "query", "batch_start": 416, "batch_size": 32, "seconds": 239.74260603869334}
{"event": "COMPACT_TIMING", "stage": "images_outputs", "boundary": "begin", "role": "query", "batch_start": 448, "batch_size": 32, "seconds": 239.74472507508472}
{"event": "COMPACT_RUNTIME_HASH", "boundary": "begin", "elapsed_seconds": 0.0, "item_count": 1941}
{"event": "COMPACT_RUNTIME_HASH", "boundary": "end", "elapsed_seconds": 0.31883062282577157, "item_count": 1941}
{"event": "COMPACT_TIMING", "stage": "images_outputs", "boundary": "end", "role": "query", "batch_start": 448, "batch_size": 32, "seconds": 240.84317647712305}
{"event": "COMPACT_TIMING", "stage": "images_outputs", "boundary": "begin", "role": "query", "batch_start": 480, "batch_size": 32, "seconds": 240.8444334338419}
{"event": "COMPACT_RUNTIME_HASH", "boundary": "begin", "elapsed_seconds": 0.0, "item_count": 1941}
{"event": "COMPACT_RUNTIME_HASH", "boundary": "end", "elapsed_seconds": 0.3219209359958768, "item_count": 1941}
{"event": "COMPACT_TIMING", "stage": "images_outputs", "boundary": "end", "role": "query", "batch_start": 480, "batch_size": 32, "seconds": 241.9254221539013}
{"event": "COMPACT_TIMING", "stage": "images_outputs", "boundary": "begin", "role": "query", "batch_start": 512, "batch_size": 32, "seconds": 241.92722136573866}
{"event": "COMPACT_RUNTIME_HASH", "boundary": "begin", "elapsed_seconds": 0.0, "item_count": 1941}
{"event": "COMPACT_RUNTIME_HASH", "boundary": "end", "elapsed_seconds": 0.29856207501143217, "item_count": 1941}
{"event": "COMPACT_TIMING", "stage": "images_outputs", "boundary": "end", "role": "query", "batch_start": 512, "batch_size": 32, "seconds": 242.97107472689822}
{"event": "COMPACT_TIMING", "stage": "images_outputs", "boundary": "begin", "role": "query", "batch_start": 544, "batch_size": 32, "seconds": 242.9737173449248}
{"event": "COMPACT_RUNTIME_HASH", "boundary": "begin", "elapsed_seconds": 0.0, "item_count": 1941}
{"event": "COMPACT_RUNTIME_HASH", "boundary": "end", "elapsed_seconds": 0.33545450819656253, "item_count": 1941}
{"event": "COMPACT_TIMING", "stage": "images_outputs", "boundary": "end", "role": "query", "batch_start": 544, "batch_size": 32, "seconds": 244.07640072191134}
{"event": "COMPACT_TIMING", "stage": "images_outputs", "boundary": "begin", "role": "query", "batch_start": 576, "batch_size": 32, "seconds": 244.0772644970566}
{"event": "COMPACT_RUNTIME_HASH", "boundary": "begin", "elapsed_seconds": 0.0, "item_count": 1941}
{"event": "COMPACT_RUNTIME_HASH", "boundary": "end", "elapsed_seconds": 0.44956206856295466, "item_count": 1941}
{"event": "COMPACT_TIMING", "stage": "images_outputs", "boundary": "end", "role": "query", "batch_start": 576, "batch_size": 32, "seconds": 245.2928553428501}
{"event": "COMPACT_TIMING", "stage": "images_outputs", "boundary": "begin", "role": "query", "batch_start": 608, "batch_size": 32, "seconds": 245.2939239810221}
{"event": "COMPACT_RUNTIME_HASH", "boundary": "begin", "elapsed_seconds": 0.0, "item_count": 1941}
{"event": "COMPACT_RUNTIME_HASH", "boundary": "end", "elapsed_seconds": 0.3327002888545394, "item_count": 1941}
{"event": "COMPACT_TIMING", "stage": "images_outputs", "boundary": "end", "role": "query", "batch_start": 608, "batch_size": 32, "seconds": 246.37256435491145}
{"event": "COMPACT_TIMING", "stage": "images_outputs", "boundary": "begin", "role": "query", "batch_start": 640, "batch_size": 32, "seconds": 246.37433887878433}
{"event": "COMPACT_RUNTIME_HASH", "boundary": "begin", "elapsed_seconds": 0.0, "item_count": 1941}
{"event": "COMPACT_RUNTIME_HASH", "boundary": "end", "elapsed_seconds": 0.330705429892987, "item_count": 1941}
{"event": "COMPACT_TIMING", "stage": "images_outputs", "boundary": "end", "role": "query", "batch_start": 640, "batch_size": 32, "seconds": 247.4756935890764}
{"event": "COMPACT_TIMING", "stage": "images_outputs", "boundary": "begin", "role": "query", "batch_start": 672, "batch_size": 32, "seconds": 247.47782716806978}
{"event": "COMPACT_RUNTIME_HASH", "boundary": "begin", "elapsed_seconds": 0.0, "item_count": 1941}
{"event": "COMPACT_RUNTIME_HASH", "boundary": "end", "elapsed_seconds": 0.30459478218108416, "item_count": 1941}
{"event": "COMPACT_TIMING", "stage": "images_outputs", "boundary": "end", "role": "query", "batch_start": 672, "batch_size": 32, "seconds": 248.55934931291267}
{"event": "COMPACT_TIMING", "stage": "images_outputs", "boundary": "begin", "role": "query", "batch_start": 704, "batch_size": 32, "seconds": 248.560745021794}
{"event": "COMPACT_RUNTIME_HASH", "boundary": "begin", "elapsed_seconds": 0.0, "item_count": 1941}
{"event": "COMPACT_RUNTIME_HASH", "boundary": "end", "elapsed_seconds": 0.2856995747424662, "item_count": 1941}
{"event": "COMPACT_TIMING", "stage": "images_outputs", "boundary": "end", "role": "query", "batch_start": 704, "batch_size": 32, "seconds": 249.58639143174514}
{"event": "COMPACT_TIMING", "stage": "images_outputs", "boundary": "begin", "role": "query", "batch_start": 736, "batch_size": 32, "seconds": 249.5875299088657}
{"event": "COMPACT_RUNTIME_HASH", "boundary": "begin", "elapsed_seconds": 0.0, "item_count": 1941}
{"event": "COMPACT_RUNTIME_HASH", "boundary": "end", "elapsed_seconds": 0.28054622700437903, "item_count": 1941}
{"event": "COMPACT_TIMING", "stage": "images_outputs", "boundary": "end", "role": "query", "batch_start": 736, "batch_size": 32, "seconds": 250.6020177830942}
{"event": "COMPACT_TIMING", "stage": "images_outputs", "boundary": "begin", "role": "query", "batch_start": 768, "batch_size": 32, "seconds": 250.6036952356808}
{"event": "COMPACT_RUNTIME_HASH", "boundary": "begin", "elapsed_seconds": 0.0, "item_count": 1941}
{"event": "COMPACT_RUNTIME_HASH", "boundary": "end", "elapsed_seconds": 0.284481065813452, "item_count": 1941}
{"event": "COMPACT_TIMING", "stage": "images_outputs", "boundary": "end", "role": "query", "batch_start": 768, "batch_size": 32, "seconds": 251.62514747912064}
{"event": "COMPACT_TIMING", "stage": "images_outputs", "boundary": "begin", "role": "query", "batch_start": 800, "batch_size": 32, "seconds": 251.62590853404254}
{"event": "COMPACT_RUNTIME_HASH", "boundary": "begin", "elapsed_seconds": 0.0, "item_count": 1941}
{"event": "COMPACT_RUNTIME_HASH", "boundary": "end", "elapsed_seconds": 0.3176198899745941, "item_count": 1941}
{"event": "COMPACT_TIMING", "stage": "images_outputs", "boundary": "end", "role": "query", "batch_start": 800, "batch_size": 32, "seconds": 252.70109875686467}
{"event": "COMPACT_TIMING", "stage": "images_outputs", "boundary": "begin", "role": "query", "batch_start": 832, "batch_size": 32, "seconds": 252.70329696079716}
{"event": "COMPACT_RUNTIME_HASH", "boundary": "begin", "elapsed_seconds": 0.0, "item_count": 1941}
{"event": "COMPACT_RUNTIME_HASH", "boundary": "end", "elapsed_seconds": 0.3200700613670051, "item_count": 1941}
{"event": "COMPACT_TIMING", "stage": "images_outputs", "boundary": "end", "role": "query", "batch_start": 832, "batch_size": 32, "seconds": 253.77855192078277}
{"event": "COMPACT_TIMING", "stage": "images_outputs", "boundary": "begin", "role": "query", "batch_start": 864, "batch_size": 32, "seconds": 253.77932383911684}
{"event": "COMPACT_RUNTIME_HASH", "boundary": "begin", "elapsed_seconds": 0.0, "item_count": 1941}
{"event": "COMPACT_RUNTIME_HASH", "boundary": "end", "elapsed_seconds": 0.3011720860376954, "item_count": 1941}
{"event": "COMPACT_TIMING", "stage": "images_outputs", "boundary": "end", "role": "query", "batch_start": 864, "batch_size": 32, "seconds": 254.82933787768707}
{"event": "COMPACT_TIMING", "stage": "images_outputs", "boundary": "begin", "role": "query", "batch_start": 896, "batch_size": 32, "seconds": 254.83250087872148}
{"event": "COMPACT_RUNTIME_HASH", "boundary": "begin", "elapsed_seconds": 0.0, "item_count": 1941}
{"event": "COMPACT_RUNTIME_HASH", "boundary": "end", "elapsed_seconds": 0.27880869479849935, "item_count": 1941}
{"event": "COMPACT_TIMING", "stage": "images_outputs", "boundary": "end", "role": "query", "batch_start": 896, "batch_size": 32, "seconds": 255.87693200167269}
{"event": "COMPACT_TIMING", "stage": "images_outputs", "boundary": "begin", "role": "query", "batch_start": 928, "batch_size": 32, "seconds": 255.878868045751}
{"event": "COMPACT_RUNTIME_HASH", "boundary": "begin", "elapsed_seconds": 0.0, "item_count": 1941}
{"event": "COMPACT_RUNTIME_HASH", "boundary": "end", "elapsed_seconds": 0.5026645651087165, "item_count": 1941}
{"event": "COMPACT_TIMING", "stage": "images_outputs", "boundary": "end", "role": "query", "batch_start": 928, "batch_size": 32, "seconds": 257.1498182648793}
{"event": "COMPACT_TIMING", "stage": "images_outputs", "boundary": "begin", "role": "query", "batch_start": 960, "batch_size": 32, "seconds": 257.15105670969933}
{"event": "COMPACT_RUNTIME_HASH", "boundary": "begin", "elapsed_seconds": 0.0, "item_count": 1941}
{"event": "COMPACT_RUNTIME_HASH", "boundary": "end", "elapsed_seconds": 0.31732288282364607, "item_count": 1941}
{"event": "COMPACT_TIMING", "stage": "images_outputs", "boundary": "end", "role": "query", "batch_start": 960, "batch_size": 32, "seconds": 258.2225112160668}
{"event": "COMPACT_TIMING", "stage": "images_outputs", "boundary": "begin", "role": "query", "batch_start": 992, "batch_size": 32, "seconds": 258.22339674970135}
{"event": "COMPACT_RUNTIME_HASH", "boundary": "begin", "elapsed_seconds": 0.0, "item_count": 1941}
{"event": "COMPACT_RUNTIME_HASH", "boundary": "end", "elapsed_seconds": 0.3041531853377819, "item_count": 1941}
{"event": "COMPACT_TIMING", "stage": "images_outputs", "boundary": "end", "role": "query", "batch_start": 992, "batch_size": 32, "seconds": 259.26901771174744}
{"event": "COMPACT_TIMING", "stage": "images_outputs", "boundary": "begin", "role": "query", "batch_start": 1024, "batch_size": 32, "seconds": 259.2721121208742}
{"event": "COMPACT_RUNTIME_HASH", "boundary": "begin", "elapsed_seconds": 0.0, "item_count": 1941}
{"event": "COMPACT_RUNTIME_HASH", "boundary": "end", "elapsed_seconds": 0.33338638534769416, "item_count": 1941}
{"event": "COMPACT_TIMING", "stage": "images_outputs", "boundary": "end", "role": "query", "batch_start": 1024, "batch_size": 32, "seconds": 260.36640769802034}
{"event": "COMPACT_TIMING", "stage": "images_outputs", "boundary": "begin", "role": "query", "batch_start": 1056, "batch_size": 32, "seconds": 260.3678389429115}
{"event": "COMPACT_RUNTIME_HASH", "boundary": "begin", "elapsed_seconds": 0.0, "item_count": 1941}
{"event": "COMPACT_RUNTIME_HASH", "boundary": "end", "elapsed_seconds": 0.31255588587373495, "item_count": 1941}
{"event": "COMPACT_TIMING", "stage": "images_outputs", "boundary": "end", "role": "query", "batch_start": 1056, "batch_size": 32, "seconds": 261.43825575569645}
{"event": "COMPACT_TIMING", "stage": "images_outputs", "boundary": "begin", "role": "query", "batch_start": 1088, "batch_size": 32, "seconds": 261.44009922398254}
{"event": "COMPACT_RUNTIME_HASH", "boundary": "begin", "elapsed_seconds": 0.0, "item_count": 1941}
{"event": "COMPACT_RUNTIME_HASH", "boundary": "end", "elapsed_seconds": 0.2734568021260202, "item_count": 1941}
{"event": "COMPACT_TIMING", "stage": "images_outputs", "boundary": "end", "role": "query", "batch_start": 1088, "batch_size": 32, "seconds": 262.46300796279684}
{"event": "COMPACT_TIMING", "stage": "images_outputs", "boundary": "begin", "role": "query", "batch_start": 1120, "batch_size": 32, "seconds": 262.46430778410286}
{"event": "COMPACT_RUNTIME_HASH", "boundary": "begin", "elapsed_seconds": 0.0, "item_count": 1941}
{"event": "COMPACT_RUNTIME_HASH", "boundary": "end", "elapsed_seconds": 0.3172395722940564, "item_count": 1941}
{"event": "COMPACT_TIMING", "stage": "images_outputs", "boundary": "end", "role": "query", "batch_start": 1120, "batch_size": 32, "seconds": 263.52700706291944}
{"event": "COMPACT_TIMING", "stage": "images_outputs", "boundary": "begin", "role": "query", "batch_start": 1152, "batch_size": 32, "seconds": 263.52876475499943}
{"event": "COMPACT_RUNTIME_HASH", "boundary": "begin", "elapsed_seconds": 0.0, "item_count": 1941}
{"event": "COMPACT_RUNTIME_HASH", "boundary": "end", "elapsed_seconds": 0.3290000590495765, "item_count": 1941}
{"event": "COMPACT_TIMING", "stage": "images_outputs", "boundary": "end", "role": "query", "batch_start": 1152, "batch_size": 32, "seconds": 264.61591238109395}
{"event": "COMPACT_TIMING", "stage": "images_outputs", "boundary": "begin", "role": "query", "batch_start": 1184, "batch_size": 32, "seconds": 264.616869290825}
{"event": "COMPACT_RUNTIME_HASH", "boundary": "begin", "elapsed_seconds": 0.0, "item_count": 1941}
{"event": "COMPACT_RUNTIME_HASH", "boundary": "end", "elapsed_seconds": 0.28643699875101447, "item_count": 1941}
{"event": "COMPACT_TIMING", "stage": "images_outputs", "boundary": "end", "role": "query", "batch_start": 1184, "batch_size": 32, "seconds": 265.66572643909603}
{"event": "COMPACT_TIMING", "stage": "images_outputs", "boundary": "begin", "role": "query", "batch_start": 1216, "batch_size": 32, "seconds": 265.66603747801855}
{"event": "COMPACT_RUNTIME_HASH", "boundary": "begin", "elapsed_seconds": 0.0, "item_count": 1941}
{"event": "COMPACT_RUNTIME_HASH", "boundary": "end", "elapsed_seconds": 0.4756940957158804, "item_count": 1941}
{"event": "COMPACT_TIMING", "stage": "images_outputs", "boundary": "end", "role": "query", "batch_start": 1216, "batch_size": 32, "seconds": 266.90664762211964}
{"event": "COMPACT_TIMING", "stage": "images_outputs", "boundary": "begin", "role": "query", "batch_start": 1248, "batch_size": 32, "seconds": 266.9078137637116}
{"event": "COMPACT_RUNTIME_HASH", "boundary": "begin", "elapsed_seconds": 0.0, "item_count": 1941}
{"event": "COMPACT_RUNTIME_HASH", "boundary": "end", "elapsed_seconds": 0.31867758510634303, "item_count": 1941}
{"event": "COMPACT_TIMING", "stage": "images_outputs", "boundary": "end", "role": "query", "batch_start": 1248, "batch_size": 32, "seconds": 267.99096125504}
{"event": "COMPACT_TIMING", "stage": "images_outputs", "boundary": "begin", "role": "query", "batch_start": 1280, "batch_size": 32, "seconds": 267.9917995100841}
{"event": "COMPACT_RUNTIME_HASH", "boundary": "begin", "elapsed_seconds": 0.0, "item_count": 1941}
{"event": "COMPACT_RUNTIME_HASH", "boundary": "end", "elapsed_seconds": 0.2889147540554404, "item_count": 1941}
{"event": "COMPACT_TIMING", "stage": "images_outputs", "boundary": "end", "role": "query", "batch_start": 1280, "batch_size": 32, "seconds": 269.03680924279615}
{"event": "COMPACT_TIMING", "stage": "images_outputs", "boundary": "begin", "role": "query", "batch_start": 1312, "batch_size": 32, "seconds": 269.03856159187853}
{"event": "COMPACT_RUNTIME_HASH", "boundary": "begin", "elapsed_seconds": 0.0, "item_count": 1941}
{"event": "COMPACT_RUNTIME_HASH", "boundary": "end", "elapsed_seconds": 0.29235119512304664, "item_count": 1941}
{"event": "COMPACT_TIMING", "stage": "images_outputs", "boundary": "end", "role": "query", "batch_start": 1312, "batch_size": 32, "seconds": 270.0977284470573}
{"event": "COMPACT_TIMING", "stage": "images_outputs", "boundary": "begin", "role": "query", "batch_start": 1344, "batch_size": 32, "seconds": 270.0999941378832}
{"event": "COMPACT_RUNTIME_HASH", "boundary": "begin", "elapsed_seconds": 0.0, "item_count": 1941}
{"event": "COMPACT_RUNTIME_HASH", "boundary": "end", "elapsed_seconds": 0.3214575797319412, "item_count": 1941}
{"event": "COMPACT_TIMING", "stage": "images_outputs", "boundary": "end", "role": "query", "batch_start": 1344, "batch_size": 32, "seconds": 271.2052753427997}
{"event": "COMPACT_TIMING", "stage": "images_outputs", "boundary": "begin", "role": "query", "batch_start": 1376, "batch_size": 32, "seconds": 271.2077840580605}
{"event": "COMPACT_RUNTIME_HASH", "boundary": "begin", "elapsed_seconds": 0.0, "item_count": 1941}
{"event": "COMPACT_RUNTIME_HASH", "boundary": "end", "elapsed_seconds": 0.29575613187626004, "item_count": 1941}
{"event": "COMPACT_TIMING", "stage": "images_outputs", "boundary": "end", "role": "query", "batch_start": 1376, "batch_size": 32, "seconds": 272.2803019247949}
{"event": "COMPACT_TIMING", "stage": "images_outputs", "boundary": "begin", "role": "query", "batch_start": 1408, "batch_size": 32, "seconds": 272.28401278099045}
{"event": "COMPACT_RUNTIME_HASH", "boundary": "begin", "elapsed_seconds": 0.0, "item_count": 1941}
{"event": "COMPACT_RUNTIME_HASH", "boundary": "end", "elapsed_seconds": 0.32350589521229267, "item_count": 1941}
{"event": "COMPACT_TIMING", "stage": "images_outputs", "boundary": "end", "role": "query", "batch_start": 1408, "batch_size": 32, "seconds": 273.40121540101245}
{"event": "COMPACT_TIMING", "stage": "images_outputs", "boundary": "begin", "role": "query", "batch_start": 1440, "batch_size": 32, "seconds": 273.403260468971}
{"event": "COMPACT_RUNTIME_HASH", "boundary": "begin", "elapsed_seconds": 0.0, "item_count": 1941}
{"event": "COMPACT_RUNTIME_HASH", "boundary": "end", "elapsed_seconds": 0.3451136569492519, "item_count": 1941}
{"event": "COMPACT_TIMING", "stage": "images_outputs", "boundary": "end", "role": "query", "batch_start": 1440, "batch_size": 32, "seconds": 274.52020910568535}
{"event": "COMPACT_TIMING", "stage": "images_outputs", "boundary": "begin", "role": "query", "batch_start": 1472, "batch_size": 32, "seconds": 274.521297278814}
{"event": "COMPACT_RUNTIME_HASH", "boundary": "begin", "elapsed_seconds": 0.0, "item_count": 1941}
{"event": "COMPACT_RUNTIME_HASH", "boundary": "end", "elapsed_seconds": 0.3205789099447429, "item_count": 1941}
{"event": "COMPACT_TIMING", "stage": "images_outputs", "boundary": "end", "role": "query", "batch_start": 1472, "batch_size": 32, "seconds": 275.62522712768987}
{"event": "COMPACT_TIMING", "stage": "images_outputs", "boundary": "begin", "role": "query", "batch_start": 1504, "batch_size": 32, "seconds": 275.62725411588326}
{"event": "COMPACT_RUNTIME_HASH", "boundary": "begin", "elapsed_seconds": 0.0, "item_count": 1941}
{"event": "COMPACT_RUNTIME_HASH", "boundary": "end", "elapsed_seconds": 0.3300768742337823, "item_count": 1941}
{"event": "COMPACT_TIMING", "stage": "images_outputs", "boundary": "end", "role": "query", "batch_start": 1504, "batch_size": 32, "seconds": 276.7269863099791}
{"event": "COMPACT_TIMING", "stage": "images_outputs", "boundary": "begin", "role": "query", "batch_start": 1536, "batch_size": 32, "seconds": 276.7287927698344}
{"event": "COMPACT_RUNTIME_HASH", "boundary": "begin", "elapsed_seconds": 0.0, "item_count": 1941}
{"event": "COMPACT_RUNTIME_HASH", "boundary": "end", "elapsed_seconds": 0.43884636787697673, "item_count": 1941}
{"event": "COMPACT_TIMING", "stage": "images_outputs", "boundary": "end", "role": "query", "batch_start": 1536, "batch_size": 32, "seconds": 277.939297830686}
{"event": "COMPACT_TIMING", "stage": "images_outputs", "boundary": "begin", "role": "query", "batch_start": 1568, "batch_size": 32, "seconds": 277.9401802448556}
{"event": "COMPACT_RUNTIME_HASH", "boundary": "begin", "elapsed_seconds": 0.0, "item_count": 1941}
{"event": "COMPACT_RUNTIME_HASH", "boundary": "end", "elapsed_seconds": 0.3242740547284484, "item_count": 1941}
{"event": "COMPACT_TIMING", "stage": "images_outputs", "boundary": "end", "role": "query", "batch_start": 1568, "batch_size": 32, "seconds": 279.03347499808297}
{"event": "COMPACT_TIMING", "stage": "images_outputs", "boundary": "begin", "role": "query", "batch_start": 1600, "batch_size": 32, "seconds": 279.0363231198862}
{"event": "COMPACT_RUNTIME_HASH", "boundary": "begin", "elapsed_seconds": 0.0, "item_count": 1941}
{"event": "COMPACT_RUNTIME_HASH", "boundary": "end", "elapsed_seconds": 0.3253962602466345, "item_count": 1941}
{"event": "COMPACT_TIMING", "stage": "images_outputs", "boundary": "end", "role": "query", "batch_start": 1600, "batch_size": 32, "seconds": 280.12762397387996}
{"event": "COMPACT_TIMING", "stage": "images_outputs", "boundary": "begin", "role": "query", "batch_start": 1632, "batch_size": 32, "seconds": 280.1306856307201}
{"event": "COMPACT_RUNTIME_HASH", "boundary": "begin", "elapsed_seconds": 0.0, "item_count": 1941}
{"event": "COMPACT_RUNTIME_HASH", "boundary": "end", "elapsed_seconds": 0.3103390447795391, "item_count": 1941}
{"event": "COMPACT_TIMING", "stage": "images_outputs", "boundary": "end", "role": "query", "batch_start": 1632, "batch_size": 32, "seconds": 281.23655096581206}
{"event": "COMPACT_TIMING", "stage": "images_outputs", "boundary": "begin", "role": "query", "batch_start": 1664, "batch_size": 32, "seconds": 281.2383303861134}
{"event": "COMPACT_RUNTIME_HASH", "boundary": "begin", "elapsed_seconds": 0.0, "item_count": 1941}
{"event": "COMPACT_RUNTIME_HASH", "boundary": "end", "elapsed_seconds": 0.2949317661114037, "item_count": 1941}
{"event": "COMPACT_TIMING", "stage": "images_outputs", "boundary": "end", "role": "query", "batch_start": 1664, "batch_size": 32, "seconds": 282.29041919577867}
{"event": "COMPACT_TIMING", "stage": "images_outputs", "boundary": "begin", "role": "query", "batch_start": 1696, "batch_size": 32, "seconds": 282.29312775004655}
{"event": "COMPACT_RUNTIME_HASH", "boundary": "begin", "elapsed_seconds": 0.0, "item_count": 1941}
{"event": "COMPACT_RUNTIME_HASH", "boundary": "end", "elapsed_seconds": 0.33747970685362816, "item_count": 1941}
{"event": "COMPACT_TIMING", "stage": "images_outputs", "boundary": "end", "role": "query", "batch_start": 1696, "batch_size": 32, "seconds": 283.3994566691108}
{"event": "COMPACT_TIMING", "stage": "images_outputs", "boundary": "begin", "role": "query", "batch_start": 1728, "batch_size": 6, "seconds": 283.40223738271743}
{"event": "COMPACT_RUNTIME_HASH", "boundary": "begin", "elapsed_seconds": 0.0, "item_count": 1941}
{"event": "COMPACT_RUNTIME_HASH", "boundary": "end", "elapsed_seconds": 0.2935829688794911, "item_count": 1941}
{"event": "COMPACT_TIMING", "stage": "images_outputs", "boundary": "end", "role": "query", "batch_start": 1728, "batch_size": 6, "seconds": 284.0907208151184}
{"event": "COMPACT_TIMING", "stage": "images_outputs", "boundary": "begin", "role": "gallery", "batch_start": 0, "batch_size": 32, "seconds": 284.0908045107499}
{"event": "COMPACT_RUNTIME_HASH", "boundary": "begin", "elapsed_seconds": 0.0, "item_count": 1941}
{"event": "COMPACT_RUNTIME_HASH", "boundary": "end", "elapsed_seconds": 0.31461740424856544, "item_count": 1941}
{"event": "COMPACT_TIMING", "stage": "images_outputs", "boundary": "end", "role": "gallery", "batch_start": 0, "batch_size": 32, "seconds": 285.5522850989364}
{"event": "COMPACT_TIMING", "stage": "images_outputs", "boundary": "begin", "role": "gallery", "batch_start": 32, "batch_size": 32, "seconds": 285.55536022782326}
{"event": "COMPACT_RUNTIME_HASH", "boundary": "begin", "elapsed_seconds": 0.0, "item_count": 1941}
{"event": "COMPACT_RUNTIME_HASH", "boundary": "end", "elapsed_seconds": 0.30264816572889686, "item_count": 1941}
{"event": "COMPACT_TIMING", "stage": "images_outputs", "boundary": "end", "role": "gallery", "batch_start": 32, "batch_size": 32, "seconds": 286.630803598091}
{"event": "COMPACT_TIMING", "stage": "images_outputs", "boundary": "begin", "role": "gallery", "batch_start": 64, "batch_size": 32, "seconds": 286.6325786979869}
{"event": "COMPACT_RUNTIME_HASH", "boundary": "begin", "elapsed_seconds": 0.0, "item_count": 1941}
{"event": "COMPACT_RUNTIME_HASH", "boundary": "end", "elapsed_seconds": 0.2737077483907342, "item_count": 1941}
{"event": "COMPACT_TIMING", "stage": "images_outputs", "boundary": "end", "role": "gallery", "batch_start": 64, "batch_size": 32, "seconds": 287.66727741993964}
{"event": "COMPACT_TIMING", "stage": "images_outputs", "boundary": "begin", "role": "gallery", "batch_start": 96, "batch_size": 32, "seconds": 287.66894815210253}
{"event": "COMPACT_RUNTIME_HASH", "boundary": "begin", "elapsed_seconds": 0.0, "item_count": 1941}
{"event": "COMPACT_RUNTIME_HASH", "boundary": "end", "elapsed_seconds": 0.294395768083632, "item_count": 1941}
{"event": "COMPACT_TIMING", "stage": "images_outputs", "boundary": "end", "role": "gallery", "batch_start": 96, "batch_size": 32, "seconds": 288.7274837028235}
{"event": "COMPACT_TIMING", "stage": "images_outputs", "boundary": "begin", "role": "gallery", "batch_start": 128, "batch_size": 32, "seconds": 288.7301691849716}
{"event": "COMPACT_RUNTIME_HASH", "boundary": "begin", "elapsed_seconds": 0.0, "item_count": 1941}
{"event": "COMPACT_RUNTIME_HASH", "boundary": "end", "elapsed_seconds": 0.29968097200617194, "item_count": 1941}
{"event": "COMPACT_TIMING", "stage": "images_outputs", "boundary": "end", "role": "gallery", "batch_start": 128, "batch_size": 32, "seconds": 289.8022259227}
{"event": "COMPACT_TIMING", "stage": "images_outputs", "boundary": "begin", "role": "gallery", "batch_start": 160, "batch_size": 32, "seconds": 289.8046056777239}
{"event": "COMPACT_RUNTIME_HASH", "boundary": "begin", "elapsed_seconds": 0.0, "item_count": 1941}
{"event": "COMPACT_RUNTIME_HASH", "boundary": "end", "elapsed_seconds": 0.26802643202245235, "item_count": 1941}
{"event": "COMPACT_TIMING", "stage": "images_outputs", "boundary": "end", "role": "gallery", "batch_start": 160, "batch_size": 32, "seconds": 291.0053134839982}
{"event": "COMPACT_TIMING", "stage": "images_outputs", "boundary": "begin", "role": "gallery", "batch_start": 192, "batch_size": 32, "seconds": 291.0071505517699}
{"event": "COMPACT_RUNTIME_HASH", "boundary": "begin", "elapsed_seconds": 0.0, "item_count": 1941}
{"event": "COMPACT_RUNTIME_HASH", "boundary": "end", "elapsed_seconds": 0.31174078583717346, "item_count": 1941}
{"event": "COMPACT_TIMING", "stage": "images_outputs", "boundary": "end", "role": "gallery", "batch_start": 192, "batch_size": 32, "seconds": 292.08989888289943}
{"event": "COMPACT_TIMING", "stage": "images_outputs", "boundary": "begin", "role": "gallery", "batch_start": 224, "batch_size": 32, "seconds": 292.0911984327249}
{"event": "COMPACT_RUNTIME_HASH", "boundary": "begin", "elapsed_seconds": 0.0, "item_count": 1941}
{"event": "COMPACT_RUNTIME_HASH", "boundary": "end", "elapsed_seconds": 0.33631796576082706, "item_count": 1941}
{"event": "COMPACT_TIMING", "stage": "images_outputs", "boundary": "end", "role": "gallery", "batch_start": 224, "batch_size": 32, "seconds": 293.18965085875243}
{"event": "COMPACT_TIMING", "stage": "images_outputs", "boundary": "begin", "role": "gallery", "batch_start": 256, "batch_size": 32, "seconds": 293.19101175200194}
{"event": "COMPACT_RUNTIME_HASH", "boundary": "begin", "elapsed_seconds": 0.0, "item_count": 1941}
{"event": "COMPACT_RUNTIME_HASH", "boundary": "end", "elapsed_seconds": 0.32573219714686275, "item_count": 1941}
{"event": "COMPACT_TIMING", "stage": "images_outputs", "boundary": "end", "role": "gallery", "batch_start": 256, "batch_size": 32, "seconds": 294.2697531487793}
{"event": "COMPACT_TIMING", "stage": "images_outputs", "boundary": "begin", "role": "gallery", "batch_start": 288, "batch_size": 32, "seconds": 294.2723902310245}
{"event": "COMPACT_RUNTIME_HASH", "boundary": "begin", "elapsed_seconds": 0.0, "item_count": 1941}
{"event": "COMPACT_RUNTIME_HASH", "boundary": "end", "elapsed_seconds": 0.2904902081936598, "item_count": 1941}
{"event": "COMPACT_TIMING", "stage": "images_outputs", "boundary": "end", "role": "gallery", "batch_start": 288, "batch_size": 32, "seconds": 295.3262951700017}
{"event": "COMPACT_TIMING", "stage": "images_outputs", "boundary": "begin", "role": "gallery", "batch_start": 320, "batch_size": 32, "seconds": 295.3279168619774}
{"event": "COMPACT_RUNTIME_HASH", "boundary": "begin", "elapsed_seconds": 0.0, "item_count": 1941}
{"event": "COMPACT_RUNTIME_HASH", "boundary": "end", "elapsed_seconds": 0.3266582591459155, "item_count": 1941}
{"event": "COMPACT_TIMING", "stage": "images_outputs", "boundary": "end", "role": "gallery", "batch_start": 320, "batch_size": 32, "seconds": 296.4157265117392}
{"event": "COMPACT_TIMING", "stage": "images_outputs", "boundary": "begin", "role": "gallery", "batch_start": 352, "batch_size": 32, "seconds": 296.4171207170002}
{"event": "COMPACT_RUNTIME_HASH", "boundary": "begin", "elapsed_seconds": 0.0, "item_count": 1941}
{"event": "COMPACT_RUNTIME_HASH", "boundary": "end", "elapsed_seconds": 0.31234936183318496, "item_count": 1941}
{"event": "COMPACT_TIMING", "stage": "images_outputs", "boundary": "end", "role": "gallery", "batch_start": 352, "batch_size": 32, "seconds": 297.49858521297574}
{"event": "COMPACT_TIMING", "stage": "images_outputs", "boundary": "begin", "role": "gallery", "batch_start": 384, "batch_size": 32, "seconds": 297.5000717700459}
{"event": "COMPACT_RUNTIME_HASH", "boundary": "begin", "elapsed_seconds": 0.0, "item_count": 1941}
{"event": "COMPACT_RUNTIME_HASH", "boundary": "end", "elapsed_seconds": 0.30743828415870667, "item_count": 1941}
{"event": "COMPACT_TIMING", "stage": "images_outputs", "boundary": "end", "role": "gallery", "batch_start": 384, "batch_size": 32, "seconds": 298.5907062939368}
{"event": "COMPACT_TIMING", "stage": "images_outputs", "boundary": "begin", "role": "gallery", "batch_start": 416, "batch_size": 32, "seconds": 298.59448809409514}
{"event": "COMPACT_RUNTIME_HASH", "boundary": "begin", "elapsed_seconds": 0.0, "item_count": 1941}
{"event": "COMPACT_RUNTIME_HASH", "boundary": "end", "elapsed_seconds": 0.28968142718076706, "item_count": 1941}
{"event": "COMPACT_TIMING", "stage": "images_outputs", "boundary": "end", "role": "gallery", "batch_start": 416, "batch_size": 32, "seconds": 299.6418589036912}
{"event": "COMPACT_TIMING", "stage": "images_outputs", "boundary": "begin", "role": "gallery", "batch_start": 448, "batch_size": 32, "seconds": 299.643914564047}
{"event": "COMPACT_RUNTIME_HASH", "boundary": "begin", "elapsed_seconds": 0.0, "item_count": 1941}
{"event": "COMPACT_RUNTIME_HASH", "boundary": "end", "elapsed_seconds": 0.28416457399725914, "item_count": 1941}
{"event": "COMPACT_TIMING", "stage": "images_outputs", "boundary": "end", "role": "gallery", "batch_start": 448, "batch_size": 32, "seconds": 300.69222116377205}
{"event": "COMPACT_TIMING", "stage": "images_outputs", "boundary": "begin", "role": "gallery", "batch_start": 480, "batch_size": 32, "seconds": 300.6930977059528}
{"event": "COMPACT_RUNTIME_HASH", "boundary": "begin", "elapsed_seconds": 0.0, "item_count": 1941}
{"event": "COMPACT_RUNTIME_HASH", "boundary": "end", "elapsed_seconds": 0.3252032231539488, "item_count": 1941}
{"event": "COMPACT_TIMING", "stage": "images_outputs", "boundary": "end", "role": "gallery", "batch_start": 480, "batch_size": 32, "seconds": 301.7856381149031}
{"event": "COMPACT_TIMING", "stage": "images_outputs", "boundary": "begin", "role": "gallery", "batch_start": 512, "batch_size": 32, "seconds": 301.78705857601017}
{"event": "COMPACT_RUNTIME_HASH", "boundary": "begin", "elapsed_seconds": 0.0, "item_count": 1941}
{"event": "COMPACT_RUNTIME_HASH", "boundary": "end", "elapsed_seconds": 0.3183211418800056, "item_count": 1941}
{"event": "COMPACT_TIMING", "stage": "images_outputs", "boundary": "end", "role": "gallery", "batch_start": 512, "batch_size": 32, "seconds": 302.8682396179065}
{"event": "COMPACT_TIMING", "stage": "images_outputs", "boundary": "begin", "role": "gallery", "batch_start": 544, "batch_size": 32, "seconds": 302.8703165259212}
{"event": "COMPACT_RUNTIME_HASH", "boundary": "begin", "elapsed_seconds": 0.0, "item_count": 1941}
{"event": "COMPACT_RUNTIME_HASH", "boundary": "end", "elapsed_seconds": 0.29525743098929524, "item_count": 1941}
{"event": "COMPACT_TIMING", "stage": "images_outputs", "boundary": "end", "role": "gallery", "batch_start": 544, "batch_size": 32, "seconds": 304.04448380088434}
{"event": "COMPACT_TIMING", "stage": "images_outputs", "boundary": "begin", "role": "gallery", "batch_start": 576, "batch_size": 32, "seconds": 304.04702416295186}
{"event": "COMPACT_RUNTIME_HASH", "boundary": "begin", "elapsed_seconds": 0.0, "item_count": 1941}
{"event": "COMPACT_RUNTIME_HASH", "boundary": "end", "elapsed_seconds": 0.34160171588882804, "item_count": 1941}
{"event": "COMPACT_TIMING", "stage": "images_outputs", "boundary": "end", "role": "gallery", "batch_start": 576, "batch_size": 32, "seconds": 305.13824585685506}
{"event": "COMPACT_TIMING", "stage": "images_outputs", "boundary": "begin", "role": "gallery", "batch_start": 608, "batch_size": 32, "seconds": 305.1395619818941}
{"event": "COMPACT_RUNTIME_HASH", "boundary": "begin", "elapsed_seconds": 0.0, "item_count": 1941}
{"event": "COMPACT_RUNTIME_HASH", "boundary": "end", "elapsed_seconds": 0.2669010120444, "item_count": 1941}
{"event": "COMPACT_TIMING", "stage": "images_outputs", "boundary": "end", "role": "gallery", "batch_start": 608, "batch_size": 32, "seconds": 306.17046202905476}
{"event": "COMPACT_TIMING", "stage": "images_outputs", "boundary": "begin", "role": "gallery", "batch_start": 640, "batch_size": 32, "seconds": 306.17360439011827}
{"event": "COMPACT_RUNTIME_HASH", "boundary": "begin", "elapsed_seconds": 0.0, "item_count": 1941}
{"event": "COMPACT_RUNTIME_HASH", "boundary": "end", "elapsed_seconds": 0.30422465968877077, "item_count": 1941}
{"event": "COMPACT_TIMING", "stage": "images_outputs", "boundary": "end", "role": "gallery", "batch_start": 640, "batch_size": 32, "seconds": 307.2318613217212}
{"event": "COMPACT_TIMING", "stage": "images_outputs", "boundary": "begin", "role": "gallery", "batch_start": 672, "batch_size": 32, "seconds": 307.2339391577989}
{"event": "COMPACT_RUNTIME_HASH", "boundary": "begin", "elapsed_seconds": 0.0, "item_count": 1941}
{"event": "COMPACT_RUNTIME_HASH", "boundary": "end", "elapsed_seconds": 0.30539867375046015, "item_count": 1941}
{"event": "COMPACT_TIMING", "stage": "images_outputs", "boundary": "end", "role": "gallery", "batch_start": 672, "batch_size": 32, "seconds": 308.2878443398513}
{"event": "COMPACT_TIMING", "stage": "images_outputs", "boundary": "begin", "role": "gallery", "batch_start": 704, "batch_size": 32, "seconds": 308.29032479878515}
{"event": "COMPACT_RUNTIME_HASH", "boundary": "begin", "elapsed_seconds": 0.0, "item_count": 1941}
{"event": "COMPACT_RUNTIME_HASH", "boundary": "end", "elapsed_seconds": 0.31602940196171403, "item_count": 1941}
{"event": "COMPACT_TIMING", "stage": "images_outputs", "boundary": "end", "role": "gallery", "batch_start": 704, "batch_size": 32, "seconds": 309.3729664469138}
{"event": "COMPACT_TIMING", "stage": "images_outputs", "boundary": "begin", "role": "gallery", "batch_start": 736, "batch_size": 32, "seconds": 309.37693397467956}
{"event": "COMPACT_RUNTIME_HASH", "boundary": "begin", "elapsed_seconds": 0.0, "item_count": 1941}
{"event": "COMPACT_RUNTIME_HASH", "boundary": "end", "elapsed_seconds": 0.28564241202548146, "item_count": 1941}
{"event": "COMPACT_TIMING", "stage": "images_outputs", "boundary": "end", "role": "gallery", "batch_start": 736, "batch_size": 32, "seconds": 310.4174958099611}
{"event": "COMPACT_TIMING", "stage": "images_outputs", "boundary": "begin", "role": "gallery", "batch_start": 768, "batch_size": 32, "seconds": 310.42000598087907}
{"event": "COMPACT_RUNTIME_HASH", "boundary": "begin", "elapsed_seconds": 0.0, "item_count": 1941}
{"event": "COMPACT_RUNTIME_HASH", "boundary": "end", "elapsed_seconds": 0.3134497436694801, "item_count": 1941}
{"event": "COMPACT_TIMING", "stage": "images_outputs", "boundary": "end", "role": "gallery", "batch_start": 768, "batch_size": 32, "seconds": 311.47389453975484}
{"event": "COMPACT_TIMING", "stage": "images_outputs", "boundary": "begin", "role": "gallery", "batch_start": 800, "batch_size": 32, "seconds": 311.4749422809109}
{"event": "COMPACT_RUNTIME_HASH", "boundary": "begin", "elapsed_seconds": 0.0, "item_count": 1941}
{"event": "COMPACT_RUNTIME_HASH", "boundary": "end", "elapsed_seconds": 0.292302462272346, "item_count": 1941}
{"event": "COMPACT_TIMING", "stage": "images_outputs", "boundary": "end", "role": "gallery", "batch_start": 800, "batch_size": 32, "seconds": 312.50926472293213}
{"event": "COMPACT_TIMING", "stage": "images_outputs", "boundary": "begin", "role": "gallery", "batch_start": 832, "batch_size": 32, "seconds": 312.5121042840183}
{"event": "COMPACT_RUNTIME_HASH", "boundary": "begin", "elapsed_seconds": 0.0, "item_count": 1941}
{"event": "COMPACT_RUNTIME_HASH", "boundary": "end", "elapsed_seconds": 0.32472547981888056, "item_count": 1941}
{"event": "COMPACT_TIMING", "stage": "images_outputs", "boundary": "end", "role": "gallery", "batch_start": 832, "batch_size": 32, "seconds": 313.5892231618054}
{"event": "COMPACT_TIMING", "stage": "images_outputs", "boundary": "begin", "role": "gallery", "batch_start": 864, "batch_size": 32, "seconds": 313.5921359239146}
{"event": "COMPACT_RUNTIME_HASH", "boundary": "begin", "elapsed_seconds": 0.0, "item_count": 1941}
{"event": "COMPACT_RUNTIME_HASH", "boundary": "end", "elapsed_seconds": 0.31827736599370837, "item_count": 1941}
{"event": "COMPACT_TIMING", "stage": "images_outputs", "boundary": "end", "role": "gallery", "batch_start": 864, "batch_size": 32, "seconds": 314.6896032388322}
{"event": "COMPACT_TIMING", "stage": "images_outputs", "boundary": "begin", "role": "gallery", "batch_start": 896, "batch_size": 32, "seconds": 314.69085705978796}
{"event": "COMPACT_RUNTIME_HASH", "boundary": "begin", "elapsed_seconds": 0.0, "item_count": 1941}
{"event": "COMPACT_RUNTIME_HASH", "boundary": "end", "elapsed_seconds": 0.28159470902755857, "item_count": 1941}
{"event": "COMPACT_TIMING", "stage": "images_outputs", "boundary": "end", "role": "gallery", "batch_start": 896, "batch_size": 32, "seconds": 315.73989684693515}
{"event": "COMPACT_TIMING", "stage": "images_outputs", "boundary": "begin", "role": "gallery", "batch_start": 928, "batch_size": 32, "seconds": 315.74362357473}
{"event": "COMPACT_RUNTIME_HASH", "boundary": "begin", "elapsed_seconds": 0.0, "item_count": 1941}
{"event": "COMPACT_RUNTIME_HASH", "boundary": "end", "elapsed_seconds": 0.318747878074646, "item_count": 1941}
{"event": "COMPACT_TIMING", "stage": "images_outputs", "boundary": "end", "role": "gallery", "batch_start": 928, "batch_size": 32, "seconds": 316.9655119199306}
{"event": "COMPACT_TIMING", "stage": "images_outputs", "boundary": "begin", "role": "gallery", "batch_start": 960, "batch_size": 32, "seconds": 316.9673658036627}
{"event": "COMPACT_RUNTIME_HASH", "boundary": "begin", "elapsed_seconds": 0.0, "item_count": 1941}
{"event": "COMPACT_RUNTIME_HASH", "boundary": "end", "elapsed_seconds": 0.3218976790085435, "item_count": 1941}
{"event": "COMPACT_TIMING", "stage": "images_outputs", "boundary": "end", "role": "gallery", "batch_start": 960, "batch_size": 32, "seconds": 318.0444615148008}
{"event": "COMPACT_TIMING", "stage": "images_outputs", "boundary": "begin", "role": "gallery", "batch_start": 992, "batch_size": 32, "seconds": 318.0452266330831}
{"event": "COMPACT_RUNTIME_HASH", "boundary": "begin", "elapsed_seconds": 0.0, "item_count": 1941}
{"event": "COMPACT_RUNTIME_HASH", "boundary": "end", "elapsed_seconds": 0.3065445120446384, "item_count": 1941}
{"event": "COMPACT_TIMING", "stage": "images_outputs", "boundary": "end", "role": "gallery", "batch_start": 992, "batch_size": 32, "seconds": 319.10295136179775}
{"event": "COMPACT_TIMING", "stage": "images_outputs", "boundary": "begin", "role": "gallery", "batch_start": 1024, "batch_size": 32, "seconds": 319.10374512011185}
{"event": "COMPACT_RUNTIME_HASH", "boundary": "begin", "elapsed_seconds": 0.0, "item_count": 1941}
{"event": "COMPACT_RUNTIME_HASH", "boundary": "end", "elapsed_seconds": 0.3152228929102421, "item_count": 1941}
{"event": "COMPACT_TIMING", "stage": "images_outputs", "boundary": "end", "role": "gallery", "batch_start": 1024, "batch_size": 32, "seconds": 320.18566214991733}
{"event": "COMPACT_TIMING", "stage": "images_outputs", "boundary": "begin", "role": "gallery", "batch_start": 1056, "batch_size": 32, "seconds": 320.187881953083}
{"event": "COMPACT_RUNTIME_HASH", "boundary": "begin", "elapsed_seconds": 0.0, "item_count": 1941}
{"event": "COMPACT_RUNTIME_HASH", "boundary": "end", "elapsed_seconds": 0.3134419531561434, "item_count": 1941}
{"event": "COMPACT_TIMING", "stage": "images_outputs", "boundary": "end", "role": "gallery", "batch_start": 1056, "batch_size": 32, "seconds": 321.27071712492034}
{"event": "COMPACT_TIMING", "stage": "images_outputs", "boundary": "begin", "role": "gallery", "batch_start": 1088, "batch_size": 32, "seconds": 321.27344446303323}
{"event": "COMPACT_RUNTIME_HASH", "boundary": "begin", "elapsed_seconds": 0.0, "item_count": 1941}
{"event": "COMPACT_RUNTIME_HASH", "boundary": "end", "elapsed_seconds": 0.3086652923375368, "item_count": 1941}
{"event": "COMPACT_TIMING", "stage": "images_outputs", "boundary": "end", "role": "gallery", "batch_start": 1088, "batch_size": 32, "seconds": 322.3535649050027}
{"event": "COMPACT_TIMING", "stage": "images_outputs", "boundary": "begin", "role": "gallery", "batch_start": 1120, "batch_size": 32, "seconds": 322.355169669725}
{"event": "COMPACT_RUNTIME_HASH", "boundary": "begin", "elapsed_seconds": 0.0, "item_count": 1941}
{"event": "COMPACT_RUNTIME_HASH", "boundary": "end", "elapsed_seconds": 0.2986853448674083, "item_count": 1941}
{"event": "COMPACT_TIMING", "stage": "images_outputs", "boundary": "end", "role": "gallery", "batch_start": 1120, "batch_size": 32, "seconds": 323.40776365902275}
{"event": "COMPACT_TIMING", "stage": "images_outputs", "boundary": "begin", "role": "gallery", "batch_start": 1152, "batch_size": 32, "seconds": 323.4092685827054}
{"event": "COMPACT_RUNTIME_HASH", "boundary": "begin", "elapsed_seconds": 0.0, "item_count": 1941}
{"event": "COMPACT_RUNTIME_HASH", "boundary": "end", "elapsed_seconds": 0.27955449000000954, "item_count": 1941}
{"event": "COMPACT_TIMING", "stage": "images_outputs", "boundary": "end", "role": "gallery", "batch_start": 1152, "batch_size": 32, "seconds": 324.4347396227531}
{"event": "COMPACT_TIMING", "stage": "images_outputs", "boundary": "begin", "role": "gallery", "batch_start": 1184, "batch_size": 32, "seconds": 324.4364484027028}
{"event": "COMPACT_RUNTIME_HASH", "boundary": "begin", "elapsed_seconds": 0.0, "item_count": 1941}
{"event": "COMPACT_RUNTIME_HASH", "boundary": "end", "elapsed_seconds": 0.30969117814674973, "item_count": 1941}
{"event": "COMPACT_TIMING", "stage": "images_outputs", "boundary": "end", "role": "gallery", "batch_start": 1184, "batch_size": 32, "seconds": 325.4941124781035}
{"event": "COMPACT_TIMING", "stage": "images_outputs", "boundary": "begin", "role": "gallery", "batch_start": 1216, "batch_size": 32, "seconds": 325.4961411128752}
{"event": "COMPACT_RUNTIME_HASH", "boundary": "begin", "elapsed_seconds": 0.0, "item_count": 1941}
{"event": "COMPACT_RUNTIME_HASH", "boundary": "end", "elapsed_seconds": 0.319796996191144, "item_count": 1941}
{"event": "COMPACT_TIMING", "stage": "images_outputs", "boundary": "end", "role": "gallery", "batch_start": 1216, "batch_size": 32, "seconds": 326.5694251069799}
{"event": "COMPACT_TIMING", "stage": "images_outputs", "boundary": "begin", "role": "gallery", "batch_start": 1248, "batch_size": 32, "seconds": 326.5713465590961}
{"event": "COMPACT_RUNTIME_HASH", "boundary": "begin", "elapsed_seconds": 0.0, "item_count": 1941}
{"event": "COMPACT_RUNTIME_HASH", "boundary": "end", "elapsed_seconds": 0.30708175990730524, "item_count": 1941}
{"event": "COMPACT_TIMING", "stage": "images_outputs", "boundary": "end", "role": "gallery", "batch_start": 1248, "batch_size": 32, "seconds": 327.64282062090933}
{"event": "COMPACT_TIMING", "stage": "images_outputs", "boundary": "begin", "role": "gallery", "batch_start": 1280, "batch_size": 32, "seconds": 327.64455114491284}
{"event": "COMPACT_RUNTIME_HASH", "boundary": "begin", "elapsed_seconds": 0.0, "item_count": 1941}
{"event": "COMPACT_RUNTIME_HASH", "boundary": "end", "elapsed_seconds": 0.3272222289815545, "item_count": 1941}
{"event": "COMPACT_TIMING", "stage": "images_outputs", "boundary": "end", "role": "gallery", "batch_start": 1280, "batch_size": 32, "seconds": 328.7422848949209}
{"event": "COMPACT_TIMING", "stage": "images_outputs", "boundary": "begin", "role": "gallery", "batch_start": 1312, "batch_size": 32, "seconds": 328.74377786787227}
{"event": "COMPACT_RUNTIME_HASH", "boundary": "begin", "elapsed_seconds": 0.0, "item_count": 1941}
{"event": "COMPACT_RUNTIME_HASH", "boundary": "end", "elapsed_seconds": 0.2847975683398545, "item_count": 1941}
{"event": "COMPACT_TIMING", "stage": "images_outputs", "boundary": "end", "role": "gallery", "batch_start": 1312, "batch_size": 32, "seconds": 329.93748544482514}
{"event": "COMPACT_TIMING", "stage": "images_outputs", "boundary": "begin", "role": "gallery", "batch_start": 1344, "batch_size": 32, "seconds": 329.93877742579207}
{"event": "COMPACT_RUNTIME_HASH", "boundary": "begin", "elapsed_seconds": 0.0, "item_count": 1941}
{"event": "COMPACT_RUNTIME_HASH", "boundary": "end", "elapsed_seconds": 0.3176347129046917, "item_count": 1941}
{"event": "COMPACT_TIMING", "stage": "images_outputs", "boundary": "end", "role": "gallery", "batch_start": 1344, "batch_size": 32, "seconds": 331.02465051505715}
{"event": "COMPACT_TIMING", "stage": "images_outputs", "boundary": "begin", "role": "gallery", "batch_start": 1376, "batch_size": 32, "seconds": 331.02638854272664}
{"event": "COMPACT_RUNTIME_HASH", "boundary": "begin", "elapsed_seconds": 0.0, "item_count": 1941}
{"event": "COMPACT_RUNTIME_HASH", "boundary": "end", "elapsed_seconds": 0.35784046817570925, "item_count": 1941}
{"event": "COMPACT_TIMING", "stage": "images_outputs", "boundary": "end", "role": "gallery", "batch_start": 1376, "batch_size": 32, "seconds": 332.1433830047026}
{"event": "COMPACT_TIMING", "stage": "images_outputs", "boundary": "begin", "role": "gallery", "batch_start": 1408, "batch_size": 32, "seconds": 332.14517330471426}
{"event": "COMPACT_RUNTIME_HASH", "boundary": "begin", "elapsed_seconds": 0.0, "item_count": 1941}
{"event": "COMPACT_RUNTIME_HASH", "boundary": "end", "elapsed_seconds": 0.28671292401850224, "item_count": 1941}
{"event": "COMPACT_TIMING", "stage": "images_outputs", "boundary": "end", "role": "gallery", "batch_start": 1408, "batch_size": 32, "seconds": 333.1972956978716}
{"event": "COMPACT_TIMING", "stage": "images_outputs", "boundary": "begin", "role": "gallery", "batch_start": 1440, "batch_size": 32, "seconds": 333.1991639020853}
{"event": "COMPACT_RUNTIME_HASH", "boundary": "begin", "elapsed_seconds": 0.0, "item_count": 1941}
{"event": "COMPACT_RUNTIME_HASH", "boundary": "end", "elapsed_seconds": 0.2874531620182097, "item_count": 1941}
{"event": "COMPACT_TIMING", "stage": "images_outputs", "boundary": "end", "role": "gallery", "batch_start": 1440, "batch_size": 32, "seconds": 334.2540651210584}
{"event": "COMPACT_TIMING", "stage": "images_outputs", "boundary": "begin", "role": "gallery", "batch_start": 1472, "batch_size": 32, "seconds": 334.25603524409235}
{"event": "COMPACT_RUNTIME_HASH", "boundary": "begin", "elapsed_seconds": 0.0, "item_count": 1941}
{"event": "COMPACT_RUNTIME_HASH", "boundary": "end", "elapsed_seconds": 0.3010341413319111, "item_count": 1941}
{"event": "COMPACT_TIMING", "stage": "images_outputs", "boundary": "end", "role": "gallery", "batch_start": 1472, "batch_size": 32, "seconds": 335.3181061609648}
{"event": "COMPACT_TIMING", "stage": "images_outputs", "boundary": "begin", "role": "gallery", "batch_start": 1504, "batch_size": 32, "seconds": 335.32000825181603}
{"event": "COMPACT_RUNTIME_HASH", "boundary": "begin", "elapsed_seconds": 0.0, "item_count": 1941}
{"event": "COMPACT_RUNTIME_HASH", "boundary": "end", "elapsed_seconds": 0.31775504909455776, "item_count": 1941}
{"event": "COMPACT_TIMING", "stage": "images_outputs", "boundary": "end", "role": "gallery", "batch_start": 1504, "batch_size": 32, "seconds": 336.4012043918483}
{"event": "COMPACT_TIMING", "stage": "images_outputs", "boundary": "begin", "role": "gallery", "batch_start": 1536, "batch_size": 32, "seconds": 336.4027293319814}
{"event": "COMPACT_RUNTIME_HASH", "boundary": "begin", "elapsed_seconds": 0.0, "item_count": 1941}
{"event": "COMPACT_RUNTIME_HASH", "boundary": "end", "elapsed_seconds": 0.27919189957901835, "item_count": 1941}
{"event": "COMPACT_TIMING", "stage": "images_outputs", "boundary": "end", "role": "gallery", "batch_start": 1536, "batch_size": 32, "seconds": 337.46477176900953}
{"event": "COMPACT_TIMING", "stage": "images_outputs", "boundary": "begin", "role": "gallery", "batch_start": 1568, "batch_size": 32, "seconds": 337.46598539780825}
{"event": "COMPACT_RUNTIME_HASH", "boundary": "begin", "elapsed_seconds": 0.0, "item_count": 1941}
{"event": "COMPACT_RUNTIME_HASH", "boundary": "end", "elapsed_seconds": 0.28647303581237793, "item_count": 1941}
{"event": "COMPACT_TIMING", "stage": "images_outputs", "boundary": "end", "role": "gallery", "batch_start": 1568, "batch_size": 32, "seconds": 338.5202528280206}
{"event": "COMPACT_TIMING", "stage": "images_outputs", "boundary": "begin", "role": "gallery", "batch_start": 1600, "batch_size": 32, "seconds": 338.5224939431064}
{"event": "COMPACT_RUNTIME_HASH", "boundary": "begin", "elapsed_seconds": 0.0, "item_count": 1941}
{"event": "COMPACT_RUNTIME_HASH", "boundary": "end", "elapsed_seconds": 0.28949864534661174, "item_count": 1941}
{"event": "COMPACT_TIMING", "stage": "images_outputs", "boundary": "end", "role": "gallery", "batch_start": 1600, "batch_size": 32, "seconds": 339.56392047181726}
{"event": "COMPACT_TIMING", "stage": "images_outputs", "boundary": "begin", "role": "gallery", "batch_start": 1632, "batch_size": 32, "seconds": 339.5653194608167}
{"event": "COMPACT_RUNTIME_HASH", "boundary": "begin", "elapsed_seconds": 0.0, "item_count": 1941}
{"event": "COMPACT_RUNTIME_HASH", "boundary": "end", "elapsed_seconds": 0.29670602222904563, "item_count": 1941}
{"event": "COMPACT_TIMING", "stage": "images_outputs", "boundary": "end", "role": "gallery", "batch_start": 1632, "batch_size": 32, "seconds": 340.6128374808468}
{"event": "COMPACT_TIMING", "stage": "images_outputs", "boundary": "begin", "role": "gallery", "batch_start": 1664, "batch_size": 32, "seconds": 340.6143635259941}
{"event": "COMPACT_RUNTIME_HASH", "boundary": "begin", "elapsed_seconds": 0.0, "item_count": 1941}
{"event": "COMPACT_RUNTIME_HASH", "boundary": "end", "elapsed_seconds": 0.3282444039359689, "item_count": 1941}
{"event": "COMPACT_TIMING", "stage": "images_outputs", "boundary": "end", "role": "gallery", "batch_start": 1664, "batch_size": 32, "seconds": 341.69330463185906}
{"event": "COMPACT_TIMING", "stage": "images_outputs", "boundary": "begin", "role": "gallery", "batch_start": 1696, "batch_size": 19, "seconds": 341.6954507390037}
{"event": "COMPACT_RUNTIME_HASH", "boundary": "begin", "elapsed_seconds": 0.0, "item_count": 1941}
{"event": "COMPACT_RUNTIME_HASH", "boundary": "end", "elapsed_seconds": 0.321872528642416, "item_count": 1941}
{"event": "COMPACT_TIMING", "stage": "images_outputs", "boundary": "end", "role": "gallery", "batch_start": 1696, "batch_size": 19, "seconds": 342.677085892763}
{"event": "COMPACT_TIMING", "stage": "export_pass", "boundary": "end", "pass_index": 0, "seconds": 342.6835236707702}
{"event": "COMPACT_TIMING", "stage": "postpass_endpoint_facts", "boundary": "begin", "pass_index": 0, "seconds": 342.6835706466809}
{"event": "COMPACT_TIMING", "stage": "postpass_endpoint_facts", "boundary": "end", "pass_index": 0, "seconds": 343.5807252447121}
{"event": "COMPACT_TIMING", "stage": "postpass_audit", "boundary": "begin", "pass_index": 0, "seconds": 343.58077399712056}
{"event": "COMPACT_TIMING", "stage": "postpass_audit", "boundary": "end", "pass_index": 0, "seconds": 352.5003313939087}
{"event": "COMPACT_TIMING", "stage": "loader", "boundary": "begin", "pass_index": 1, "seconds": 352.7267777430825}
{"event": "COMPACT_RUNTIME_HASH", "boundary": "begin", "elapsed_seconds": 0.0, "item_count": 1941}
{"event": "COMPACT_RUNTIME_HASH", "boundary": "end", "elapsed_seconds": 0.3043581363745034, "item_count": 1941}
{"event": "COMPACT_TIMING", "stage": "loader", "boundary": "end", "pass_index": 1, "seconds": 364.80533761996776}
{"event": "COMPACT_TIMING", "stage": "endpoint_facts", "boundary": "begin", "pass_index": 1, "seconds": 364.805403763894}
{"event": "COMPACT_TIMING", "stage": "endpoint_facts", "boundary": "end", "pass_index": 1, "seconds": 365.91078669112176}
{"event": "COMPACT_TIMING", "stage": "witness", "boundary": "begin", "pass_index": 1, "seconds": 365.9108398910612}
{"event": "COMPACT_RUNTIME_HASH", "boundary": "begin", "elapsed_seconds": 0.0, "item_count": 1941}
{"event": "COMPACT_RUNTIME_HASH", "boundary": "end", "elapsed_seconds": 0.30423055216670036, "item_count": 1941}
{"event": "COMPACT_TIMING", "stage": "witness", "boundary": "end", "pass_index": 1, "seconds": 366.9616846470162}
{"event": "COMPACT_TIMING", "stage": "diagnostic", "boundary": "begin", "pass_index": 1, "seconds": 366.9617478470318}
{"event": "COMPACT_RUNTIME_HASH", "boundary": "begin", "elapsed_seconds": 0.0, "item_count": 1941}
{"event": "COMPACT_RUNTIME_HASH", "boundary": "end", "elapsed_seconds": 0.29211403522640467, "item_count": 1941}
{"event": "COMPACT_RUNTIME_HASH", "boundary": "begin", "elapsed_seconds": 0.0, "item_count": 1941}
{"event": "COMPACT_RUNTIME_HASH", "boundary": "end", "elapsed_seconds": 0.29619012074545026, "item_count": 1941}
{"event": "COMPACT_RUNTIME_HASH", "boundary": "begin", "elapsed_seconds": 0.0, "item_count": 1941}
{"event": "COMPACT_RUNTIME_HASH", "boundary": "end", "elapsed_seconds": 0.3236806867644191, "item_count": 1941}
{"event": "COMPACT_RUNTIME_HASH", "boundary": "begin", "elapsed_seconds": 0.0, "item_count": 1941}
{"event": "COMPACT_RUNTIME_HASH", "boundary": "end", "elapsed_seconds": 0.3371672979556024, "item_count": 1941}
{"event": "COMPACT_RUNTIME_HASH", "boundary": "begin", "elapsed_seconds": 0.0, "item_count": 1941}
{"event": "COMPACT_RUNTIME_HASH", "boundary": "end", "elapsed_seconds": 0.3281165179796517, "item_count": 1941}
{"event": "COMPACT_RUNTIME_HASH", "boundary": "begin", "elapsed_seconds": 0.0, "item_count": 1941}
{"event": "COMPACT_RUNTIME_HASH", "boundary": "end", "elapsed_seconds": 0.3167197899892926, "item_count": 1941}
{"event": "COMPACT_RUNTIME_HASH", "boundary": "begin", "elapsed_seconds": 0.0, "item_count": 1941}
{"event": "COMPACT_RUNTIME_HASH", "boundary": "end", "elapsed_seconds": 0.32168186036869884, "item_count": 1941}
{"event": "COMPACT_RUNTIME_HASH", "boundary": "begin", "elapsed_seconds": 0.0, "item_count": 1941}
{"event": "COMPACT_RUNTIME_HASH", "boundary": "end", "elapsed_seconds": 0.3427357510663569, "item_count": 1941}
{"event": "COMPACT_RUNTIME_HASH", "boundary": "begin", "elapsed_seconds": 0.0, "item_count": 1941}
{"event": "COMPACT_RUNTIME_HASH", "boundary": "end", "elapsed_seconds": 0.2918878276832402, "item_count": 1941}
{"event": "COMPACT_RUNTIME_HASH", "boundary": "begin", "elapsed_seconds": 0.0, "item_count": 1941}
{"event": "COMPACT_RUNTIME_HASH", "boundary": "end", "elapsed_seconds": 0.47397452872246504, "item_count": 1941}
{"event": "COMPACT_RUNTIME_HASH", "boundary": "begin", "elapsed_seconds": 0.0, "item_count": 1941}
{"event": "COMPACT_RUNTIME_HASH", "boundary": "end", "elapsed_seconds": 0.348222394939512, "item_count": 1941}
{"event": "COMPACT_RUNTIME_HASH", "boundary": "begin", "elapsed_seconds": 0.0, "item_count": 1941}
{"event": "COMPACT_RUNTIME_HASH", "boundary": "end", "elapsed_seconds": 0.28905695397406816, "item_count": 1941}
{"event": "COMPACT_TIMING", "stage": "diagnostic", "boundary": "end", "pass_index": 1, "seconds": 376.53339041909203}
{"event": "COMPACT_TIMING", "stage": "export_pass", "boundary": "begin", "pass_index": 1, "seconds": 376.5334309791215}
{"event": "COMPACT_TIMING", "stage": "images_outputs", "boundary": "begin", "role": "query", "batch_start": 0, "batch_size": 32, "seconds": 376.5334582910873}
{"event": "COMPACT_RUNTIME_HASH", "boundary": "begin", "elapsed_seconds": 0.0, "item_count": 1941}
{"event": "COMPACT_RUNTIME_HASH", "boundary": "end", "elapsed_seconds": 0.28104125894606113, "item_count": 1941}
{"event": "COMPACT_TIMING", "stage": "images_outputs", "boundary": "end", "role": "query", "batch_start": 0, "batch_size": 32, "seconds": 377.9676619307138}
{"event": "COMPACT_TIMING", "stage": "images_outputs", "boundary": "begin", "role": "query", "batch_start": 32, "batch_size": 32, "seconds": 377.9703760687262}
{"event": "COMPACT_RUNTIME_HASH", "boundary": "begin", "elapsed_seconds": 0.0, "item_count": 1941}
{"event": "COMPACT_RUNTIME_HASH", "boundary": "end", "elapsed_seconds": 0.31132401060312986, "item_count": 1941}
{"event": "COMPACT_TIMING", "stage": "images_outputs", "boundary": "end", "role": "query", "batch_start": 32, "batch_size": 32, "seconds": 379.0515111000277}
{"event": "COMPACT_TIMING", "stage": "images_outputs", "boundary": "begin", "role": "query", "batch_start": 64, "batch_size": 32, "seconds": 379.05271076085046}
{"event": "COMPACT_RUNTIME_HASH", "boundary": "begin", "elapsed_seconds": 0.0, "item_count": 1941}
{"event": "COMPACT_RUNTIME_HASH", "boundary": "end", "elapsed_seconds": 0.36129571218043566, "item_count": 1941}
{"event": "COMPACT_TIMING", "stage": "images_outputs", "boundary": "end", "role": "query", "batch_start": 64, "batch_size": 32, "seconds": 380.16407028771937}
{"event": "COMPACT_TIMING", "stage": "images_outputs", "boundary": "begin", "role": "query", "batch_start": 96, "batch_size": 32, "seconds": 380.16597266774625}
{"event": "COMPACT_RUNTIME_HASH", "boundary": "begin", "elapsed_seconds": 0.0, "item_count": 1941}
{"event": "COMPACT_RUNTIME_HASH", "boundary": "end", "elapsed_seconds": 0.33816713700070977, "item_count": 1941}
{"event": "COMPACT_TIMING", "stage": "images_outputs", "boundary": "end", "role": "query", "batch_start": 96, "batch_size": 32, "seconds": 381.27206497406587}
{"event": "COMPACT_TIMING", "stage": "images_outputs", "boundary": "begin", "role": "query", "batch_start": 128, "batch_size": 32, "seconds": 381.27394316205755}
{"event": "COMPACT_RUNTIME_HASH", "boundary": "begin", "elapsed_seconds": 0.0, "item_count": 1941}
{"event": "COMPACT_RUNTIME_HASH", "boundary": "end", "elapsed_seconds": 0.3304156018421054, "item_count": 1941}
{"event": "COMPACT_TIMING", "stage": "images_outputs", "boundary": "end", "role": "query", "batch_start": 128, "batch_size": 32, "seconds": 382.37987644411623}
{"event": "COMPACT_TIMING", "stage": "images_outputs", "boundary": "begin", "role": "query", "batch_start": 160, "batch_size": 32, "seconds": 382.3813102808781}
{"event": "COMPACT_RUNTIME_HASH", "boundary": "begin", "elapsed_seconds": 0.0, "item_count": 1941}
{"event": "COMPACT_RUNTIME_HASH", "boundary": "end", "elapsed_seconds": 0.3060641661286354, "item_count": 1941}
{"event": "COMPACT_TIMING", "stage": "images_outputs", "boundary": "end", "role": "query", "batch_start": 160, "batch_size": 32, "seconds": 383.43709853477776}
{"event": "COMPACT_TIMING", "stage": "images_outputs", "boundary": "begin", "role": "query", "batch_start": 192, "batch_size": 32, "seconds": 383.4384170919657}
{"event": "COMPACT_RUNTIME_HASH", "boundary": "begin", "elapsed_seconds": 0.0, "item_count": 1941}
{"event": "COMPACT_RUNTIME_HASH", "boundary": "end", "elapsed_seconds": 0.45003664400428534, "item_count": 1941}
{"event": "COMPACT_TIMING", "stage": "images_outputs", "boundary": "end", "role": "query", "batch_start": 192, "batch_size": 32, "seconds": 384.6480084108189}
{"event": "COMPACT_TIMING", "stage": "images_outputs", "boundary": "begin", "role": "query", "batch_start": 224, "batch_size": 32, "seconds": 384.6500482149422}
{"event": "COMPACT_RUNTIME_HASH", "boundary": "begin", "elapsed_seconds": 0.0, "item_count": 1941}
{"event": "COMPACT_RUNTIME_HASH", "boundary": "end", "elapsed_seconds": 0.2951162219978869, "item_count": 1941}
{"event": "COMPACT_TIMING", "stage": "images_outputs", "boundary": "end", "role": "query", "batch_start": 224, "batch_size": 32, "seconds": 385.69626469677314}
{"event": "COMPACT_TIMING", "stage": "images_outputs", "boundary": "begin", "role": "query", "batch_start": 256, "batch_size": 32, "seconds": 385.6975498776883}
{"event": "COMPACT_RUNTIME_HASH", "boundary": "begin", "elapsed_seconds": 0.0, "item_count": 1941}
{"event": "COMPACT_RUNTIME_HASH", "boundary": "end", "elapsed_seconds": 0.3311000009998679, "item_count": 1941}
{"event": "COMPACT_TIMING", "stage": "images_outputs", "boundary": "end", "role": "query", "batch_start": 256, "batch_size": 32, "seconds": 386.7715704138391}
{"event": "COMPACT_TIMING", "stage": "images_outputs", "boundary": "begin", "role": "query", "batch_start": 288, "batch_size": 32, "seconds": 386.77380159310997}
{"event": "COMPACT_RUNTIME_HASH", "boundary": "begin", "elapsed_seconds": 0.0, "item_count": 1941}
{"event": "COMPACT_RUNTIME_HASH", "boundary": "end", "elapsed_seconds": 0.30054292967543006, "item_count": 1941}
{"event": "COMPACT_TIMING", "stage": "images_outputs", "boundary": "end", "role": "query", "batch_start": 288, "batch_size": 32, "seconds": 387.83080979669467}
{"event": "COMPACT_TIMING", "stage": "images_outputs", "boundary": "begin", "role": "query", "batch_start": 320, "batch_size": 32, "seconds": 387.8313018437475}
{"event": "COMPACT_RUNTIME_HASH", "boundary": "begin", "elapsed_seconds": 0.0, "item_count": 1941}
{"event": "COMPACT_RUNTIME_HASH", "boundary": "end", "elapsed_seconds": 0.32041772035881877, "item_count": 1941}
{"event": "COMPACT_TIMING", "stage": "images_outputs", "boundary": "end", "role": "query", "batch_start": 320, "batch_size": 32, "seconds": 388.9129746677354}
{"event": "COMPACT_TIMING", "stage": "images_outputs", "boundary": "begin", "role": "query", "batch_start": 352, "batch_size": 32, "seconds": 388.9142674966715}
{"event": "COMPACT_RUNTIME_HASH", "boundary": "begin", "elapsed_seconds": 0.0, "item_count": 1941}
{"event": "COMPACT_RUNTIME_HASH", "boundary": "end", "elapsed_seconds": 0.27562711108475924, "item_count": 1941}
{"event": "COMPACT_TIMING", "stage": "images_outputs", "boundary": "end", "role": "query", "batch_start": 352, "batch_size": 32, "seconds": 389.9506488330662}
{"event": "COMPACT_TIMING", "stage": "images_outputs", "boundary": "begin", "role": "query", "batch_start": 384, "batch_size": 32, "seconds": 389.9518917580135}
{"event": "COMPACT_RUNTIME_HASH", "boundary": "begin", "elapsed_seconds": 0.0, "item_count": 1941}
{"event": "COMPACT_RUNTIME_HASH", "boundary": "end", "elapsed_seconds": 0.3291142927482724, "item_count": 1941}
{"event": "COMPACT_TIMING", "stage": "images_outputs", "boundary": "end", "role": "query", "batch_start": 384, "batch_size": 32, "seconds": 391.04469409491867}
{"event": "COMPACT_TIMING", "stage": "images_outputs", "boundary": "begin", "role": "query", "batch_start": 416, "batch_size": 32, "seconds": 391.0468568899669}
{"event": "COMPACT_RUNTIME_HASH", "boundary": "begin", "elapsed_seconds": 0.0, "item_count": 1941}
{"event": "COMPACT_RUNTIME_HASH", "boundary": "end", "elapsed_seconds": 0.2839395902119577, "item_count": 1941}
{"event": "COMPACT_TIMING", "stage": "images_outputs", "boundary": "end", "role": "query", "batch_start": 416, "batch_size": 32, "seconds": 392.0812231907621}
{"event": "COMPACT_TIMING", "stage": "images_outputs", "boundary": "begin", "role": "query", "batch_start": 448, "batch_size": 32, "seconds": 392.08268248382956}
{"event": "COMPACT_RUNTIME_HASH", "boundary": "begin", "elapsed_seconds": 0.0, "item_count": 1941}
{"event": "COMPACT_RUNTIME_HASH", "boundary": "end", "elapsed_seconds": 0.29094255110248923, "item_count": 1941}
{"event": "COMPACT_TIMING", "stage": "images_outputs", "boundary": "end", "role": "query", "batch_start": 448, "batch_size": 32, "seconds": 393.11745198396966}
{"event": "COMPACT_TIMING", "stage": "images_outputs", "boundary": "begin", "role": "query", "batch_start": 480, "batch_size": 32, "seconds": 393.1208523288369}
{"event": "COMPACT_RUNTIME_HASH", "boundary": "begin", "elapsed_seconds": 0.0, "item_count": 1941}
{"event": "COMPACT_RUNTIME_HASH", "boundary": "end", "elapsed_seconds": 0.2820234182290733, "item_count": 1941}
{"event": "COMPACT_TIMING", "stage": "images_outputs", "boundary": "end", "role": "query", "batch_start": 480, "batch_size": 32, "seconds": 394.1620013038628}
{"event": "COMPACT_TIMING", "stage": "images_outputs", "boundary": "begin", "role": "query", "batch_start": 512, "batch_size": 32, "seconds": 394.16288024606183}
{"event": "COMPACT_RUNTIME_HASH", "boundary": "begin", "elapsed_seconds": 0.0, "item_count": 1941}
{"event": "COMPACT_RUNTIME_HASH", "boundary": "end", "elapsed_seconds": 0.3252390851266682, "item_count": 1941}
{"event": "COMPACT_TIMING", "stage": "images_outputs", "boundary": "end", "role": "query", "batch_start": 512, "batch_size": 32, "seconds": 395.230236957781}
{"event": "COMPACT_TIMING", "stage": "images_outputs", "boundary": "begin", "role": "query", "batch_start": 544, "batch_size": 32, "seconds": 395.2323621381074}
{"event": "COMPACT_RUNTIME_HASH", "boundary": "begin", "elapsed_seconds": 0.0, "item_count": 1941}
{"event": "COMPACT_RUNTIME_HASH", "boundary": "end", "elapsed_seconds": 0.346574688795954, "item_count": 1941}
{"event": "COMPACT_TIMING", "stage": "images_outputs", "boundary": "end", "role": "query", "batch_start": 544, "batch_size": 32, "seconds": 396.34983723890036}
{"event": "COMPACT_TIMING", "stage": "images_outputs", "boundary": "begin", "role": "query", "batch_start": 576, "batch_size": 32, "seconds": 396.3527419208549}
{"event": "COMPACT_RUNTIME_HASH", "boundary": "begin", "elapsed_seconds": 0.0, "item_count": 1941}
{"event": "COMPACT_RUNTIME_HASH", "boundary": "end", "elapsed_seconds": 0.4297193931415677, "item_count": 1941}
{"event": "COMPACT_TIMING", "stage": "images_outputs", "boundary": "end", "role": "query", "batch_start": 576, "batch_size": 32, "seconds": 397.5310282697901}
{"event": "COMPACT_TIMING", "stage": "images_outputs", "boundary": "begin", "role": "query", "batch_start": 608, "batch_size": 32, "seconds": 397.53221321105957}
{"event": "COMPACT_RUNTIME_HASH", "boundary": "begin", "elapsed_seconds": 0.0, "item_count": 1941}
{"event": "COMPACT_RUNTIME_HASH", "boundary": "end", "elapsed_seconds": 0.33520781714469194, "item_count": 1941}
{"event": "COMPACT_TIMING", "stage": "images_outputs", "boundary": "end", "role": "query", "batch_start": 608, "batch_size": 32, "seconds": 398.6174588459544}
{"event": "COMPACT_TIMING", "stage": "images_outputs", "boundary": "begin", "role": "query", "batch_start": 640, "batch_size": 32, "seconds": 398.6188960908912}
{"event": "COMPACT_RUNTIME_HASH", "boundary": "begin", "elapsed_seconds": 0.0, "item_count": 1941}
{"event": "COMPACT_RUNTIME_HASH", "boundary": "end", "elapsed_seconds": 0.33212321577593684, "item_count": 1941}
{"event": "COMPACT_TIMING", "stage": "images_outputs", "boundary": "end", "role": "query", "batch_start": 640, "batch_size": 32, "seconds": 399.7252367050387}
{"event": "COMPACT_TIMING", "stage": "images_outputs", "boundary": "begin", "role": "query", "batch_start": 672, "batch_size": 32, "seconds": 399.72675298992544}
{"event": "COMPACT_RUNTIME_HASH", "boundary": "begin", "elapsed_seconds": 0.0, "item_count": 1941}
{"event": "COMPACT_RUNTIME_HASH", "boundary": "end", "elapsed_seconds": 0.2858633459545672, "item_count": 1941}
{"event": "COMPACT_TIMING", "stage": "images_outputs", "boundary": "end", "role": "query", "batch_start": 672, "batch_size": 32, "seconds": 400.77025719266385}
{"event": "COMPACT_TIMING", "stage": "images_outputs", "boundary": "begin", "role": "query", "batch_start": 704, "batch_size": 32, "seconds": 400.7711321027018}
{"event": "COMPACT_RUNTIME_HASH", "boundary": "begin", "elapsed_seconds": 0.0, "item_count": 1941}
{"event": "COMPACT_RUNTIME_HASH", "boundary": "end", "elapsed_seconds": 0.3237348021939397, "item_count": 1941}
{"event": "COMPACT_TIMING", "stage": "images_outputs", "boundary": "end", "role": "query", "batch_start": 704, "batch_size": 32, "seconds": 401.8581659588963}
{"event": "COMPACT_TIMING", "stage": "images_outputs", "boundary": "begin", "role": "query", "batch_start": 736, "batch_size": 32, "seconds": 401.85897190868855}
{"event": "COMPACT_RUNTIME_HASH", "boundary": "begin", "elapsed_seconds": 0.0, "item_count": 1941}
{"event": "COMPACT_RUNTIME_HASH", "boundary": "end", "elapsed_seconds": 0.27248510299250484, "item_count": 1941}
{"event": "COMPACT_TIMING", "stage": "images_outputs", "boundary": "end", "role": "query", "batch_start": 736, "batch_size": 32, "seconds": 402.8792916019447}
{"event": "COMPACT_TIMING", "stage": "images_outputs", "boundary": "begin", "role": "query", "batch_start": 768, "batch_size": 32, "seconds": 402.8799256007187}
{"event": "COMPACT_RUNTIME_HASH", "boundary": "begin", "elapsed_seconds": 0.0, "item_count": 1941}
{"event": "COMPACT_RUNTIME_HASH", "boundary": "end", "elapsed_seconds": 0.3375430288724601, "item_count": 1941}
{"event": "COMPACT_TIMING", "stage": "images_outputs", "boundary": "end", "role": "query", "batch_start": 768, "batch_size": 32, "seconds": 403.9767252439633}
{"event": "COMPACT_TIMING", "stage": "images_outputs", "boundary": "begin", "role": "query", "batch_start": 800, "batch_size": 32, "seconds": 403.978637335822}
{"event": "COMPACT_RUNTIME_HASH", "boundary": "begin", "elapsed_seconds": 0.0, "item_count": 1941}
{"event": "COMPACT_RUNTIME_HASH", "boundary": "end", "elapsed_seconds": 0.3137804069556296, "item_count": 1941}
{"event": "COMPACT_TIMING", "stage": "images_outputs", "boundary": "end", "role": "query", "batch_start": 800, "batch_size": 32, "seconds": 405.0648982496932}
{"event": "COMPACT_TIMING", "stage": "images_outputs", "boundary": "begin", "role": "query", "batch_start": 832, "batch_size": 32, "seconds": 405.0682926750742}
{"event": "COMPACT_RUNTIME_HASH", "boundary": "begin", "elapsed_seconds": 0.0, "item_count": 1941}
{"event": "COMPACT_RUNTIME_HASH", "boundary": "end", "elapsed_seconds": 0.2901429058983922, "item_count": 1941}
{"event": "COMPACT_TIMING", "stage": "images_outputs", "boundary": "end", "role": "query", "batch_start": 832, "batch_size": 32, "seconds": 406.1357933888212}
{"event": "COMPACT_TIMING", "stage": "images_outputs", "boundary": "begin", "role": "query", "batch_start": 864, "batch_size": 32, "seconds": 406.1361836120486}
{"event": "COMPACT_RUNTIME_HASH", "boundary": "begin", "elapsed_seconds": 0.0, "item_count": 1941}
{"event": "COMPACT_RUNTIME_HASH", "boundary": "end", "elapsed_seconds": 0.31952137127518654, "item_count": 1941}
{"event": "COMPACT_TIMING", "stage": "images_outputs", "boundary": "end", "role": "query", "batch_start": 864, "batch_size": 32, "seconds": 407.2185448068194}
{"event": "COMPACT_TIMING", "stage": "images_outputs", "boundary": "begin", "role": "query", "batch_start": 896, "batch_size": 32, "seconds": 407.2192620690912}
{"event": "COMPACT_RUNTIME_HASH", "boundary": "begin", "elapsed_seconds": 0.0, "item_count": 1941}
{"event": "COMPACT_RUNTIME_HASH", "boundary": "end", "elapsed_seconds": 0.33064249996095896, "item_count": 1941}
{"event": "COMPACT_TIMING", "stage": "images_outputs", "boundary": "end", "role": "query", "batch_start": 896, "batch_size": 32, "seconds": 408.30379849206656}
{"event": "COMPACT_TIMING", "stage": "images_outputs", "boundary": "begin", "role": "query", "batch_start": 928, "batch_size": 32, "seconds": 408.3049282650463}
{"event": "COMPACT_RUNTIME_HASH", "boundary": "begin", "elapsed_seconds": 0.0, "item_count": 1941}
{"event": "COMPACT_RUNTIME_HASH", "boundary": "end", "elapsed_seconds": 0.5057150879874825, "item_count": 1941}
{"event": "COMPACT_TIMING", "stage": "images_outputs", "boundary": "end", "role": "query", "batch_start": 928, "batch_size": 32, "seconds": 409.56169718690217}
{"event": "COMPACT_TIMING", "stage": "images_outputs", "boundary": "begin", "role": "query", "batch_start": 960, "batch_size": 32, "seconds": 409.5630034240894}
{"event": "COMPACT_RUNTIME_HASH", "boundary": "begin", "elapsed_seconds": 0.0, "item_count": 1941}
{"event": "COMPACT_RUNTIME_HASH", "boundary": "end", "elapsed_seconds": 0.29740548226982355, "item_count": 1941}
{"event": "COMPACT_TIMING", "stage": "images_outputs", "boundary": "end", "role": "query", "batch_start": 960, "batch_size": 32, "seconds": 410.6268784510903}
{"event": "COMPACT_TIMING", "stage": "images_outputs", "boundary": "begin", "role": "query", "batch_start": 992, "batch_size": 32, "seconds": 410.6277942247689}
{"event": "COMPACT_RUNTIME_HASH", "boundary": "begin", "elapsed_seconds": 0.0, "item_count": 1941}
{"event": "COMPACT_RUNTIME_HASH", "boundary": "end", "elapsed_seconds": 0.3077469477429986, "item_count": 1941}
{"event": "COMPACT_TIMING", "stage": "images_outputs", "boundary": "end", "role": "query", "batch_start": 992, "batch_size": 32, "seconds": 411.68915263284}
{"event": "COMPACT_TIMING", "stage": "images_outputs", "boundary": "begin", "role": "query", "batch_start": 1024, "batch_size": 32, "seconds": 411.69157493207604}
{"event": "COMPACT_RUNTIME_HASH", "boundary": "begin", "elapsed_seconds": 0.0, "item_count": 1941}
{"event": "COMPACT_RUNTIME_HASH", "boundary": "end", "elapsed_seconds": 0.3335475968196988, "item_count": 1941}
{"event": "COMPACT_TIMING", "stage": "images_outputs", "boundary": "end", "role": "query", "batch_start": 1024, "batch_size": 32, "seconds": 412.80352638475597}
{"event": "COMPACT_TIMING", "stage": "images_outputs", "boundary": "begin", "role": "query", "batch_start": 1056, "batch_size": 32, "seconds": 412.80533262109384}
{"event": "COMPACT_RUNTIME_HASH", "boundary": "begin", "elapsed_seconds": 0.0, "item_count": 1941}
{"event": "COMPACT_RUNTIME_HASH", "boundary": "end", "elapsed_seconds": 0.29269992373883724, "item_count": 1941}
{"event": "COMPACT_TIMING", "stage": "images_outputs", "boundary": "end", "role": "query", "batch_start": 1056, "batch_size": 32, "seconds": 413.86510085780174}
{"event": "COMPACT_TIMING", "stage": "images_outputs", "boundary": "begin", "role": "query", "batch_start": 1088, "batch_size": 32, "seconds": 413.86679586209357}
{"event": "COMPACT_RUNTIME_HASH", "boundary": "begin", "elapsed_seconds": 0.0, "item_count": 1941}
{"event": "COMPACT_RUNTIME_HASH", "boundary": "end", "elapsed_seconds": 0.31516609992831945, "item_count": 1941}
{"event": "COMPACT_TIMING", "stage": "images_outputs", "boundary": "end", "role": "query", "batch_start": 1088, "batch_size": 32, "seconds": 414.9364508287981}
{"event": "COMPACT_TIMING", "stage": "images_outputs", "boundary": "begin", "role": "query", "batch_start": 1120, "batch_size": 32, "seconds": 414.9386360887438}
{"event": "COMPACT_RUNTIME_HASH", "boundary": "begin", "elapsed_seconds": 0.0, "item_count": 1941}
{"event": "COMPACT_RUNTIME_HASH", "boundary": "end", "elapsed_seconds": 0.32821941701695323, "item_count": 1941}
{"event": "COMPACT_TIMING", "stage": "images_outputs", "boundary": "end", "role": "query", "batch_start": 1120, "batch_size": 32, "seconds": 416.00100927986205}
{"event": "COMPACT_TIMING", "stage": "images_outputs", "boundary": "begin", "role": "query", "batch_start": 1152, "batch_size": 32, "seconds": 416.00201271800324}
{"event": "COMPACT_RUNTIME_HASH", "boundary": "begin", "elapsed_seconds": 0.0, "item_count": 1941}
{"event": "COMPACT_RUNTIME_HASH", "boundary": "end", "elapsed_seconds": 0.32303808396682143, "item_count": 1941}
{"event": "COMPACT_TIMING", "stage": "images_outputs", "boundary": "end", "role": "query", "batch_start": 1152, "batch_size": 32, "seconds": 417.0735720656812}
{"event": "COMPACT_TIMING", "stage": "images_outputs", "boundary": "begin", "role": "query", "batch_start": 1184, "batch_size": 32, "seconds": 417.0750736617483}
{"event": "COMPACT_RUNTIME_HASH", "boundary": "begin", "elapsed_seconds": 0.0, "item_count": 1941}
{"event": "COMPACT_RUNTIME_HASH", "boundary": "end", "elapsed_seconds": 0.3117623319849372, "item_count": 1941}
{"event": "COMPACT_TIMING", "stage": "images_outputs", "boundary": "end", "role": "query", "batch_start": 1184, "batch_size": 32, "seconds": 418.1323740966618}
{"event": "COMPACT_TIMING", "stage": "images_outputs", "boundary": "begin", "role": "query", "batch_start": 1216, "batch_size": 32, "seconds": 418.1332225110382}
{"event": "COMPACT_RUNTIME_HASH", "boundary": "begin", "elapsed_seconds": 0.0, "item_count": 1941}
{"event": "COMPACT_RUNTIME_HASH", "boundary": "end", "elapsed_seconds": 0.48586345091462135, "item_count": 1941}
{"event": "COMPACT_TIMING", "stage": "images_outputs", "boundary": "end", "role": "query", "batch_start": 1216, "batch_size": 32, "seconds": 419.385173141025}
{"event": "COMPACT_TIMING", "stage": "images_outputs", "boundary": "begin", "role": "query", "batch_start": 1248, "batch_size": 32, "seconds": 419.3879660628736}
{"event": "COMPACT_RUNTIME_HASH", "boundary": "begin", "elapsed_seconds": 0.0, "item_count": 1941}
{"event": "COMPACT_RUNTIME_HASH", "boundary": "end", "elapsed_seconds": 0.3025964479893446, "item_count": 1941}
{"event": "COMPACT_TIMING", "stage": "images_outputs", "boundary": "end", "role": "query", "batch_start": 1248, "batch_size": 32, "seconds": 420.4659159737639}
{"event": "COMPACT_TIMING", "stage": "images_outputs", "boundary": "begin", "role": "query", "batch_start": 1280, "batch_size": 32, "seconds": 420.4673001947813}
{"event": "COMPACT_RUNTIME_HASH", "boundary": "begin", "elapsed_seconds": 0.0, "item_count": 1941}
{"event": "COMPACT_RUNTIME_HASH", "boundary": "end", "elapsed_seconds": 0.3243120023980737, "item_count": 1941}
{"event": "COMPACT_TIMING", "stage": "images_outputs", "boundary": "end", "role": "query", "batch_start": 1280, "batch_size": 32, "seconds": 421.5347614088096}
{"event": "COMPACT_TIMING", "stage": "images_outputs", "boundary": "begin", "role": "query", "batch_start": 1312, "batch_size": 32, "seconds": 421.53669121302664}
{"event": "COMPACT_RUNTIME_HASH", "boundary": "begin", "elapsed_seconds": 0.0, "item_count": 1941}
{"event": "COMPACT_RUNTIME_HASH", "boundary": "end", "elapsed_seconds": 0.32457337668165565, "item_count": 1941}
{"event": "COMPACT_TIMING", "stage": "images_outputs", "boundary": "end", "role": "query", "batch_start": 1312, "batch_size": 32, "seconds": 422.6104624448344}
{"event": "COMPACT_TIMING", "stage": "images_outputs", "boundary": "begin", "role": "query", "batch_start": 1344, "batch_size": 32, "seconds": 422.6134067270905}
{"event": "COMPACT_RUNTIME_HASH", "boundary": "begin", "elapsed_seconds": 0.0, "item_count": 1941}
{"event": "COMPACT_RUNTIME_HASH", "boundary": "end", "elapsed_seconds": 0.3003992852754891, "item_count": 1941}
{"event": "COMPACT_TIMING", "stage": "images_outputs", "boundary": "end", "role": "query", "batch_start": 1344, "batch_size": 32, "seconds": 423.6559058977291}
{"event": "COMPACT_TIMING", "stage": "images_outputs", "boundary": "begin", "role": "query", "batch_start": 1376, "batch_size": 32, "seconds": 423.65721112675965}
{"event": "COMPACT_RUNTIME_HASH", "boundary": "begin", "elapsed_seconds": 0.0, "item_count": 1941}
{"event": "COMPACT_RUNTIME_HASH", "boundary": "end", "elapsed_seconds": 0.3415436767973006, "item_count": 1941}
{"event": "COMPACT_TIMING", "stage": "images_outputs", "boundary": "end", "role": "query", "batch_start": 1376, "batch_size": 32, "seconds": 424.77498797886074}
{"event": "COMPACT_TIMING", "stage": "images_outputs", "boundary": "begin", "role": "query", "batch_start": 1408, "batch_size": 32, "seconds": 424.7768567907624}
{"event": "COMPACT_RUNTIME_HASH", "boundary": "begin", "elapsed_seconds": 0.0, "item_count": 1941}
{"event": "COMPACT_RUNTIME_HASH", "boundary": "end", "elapsed_seconds": 0.2688046949915588, "item_count": 1941}
{"event": "COMPACT_TIMING", "stage": "images_outputs", "boundary": "end", "role": "query", "batch_start": 1408, "batch_size": 32, "seconds": 425.8215388697572}
{"event": "COMPACT_TIMING", "stage": "images_outputs", "boundary": "begin", "role": "query", "batch_start": 1440, "batch_size": 32, "seconds": 425.8237796491012}
{"event": "COMPACT_RUNTIME_HASH", "boundary": "begin", "elapsed_seconds": 0.0, "item_count": 1941}
{"event": "COMPACT_RUNTIME_HASH", "boundary": "end", "elapsed_seconds": 0.34733617678284645, "item_count": 1941}
{"event": "COMPACT_TIMING", "stage": "images_outputs", "boundary": "end", "role": "query", "batch_start": 1440, "batch_size": 32, "seconds": 426.9317948897369}
{"event": "COMPACT_TIMING", "stage": "images_outputs", "boundary": "begin", "role": "query", "batch_start": 1472, "batch_size": 32, "seconds": 426.93348002200946}
{"event": "COMPACT_RUNTIME_HASH", "boundary": "begin", "elapsed_seconds": 0.0, "item_count": 1941}
{"event": "COMPACT_RUNTIME_HASH", "boundary": "end", "elapsed_seconds": 0.3219005190767348, "item_count": 1941}
{"event": "COMPACT_TIMING", "stage": "images_outputs", "boundary": "end", "role": "query", "batch_start": 1472, "batch_size": 32, "seconds": 428.02372570103034}
{"event": "COMPACT_TIMING", "stage": "images_outputs", "boundary": "begin", "role": "query", "batch_start": 1504, "batch_size": 32, "seconds": 428.02530232211575}
{"event": "COMPACT_RUNTIME_HASH", "boundary": "begin", "elapsed_seconds": 0.0, "item_count": 1941}
{"event": "COMPACT_RUNTIME_HASH", "boundary": "end", "elapsed_seconds": 0.3409424312412739, "item_count": 1941}
{"event": "COMPACT_TIMING", "stage": "images_outputs", "boundary": "end", "role": "query", "batch_start": 1504, "batch_size": 32, "seconds": 429.1090005747974}
{"event": "COMPACT_TIMING", "stage": "images_outputs", "boundary": "begin", "role": "query", "batch_start": 1536, "batch_size": 32, "seconds": 429.11123591382056}
{"event": "COMPACT_RUNTIME_HASH", "boundary": "begin", "elapsed_seconds": 0.0, "item_count": 1941}
{"event": "COMPACT_RUNTIME_HASH", "boundary": "end", "elapsed_seconds": 0.4749328359030187, "item_count": 1941}
{"event": "COMPACT_TIMING", "stage": "images_outputs", "boundary": "end", "role": "query", "batch_start": 1536, "batch_size": 32, "seconds": 430.3352644140832}
{"event": "COMPACT_TIMING", "stage": "images_outputs", "boundary": "begin", "role": "query", "batch_start": 1568, "batch_size": 32, "seconds": 430.3383545037359}
{"event": "COMPACT_RUNTIME_HASH", "boundary": "begin", "elapsed_seconds": 0.0, "item_count": 1941}
{"event": "COMPACT_RUNTIME_HASH", "boundary": "end", "elapsed_seconds": 0.3326456327922642, "item_count": 1941}
{"event": "COMPACT_TIMING", "stage": "images_outputs", "boundary": "end", "role": "query", "batch_start": 1568, "batch_size": 32, "seconds": 431.42244792403653}
{"event": "COMPACT_TIMING", "stage": "images_outputs", "boundary": "begin", "role": "query", "batch_start": 1600, "batch_size": 32, "seconds": 431.42385796876624}
{"event": "COMPACT_RUNTIME_HASH", "boundary": "begin", "elapsed_seconds": 0.0, "item_count": 1941}
{"event": "COMPACT_RUNTIME_HASH", "boundary": "end", "elapsed_seconds": 0.2887103008106351, "item_count": 1941}
{"event": "COMPACT_TIMING", "stage": "images_outputs", "boundary": "end", "role": "query", "batch_start": 1600, "batch_size": 32, "seconds": 432.45309091405943}
{"event": "COMPACT_TIMING", "stage": "images_outputs", "boundary": "begin", "role": "query", "batch_start": 1632, "batch_size": 32, "seconds": 432.45513041410595}
{"event": "COMPACT_RUNTIME_HASH", "boundary": "begin", "elapsed_seconds": 0.0, "item_count": 1941}
{"event": "COMPACT_RUNTIME_HASH", "boundary": "end", "elapsed_seconds": 0.34121780609712005, "item_count": 1941}
{"event": "COMPACT_TIMING", "stage": "images_outputs", "boundary": "end", "role": "query", "batch_start": 1632, "batch_size": 32, "seconds": 433.5454838857986}
{"event": "COMPACT_TIMING", "stage": "images_outputs", "boundary": "begin", "role": "query", "batch_start": 1664, "batch_size": 32, "seconds": 433.5486711268313}
{"event": "COMPACT_RUNTIME_HASH", "boundary": "begin", "elapsed_seconds": 0.0, "item_count": 1941}
{"event": "COMPACT_RUNTIME_HASH", "boundary": "end", "elapsed_seconds": 0.2703707399778068, "item_count": 1941}
{"event": "COMPACT_TIMING", "stage": "images_outputs", "boundary": "end", "role": "query", "batch_start": 1664, "batch_size": 32, "seconds": 434.5801783706993}
{"event": "COMPACT_TIMING", "stage": "images_outputs", "boundary": "begin", "role": "query", "batch_start": 1696, "batch_size": 32, "seconds": 434.5814178730361}
{"event": "COMPACT_RUNTIME_HASH", "boundary": "begin", "elapsed_seconds": 0.0, "item_count": 1941}
{"event": "COMPACT_RUNTIME_HASH", "boundary": "end", "elapsed_seconds": 0.3287758491933346, "item_count": 1941}
{"event": "COMPACT_TIMING", "stage": "images_outputs", "boundary": "end", "role": "query", "batch_start": 1696, "batch_size": 32, "seconds": 435.67065113876015}
{"event": "COMPACT_TIMING", "stage": "images_outputs", "boundary": "begin", "role": "query", "batch_start": 1728, "batch_size": 6, "seconds": 435.6723864157684}
{"event": "COMPACT_RUNTIME_HASH", "boundary": "begin", "elapsed_seconds": 0.0, "item_count": 1941}
{"event": "COMPACT_RUNTIME_HASH", "boundary": "end", "elapsed_seconds": 0.3358054030686617, "item_count": 1941}
{"event": "COMPACT_TIMING", "stage": "images_outputs", "boundary": "end", "role": "query", "batch_start": 1728, "batch_size": 6, "seconds": 436.41785530466586}
{"event": "COMPACT_TIMING", "stage": "images_outputs", "boundary": "begin", "role": "gallery", "batch_start": 0, "batch_size": 32, "seconds": 436.4179560719058}
{"event": "COMPACT_RUNTIME_HASH", "boundary": "begin", "elapsed_seconds": 0.0, "item_count": 1941}
{"event": "COMPACT_RUNTIME_HASH", "boundary": "end", "elapsed_seconds": 0.3096928019076586, "item_count": 1941}
{"event": "COMPACT_TIMING", "stage": "images_outputs", "boundary": "end", "role": "gallery", "batch_start": 0, "batch_size": 32, "seconds": 437.8685167999938}
{"event": "COMPACT_TIMING", "stage": "images_outputs", "boundary": "begin", "role": "gallery", "batch_start": 32, "batch_size": 32, "seconds": 437.87011166103184}
{"event": "COMPACT_RUNTIME_HASH", "boundary": "begin", "elapsed_seconds": 0.0, "item_count": 1941}
{"event": "COMPACT_RUNTIME_HASH", "boundary": "end", "elapsed_seconds": 0.3230497008189559, "item_count": 1941}
{"event": "COMPACT_TIMING", "stage": "images_outputs", "boundary": "end", "role": "gallery", "batch_start": 32, "batch_size": 32, "seconds": 438.94856448704377}
{"event": "COMPACT_TIMING", "stage": "images_outputs", "boundary": "begin", "role": "gallery", "batch_start": 64, "batch_size": 32, "seconds": 438.95143656106666}
{"event": "COMPACT_RUNTIME_HASH", "boundary": "begin", "elapsed_seconds": 0.0, "item_count": 1941}
{"event": "COMPACT_RUNTIME_HASH", "boundary": "end", "elapsed_seconds": 0.31116793490946293, "item_count": 1941}
{"event": "COMPACT_TIMING", "stage": "images_outputs", "boundary": "end", "role": "gallery", "batch_start": 64, "batch_size": 32, "seconds": 440.02421779884025}
{"event": "COMPACT_TIMING", "stage": "images_outputs", "boundary": "begin", "role": "gallery", "batch_start": 96, "batch_size": 32, "seconds": 440.02520666085184}
{"event": "COMPACT_RUNTIME_HASH", "boundary": "begin", "elapsed_seconds": 0.0, "item_count": 1941}
{"event": "COMPACT_RUNTIME_HASH", "boundary": "end", "elapsed_seconds": 0.3025239850394428, "item_count": 1941}
{"event": "COMPACT_TIMING", "stage": "images_outputs", "boundary": "end", "role": "gallery", "batch_start": 96, "batch_size": 32, "seconds": 441.0834154030308}
{"event": "COMPACT_TIMING", "stage": "images_outputs", "boundary": "begin", "role": "gallery", "batch_start": 128, "batch_size": 32, "seconds": 441.0857128216885}
{"event": "COMPACT_RUNTIME_HASH", "boundary": "begin", "elapsed_seconds": 0.0, "item_count": 1941}
{"event": "COMPACT_RUNTIME_HASH", "boundary": "end", "elapsed_seconds": 0.3365980093367398, "item_count": 1941}
{"event": "COMPACT_TIMING", "stage": "images_outputs", "boundary": "end", "role": "gallery", "batch_start": 128, "batch_size": 32, "seconds": 442.20101302675903}
{"event": "COMPACT_TIMING", "stage": "images_outputs", "boundary": "begin", "role": "gallery", "batch_start": 160, "batch_size": 32, "seconds": 442.2027131509967}
{"event": "COMPACT_RUNTIME_HASH", "boundary": "begin", "elapsed_seconds": 0.0, "item_count": 1941}
{"event": "COMPACT_RUNTIME_HASH", "boundary": "end", "elapsed_seconds": 0.2997751422226429, "item_count": 1941}
{"event": "COMPACT_TIMING", "stage": "images_outputs", "boundary": "end", "role": "gallery", "batch_start": 160, "batch_size": 32, "seconds": 443.4386513098143}
{"event": "COMPACT_TIMING", "stage": "images_outputs", "boundary": "begin", "role": "gallery", "batch_start": 192, "batch_size": 32, "seconds": 443.44045932171866}
{"event": "COMPACT_RUNTIME_HASH", "boundary": "begin", "elapsed_seconds": 0.0, "item_count": 1941}
{"event": "COMPACT_RUNTIME_HASH", "boundary": "end", "elapsed_seconds": 0.25273808976635337, "item_count": 1941}
{"event": "COMPACT_TIMING", "stage": "images_outputs", "boundary": "end", "role": "gallery", "batch_start": 192, "batch_size": 32, "seconds": 444.46237508486956}
{"event": "COMPACT_TIMING", "stage": "images_outputs", "boundary": "begin", "role": "gallery", "batch_start": 224, "batch_size": 32, "seconds": 444.46419983310625}
{"event": "COMPACT_RUNTIME_HASH", "boundary": "begin", "elapsed_seconds": 0.0, "item_count": 1941}
{"event": "COMPACT_RUNTIME_HASH", "boundary": "end", "elapsed_seconds": 0.3055322361178696, "item_count": 1941}
{"event": "COMPACT_TIMING", "stage": "images_outputs", "boundary": "end", "role": "gallery", "batch_start": 224, "batch_size": 32, "seconds": 445.53905702009797}
{"event": "COMPACT_TIMING", "stage": "images_outputs", "boundary": "begin", "role": "gallery", "batch_start": 256, "batch_size": 32, "seconds": 445.54002689011395}
{"event": "COMPACT_RUNTIME_HASH", "boundary": "begin", "elapsed_seconds": 0.0, "item_count": 1941}
{"event": "COMPACT_RUNTIME_HASH", "boundary": "end", "elapsed_seconds": 0.3348215823061764, "item_count": 1941}
{"event": "COMPACT_TIMING", "stage": "images_outputs", "boundary": "end", "role": "gallery", "batch_start": 256, "batch_size": 32, "seconds": 446.6270316038281}
{"event": "COMPACT_TIMING", "stage": "images_outputs", "boundary": "begin", "role": "gallery", "batch_start": 288, "batch_size": 32, "seconds": 446.62899100780487}
{"event": "COMPACT_RUNTIME_HASH", "boundary": "begin", "elapsed_seconds": 0.0, "item_count": 1941}
{"event": "COMPACT_RUNTIME_HASH", "boundary": "end", "elapsed_seconds": 0.3213094021193683, "item_count": 1941}
{"event": "COMPACT_TIMING", "stage": "images_outputs", "boundary": "end", "role": "gallery", "batch_start": 288, "batch_size": 32, "seconds": 447.7237715618685}
{"event": "COMPACT_TIMING", "stage": "images_outputs", "boundary": "begin", "role": "gallery", "batch_start": 320, "batch_size": 32, "seconds": 447.72542183008045}
{"event": "COMPACT_RUNTIME_HASH", "boundary": "begin", "elapsed_seconds": 0.0, "item_count": 1941}
{"event": "COMPACT_RUNTIME_HASH", "boundary": "end", "elapsed_seconds": 0.3249784018844366, "item_count": 1941}
{"event": "COMPACT_TIMING", "stage": "images_outputs", "boundary": "end", "role": "gallery", "batch_start": 320, "batch_size": 32, "seconds": 448.81303628673777}
{"event": "COMPACT_TIMING", "stage": "images_outputs", "boundary": "begin", "role": "gallery", "batch_start": 352, "batch_size": 32, "seconds": 448.8153006178327}
{"event": "COMPACT_RUNTIME_HASH", "boundary": "begin", "elapsed_seconds": 0.0, "item_count": 1941}
{"event": "COMPACT_RUNTIME_HASH", "boundary": "end", "elapsed_seconds": 0.3251199219375849, "item_count": 1941}
{"event": "COMPACT_TIMING", "stage": "images_outputs", "boundary": "end", "role": "gallery", "batch_start": 352, "batch_size": 32, "seconds": 449.90105464681983}
{"event": "COMPACT_TIMING", "stage": "images_outputs", "boundary": "begin", "role": "gallery", "batch_start": 384, "batch_size": 32, "seconds": 449.90306905889884}
{"event": "COMPACT_RUNTIME_HASH", "boundary": "begin", "elapsed_seconds": 0.0, "item_count": 1941}
{"event": "COMPACT_RUNTIME_HASH", "boundary": "end", "elapsed_seconds": 0.34589066170156, "item_count": 1941}
{"event": "COMPACT_TIMING", "stage": "images_outputs", "boundary": "end", "role": "gallery", "batch_start": 384, "batch_size": 32, "seconds": 451.0007961667143}
{"event": "COMPACT_TIMING", "stage": "images_outputs", "boundary": "begin", "role": "gallery", "batch_start": 416, "batch_size": 32, "seconds": 451.00149701396003}
{"event": "COMPACT_RUNTIME_HASH", "boundary": "begin", "elapsed_seconds": 0.0, "item_count": 1941}
{"event": "COMPACT_RUNTIME_HASH", "boundary": "end", "elapsed_seconds": 0.3252880182117224, "item_count": 1941}
{"event": "COMPACT_TIMING", "stage": "images_outputs", "boundary": "end", "role": "gallery", "batch_start": 416, "batch_size": 32, "seconds": 452.08066651271656}
{"event": "COMPACT_TIMING", "stage": "images_outputs", "boundary": "begin", "role": "gallery", "batch_start": 448, "batch_size": 32, "seconds": 452.08209326211363}
{"event": "COMPACT_RUNTIME_HASH", "boundary": "begin", "elapsed_seconds": 0.0, "item_count": 1941}
{"event": "COMPACT_RUNTIME_HASH", "boundary": "end", "elapsed_seconds": 0.30062371818348765, "item_count": 1941}
{"event": "COMPACT_TIMING", "stage": "images_outputs", "boundary": "end", "role": "gallery", "batch_start": 448, "batch_size": 32, "seconds": 453.1496593300253}
{"event": "COMPACT_TIMING", "stage": "images_outputs", "boundary": "begin", "role": "gallery", "batch_start": 480, "batch_size": 32, "seconds": 453.151698702015}
{"event": "COMPACT_RUNTIME_HASH", "boundary": "begin", "elapsed_seconds": 0.0, "item_count": 1941}
{"event": "COMPACT_RUNTIME_HASH", "boundary": "end", "elapsed_seconds": 0.320414156652987, "item_count": 1941}
{"event": "COMPACT_TIMING", "stage": "images_outputs", "boundary": "end", "role": "gallery", "batch_start": 480, "batch_size": 32, "seconds": 454.2478564376943}
{"event": "COMPACT_TIMING", "stage": "images_outputs", "boundary": "begin", "role": "gallery", "batch_start": 512, "batch_size": 32, "seconds": 454.24962635478005}
{"event": "COMPACT_RUNTIME_HASH", "boundary": "begin", "elapsed_seconds": 0.0, "item_count": 1941}
{"event": "COMPACT_RUNTIME_HASH", "boundary": "end", "elapsed_seconds": 0.30423460621386766, "item_count": 1941}
{"event": "COMPACT_TIMING", "stage": "images_outputs", "boundary": "end", "role": "gallery", "batch_start": 512, "batch_size": 32, "seconds": 455.30890306504443}
{"event": "COMPACT_TIMING", "stage": "images_outputs", "boundary": "begin", "role": "gallery", "batch_start": 544, "batch_size": 32, "seconds": 455.31178027484566}
{"event": "COMPACT_RUNTIME_HASH", "boundary": "begin", "elapsed_seconds": 0.0, "item_count": 1941}
{"event": "COMPACT_RUNTIME_HASH", "boundary": "end", "elapsed_seconds": 0.31830951990559697, "item_count": 1941}
{"event": "COMPACT_TIMING", "stage": "images_outputs", "boundary": "end", "role": "gallery", "batch_start": 544, "batch_size": 32, "seconds": 456.53729106578976}
{"event": "COMPACT_TIMING", "stage": "images_outputs", "boundary": "begin", "role": "gallery", "batch_start": 576, "batch_size": 32, "seconds": 456.5387602308765}
{"event": "COMPACT_RUNTIME_HASH", "boundary": "begin", "elapsed_seconds": 0.0, "item_count": 1941}
{"event": "COMPACT_RUNTIME_HASH", "boundary": "end", "elapsed_seconds": 0.33707864908501506, "item_count": 1941}
{"event": "COMPACT_TIMING", "stage": "images_outputs", "boundary": "end", "role": "gallery", "batch_start": 576, "batch_size": 32, "seconds": 457.64612476108596}
{"event": "COMPACT_TIMING", "stage": "images_outputs", "boundary": "begin", "role": "gallery", "batch_start": 608, "batch_size": 32, "seconds": 457.64748064568266}
{"event": "COMPACT_RUNTIME_HASH", "boundary": "begin", "elapsed_seconds": 0.0, "item_count": 1941}
{"event": "COMPACT_RUNTIME_HASH", "boundary": "end", "elapsed_seconds": 0.340713569894433, "item_count": 1941}
{"event": "COMPACT_TIMING", "stage": "images_outputs", "boundary": "end", "role": "gallery", "batch_start": 608, "batch_size": 32, "seconds": 458.72791132796556}
{"event": "COMPACT_TIMING", "stage": "images_outputs", "boundary": "begin", "role": "gallery", "batch_start": 640, "batch_size": 32, "seconds": 458.7292989566922}
{"event": "COMPACT_RUNTIME_HASH", "boundary": "begin", "elapsed_seconds": 0.0, "item_count": 1941}
{"event": "COMPACT_RUNTIME_HASH", "boundary": "end", "elapsed_seconds": 0.34611710999161005, "item_count": 1941}
{"event": "COMPACT_TIMING", "stage": "images_outputs", "boundary": "end", "role": "gallery", "batch_start": 640, "batch_size": 32, "seconds": 459.82626642100513}
{"event": "COMPACT_TIMING", "stage": "images_outputs", "boundary": "begin", "role": "gallery", "batch_start": 672, "batch_size": 32, "seconds": 459.82777195377275}
{"event": "COMPACT_RUNTIME_HASH", "boundary": "begin", "elapsed_seconds": 0.0, "item_count": 1941}
{"event": "COMPACT_RUNTIME_HASH", "boundary": "end", "elapsed_seconds": 0.3124899808317423, "item_count": 1941}
{"event": "COMPACT_TIMING", "stage": "images_outputs", "boundary": "end", "role": "gallery", "batch_start": 672, "batch_size": 32, "seconds": 460.91329960199073}
{"event": "COMPACT_TIMING", "stage": "images_outputs", "boundary": "begin", "role": "gallery", "batch_start": 704, "batch_size": 32, "seconds": 460.9141979198903}
{"event": "COMPACT_RUNTIME_HASH", "boundary": "begin", "elapsed_seconds": 0.0, "item_count": 1941}
{"event": "COMPACT_RUNTIME_HASH", "boundary": "end", "elapsed_seconds": 0.2811127519235015, "item_count": 1941}
{"event": "COMPACT_TIMING", "stage": "images_outputs", "boundary": "end", "role": "gallery", "batch_start": 704, "batch_size": 32, "seconds": 461.9414727790281}
{"event": "COMPACT_TIMING", "stage": "images_outputs", "boundary": "begin", "role": "gallery", "batch_start": 736, "batch_size": 32, "seconds": 461.9429068560712}
{"event": "COMPACT_RUNTIME_HASH", "boundary": "begin", "elapsed_seconds": 0.0, "item_count": 1941}
{"event": "COMPACT_RUNTIME_HASH", "boundary": "end", "elapsed_seconds": 0.32479312317445874, "item_count": 1941}
{"event": "COMPACT_TIMING", "stage": "images_outputs", "boundary": "end", "role": "gallery", "batch_start": 736, "batch_size": 32, "seconds": 463.03259473480284}
{"event": "COMPACT_TIMING", "stage": "images_outputs", "boundary": "begin", "role": "gallery", "batch_start": 768, "batch_size": 32, "seconds": 463.0344172748737}
{"event": "COMPACT_RUNTIME_HASH", "boundary": "begin", "elapsed_seconds": 0.0, "item_count": 1941}
{"event": "COMPACT_RUNTIME_HASH", "boundary": "end", "elapsed_seconds": 0.28968529403209686, "item_count": 1941}
{"event": "COMPACT_TIMING", "stage": "images_outputs", "boundary": "end", "role": "gallery", "batch_start": 768, "batch_size": 32, "seconds": 464.09950512694195}
{"event": "COMPACT_TIMING", "stage": "images_outputs", "boundary": "begin", "role": "gallery", "batch_start": 800, "batch_size": 32, "seconds": 464.10093086771667}
{"event": "COMPACT_RUNTIME_HASH", "boundary": "begin", "elapsed_seconds": 0.0, "item_count": 1941}
{"event": "COMPACT_RUNTIME_HASH", "boundary": "end", "elapsed_seconds": 0.3124162699095905, "item_count": 1941}
{"event": "COMPACT_TIMING", "stage": "images_outputs", "boundary": "end", "role": "gallery", "batch_start": 800, "batch_size": 32, "seconds": 465.1755003798753}
{"event": "COMPACT_TIMING", "stage": "images_outputs", "boundary": "begin", "role": "gallery", "batch_start": 832, "batch_size": 32, "seconds": 465.1773298960179}
{"event": "COMPACT_RUNTIME_HASH", "boundary": "begin", "elapsed_seconds": 0.0, "item_count": 1941}
{"event": "COMPACT_RUNTIME_HASH", "boundary": "end", "elapsed_seconds": 0.30856115790084004, "item_count": 1941}
{"event": "COMPACT_TIMING", "stage": "images_outputs", "boundary": "end", "role": "gallery", "batch_start": 832, "batch_size": 32, "seconds": 466.24797797668725}
{"event": "COMPACT_TIMING", "stage": "images_outputs", "boundary": "begin", "role": "gallery", "batch_start": 864, "batch_size": 32, "seconds": 466.2494965647347}
{"event": "COMPACT_RUNTIME_HASH", "boundary": "begin", "elapsed_seconds": 0.0, "item_count": 1941}
{"event": "COMPACT_RUNTIME_HASH", "boundary": "end", "elapsed_seconds": 0.3005777192302048, "item_count": 1941}
{"event": "COMPACT_TIMING", "stage": "images_outputs", "boundary": "end", "role": "gallery", "batch_start": 864, "batch_size": 32, "seconds": 467.30717912176624}
{"event": "COMPACT_TIMING", "stage": "images_outputs", "boundary": "begin", "role": "gallery", "batch_start": 896, "batch_size": 32, "seconds": 467.308673677966}
{"event": "COMPACT_RUNTIME_HASH", "boundary": "begin", "elapsed_seconds": 0.0, "item_count": 1941}
{"event": "COMPACT_RUNTIME_HASH", "boundary": "end", "elapsed_seconds": 0.32676636800169945, "item_count": 1941}
{"event": "COMPACT_TIMING", "stage": "images_outputs", "boundary": "end", "role": "gallery", "batch_start": 896, "batch_size": 32, "seconds": 468.3964320747182}
{"event": "COMPACT_TIMING", "stage": "images_outputs", "boundary": "begin", "role": "gallery", "batch_start": 928, "batch_size": 32, "seconds": 468.39801272796467}
{"event": "COMPACT_RUNTIME_HASH", "boundary": "begin", "elapsed_seconds": 0.0, "item_count": 1941}
{"event": "COMPACT_RUNTIME_HASH", "boundary": "end", "elapsed_seconds": 0.35193212190642953, "item_count": 1941}
{"event": "COMPACT_TIMING", "stage": "images_outputs", "boundary": "end", "role": "gallery", "batch_start": 928, "batch_size": 32, "seconds": 469.66777669405565}
{"event": "COMPACT_TIMING", "stage": "images_outputs", "boundary": "begin", "role": "gallery", "batch_start": 960, "batch_size": 32, "seconds": 469.6693056980148}
{"event": "COMPACT_RUNTIME_HASH", "boundary": "begin", "elapsed_seconds": 0.0, "item_count": 1941}
{"event": "COMPACT_RUNTIME_HASH", "boundary": "end", "elapsed_seconds": 0.30388398421928287, "item_count": 1941}
{"event": "COMPACT_TIMING", "stage": "images_outputs", "boundary": "end", "role": "gallery", "batch_start": 960, "batch_size": 32, "seconds": 470.7305710958317}
{"event": "COMPACT_TIMING", "stage": "images_outputs", "boundary": "begin", "role": "gallery", "batch_start": 992, "batch_size": 32, "seconds": 470.73222749168053}
{"event": "COMPACT_RUNTIME_HASH", "boundary": "begin", "elapsed_seconds": 0.0, "item_count": 1941}
{"event": "COMPACT_RUNTIME_HASH", "boundary": "end", "elapsed_seconds": 0.284640537109226, "item_count": 1941}
{"event": "COMPACT_TIMING", "stage": "images_outputs", "boundary": "end", "role": "gallery", "batch_start": 992, "batch_size": 32, "seconds": 471.78793690074235}
{"event": "COMPACT_TIMING", "stage": "images_outputs", "boundary": "begin", "role": "gallery", "batch_start": 1024, "batch_size": 32, "seconds": 471.79022889584303}
{"event": "COMPACT_RUNTIME_HASH", "boundary": "begin", "elapsed_seconds": 0.0, "item_count": 1941}
{"event": "COMPACT_RUNTIME_HASH", "boundary": "end", "elapsed_seconds": 0.3252337467856705, "item_count": 1941}
{"event": "COMPACT_TIMING", "stage": "images_outputs", "boundary": "end", "role": "gallery", "batch_start": 1024, "batch_size": 32, "seconds": 472.89289342286065}
{"event": "COMPACT_TIMING", "stage": "images_outputs", "boundary": "begin", "role": "gallery", "batch_start": 1056, "batch_size": 32, "seconds": 472.89488857006654}
{"event": "COMPACT_RUNTIME_HASH", "boundary": "begin", "elapsed_seconds": 0.0, "item_count": 1941}
{"event": "COMPACT_RUNTIME_HASH", "boundary": "end", "elapsed_seconds": 0.3274190700612962, "item_count": 1941}
{"event": "COMPACT_TIMING", "stage": "images_outputs", "boundary": "end", "role": "gallery", "batch_start": 1056, "batch_size": 32, "seconds": 474.021928277798}
{"event": "COMPACT_TIMING", "stage": "images_outputs", "boundary": "begin", "role": "gallery", "batch_start": 1088, "batch_size": 32, "seconds": 474.0232449308969}
{"event": "COMPACT_RUNTIME_HASH", "boundary": "begin", "elapsed_seconds": 0.0, "item_count": 1941}
{"event": "COMPACT_RUNTIME_HASH", "boundary": "end", "elapsed_seconds": 0.32229245686903596, "item_count": 1941}
{"event": "COMPACT_TIMING", "stage": "images_outputs", "boundary": "end", "role": "gallery", "batch_start": 1088, "batch_size": 32, "seconds": 475.10183475678787}
{"event": "COMPACT_TIMING", "stage": "images_outputs", "boundary": "begin", "role": "gallery", "batch_start": 1120, "batch_size": 32, "seconds": 475.1039840639569}
{"event": "COMPACT_RUNTIME_HASH", "boundary": "begin", "elapsed_seconds": 0.0, "item_count": 1941}
{"event": "COMPACT_RUNTIME_HASH", "boundary": "end", "elapsed_seconds": 0.3206040132790804, "item_count": 1941}
{"event": "COMPACT_TIMING", "stage": "images_outputs", "boundary": "end", "role": "gallery", "batch_start": 1120, "batch_size": 32, "seconds": 476.18657884094864}
{"event": "COMPACT_TIMING", "stage": "images_outputs", "boundary": "begin", "role": "gallery", "batch_start": 1152, "batch_size": 32, "seconds": 476.1877856226638}
{"event": "COMPACT_RUNTIME_HASH", "boundary": "begin", "elapsed_seconds": 0.0, "item_count": 1941}
{"event": "COMPACT_RUNTIME_HASH", "boundary": "end", "elapsed_seconds": 0.32502808375284076, "item_count": 1941}
{"event": "COMPACT_TIMING", "stage": "images_outputs", "boundary": "end", "role": "gallery", "batch_start": 1152, "batch_size": 32, "seconds": 477.28420013096184}
{"event": "COMPACT_TIMING", "stage": "images_outputs", "boundary": "begin", "role": "gallery", "batch_start": 1184, "batch_size": 32, "seconds": 477.2855868800543}
{"event": "COMPACT_RUNTIME_HASH", "boundary": "begin", "elapsed_seconds": 0.0, "item_count": 1941}
{"event": "COMPACT_RUNTIME_HASH", "boundary": "end", "elapsed_seconds": 0.2997235129587352, "item_count": 1941}
{"event": "COMPACT_TIMING", "stage": "images_outputs", "boundary": "end", "role": "gallery", "batch_start": 1184, "batch_size": 32, "seconds": 478.336523596663}
{"event": "COMPACT_TIMING", "stage": "images_outputs", "boundary": "begin", "role": "gallery", "batch_start": 1216, "batch_size": 32, "seconds": 478.3382748090662}
{"event": "COMPACT_RUNTIME_HASH", "boundary": "begin", "elapsed_seconds": 0.0, "item_count": 1941}
{"event": "COMPACT_RUNTIME_HASH", "boundary": "end", "elapsed_seconds": 0.3412989298813045, "item_count": 1941}
{"event": "COMPACT_TIMING", "stage": "images_outputs", "boundary": "end", "role": "gallery", "batch_start": 1216, "batch_size": 32, "seconds": 479.43399083893746}
{"event": "COMPACT_TIMING", "stage": "images_outputs", "boundary": "begin", "role": "gallery", "batch_start": 1248, "batch_size": 32, "seconds": 479.4360981946811}
{"event": "COMPACT_RUNTIME_HASH", "boundary": "begin", "elapsed_seconds": 0.0, "item_count": 1941}
{"event": "COMPACT_RUNTIME_HASH", "boundary": "end", "elapsed_seconds": 0.3254556027241051, "item_count": 1941}
{"event": "COMPACT_TIMING", "stage": "images_outputs", "boundary": "end", "role": "gallery", "batch_start": 1248, "batch_size": 32, "seconds": 480.5299229500815}
{"event": "COMPACT_TIMING", "stage": "images_outputs", "boundary": "begin", "role": "gallery", "batch_start": 1280, "batch_size": 32, "seconds": 480.5316450577229}
{"event": "COMPACT_RUNTIME_HASH", "boundary": "begin", "elapsed_seconds": 0.0, "item_count": 1941}
{"event": "COMPACT_RUNTIME_HASH", "boundary": "end", "elapsed_seconds": 0.31863200198858976, "item_count": 1941}
{"event": "COMPACT_TIMING", "stage": "images_outputs", "boundary": "end", "role": "gallery", "batch_start": 1280, "batch_size": 32, "seconds": 481.624240454752}
{"event": "COMPACT_TIMING", "stage": "images_outputs", "boundary": "begin", "role": "gallery", "batch_start": 1312, "batch_size": 32, "seconds": 481.62561723589897}
{"event": "COMPACT_RUNTIME_HASH", "boundary": "begin", "elapsed_seconds": 0.0, "item_count": 1941}
{"event": "COMPACT_RUNTIME_HASH", "boundary": "end", "elapsed_seconds": 0.30422104010358453, "item_count": 1941}
{"event": "COMPACT_TIMING", "stage": "images_outputs", "boundary": "end", "role": "gallery", "batch_start": 1312, "batch_size": 32, "seconds": 482.8434578906745}
{"event": "COMPACT_TIMING", "stage": "images_outputs", "boundary": "begin", "role": "gallery", "batch_start": 1344, "batch_size": 32, "seconds": 482.8441781126894}
{"event": "COMPACT_RUNTIME_HASH", "boundary": "begin", "elapsed_seconds": 0.0, "item_count": 1941}
{"event": "COMPACT_RUNTIME_HASH", "boundary": "end", "elapsed_seconds": 0.314991625957191, "item_count": 1941}
{"event": "COMPACT_TIMING", "stage": "images_outputs", "boundary": "end", "role": "gallery", "batch_start": 1344, "batch_size": 32, "seconds": 483.92654770892113}
{"event": "COMPACT_TIMING", "stage": "images_outputs", "boundary": "begin", "role": "gallery", "batch_start": 1376, "batch_size": 32, "seconds": 483.92829234478995}
{"event": "COMPACT_RUNTIME_HASH", "boundary": "begin", "elapsed_seconds": 0.0, "item_count": 1941}
{"event": "COMPACT_RUNTIME_HASH", "boundary": "end", "elapsed_seconds": 0.28603763692080975, "item_count": 1941}
{"event": "COMPACT_TIMING", "stage": "images_outputs", "boundary": "end", "role": "gallery", "batch_start": 1376, "batch_size": 32, "seconds": 484.98564744880423}
{"event": "COMPACT_TIMING", "stage": "images_outputs", "boundary": "begin", "role": "gallery", "batch_start": 1408, "batch_size": 32, "seconds": 484.9873121166602}
{"event": "COMPACT_RUNTIME_HASH", "boundary": "begin", "elapsed_seconds": 0.0, "item_count": 1941}
{"event": "COMPACT_RUNTIME_HASH", "boundary": "end", "elapsed_seconds": 0.30179088516160846, "item_count": 1941}
{"event": "COMPACT_TIMING", "stage": "images_outputs", "boundary": "end", "role": "gallery", "batch_start": 1408, "batch_size": 32, "seconds": 486.05433176178485}
{"event": "COMPACT_TIMING", "stage": "images_outputs", "boundary": "begin", "role": "gallery", "batch_start": 1440, "batch_size": 32, "seconds": 486.0561502217315}
{"event": "COMPACT_RUNTIME_HASH", "boundary": "begin", "elapsed_seconds": 0.0, "item_count": 1941}
{"event": "COMPACT_RUNTIME_HASH", "boundary": "end", "elapsed_seconds": 0.30637962790206075, "item_count": 1941}
{"event": "COMPACT_TIMING", "stage": "images_outputs", "boundary": "end", "role": "gallery", "batch_start": 1440, "batch_size": 32, "seconds": 487.1109108678065}
{"event": "COMPACT_TIMING", "stage": "images_outputs", "boundary": "begin", "role": "gallery", "batch_start": 1472, "batch_size": 32, "seconds": 487.1126476479694}
{"event": "COMPACT_RUNTIME_HASH", "boundary": "begin", "elapsed_seconds": 0.0, "item_count": 1941}
{"event": "COMPACT_RUNTIME_HASH", "boundary": "end", "elapsed_seconds": 0.30992338014766574, "item_count": 1941}
{"event": "COMPACT_TIMING", "stage": "images_outputs", "boundary": "end", "role": "gallery", "batch_start": 1472, "batch_size": 32, "seconds": 488.17499560583383}
{"event": "COMPACT_TIMING", "stage": "images_outputs", "boundary": "begin", "role": "gallery", "batch_start": 1504, "batch_size": 32, "seconds": 488.1760846916586}
{"event": "COMPACT_RUNTIME_HASH", "boundary": "begin", "elapsed_seconds": 0.0, "item_count": 1941}
{"event": "COMPACT_RUNTIME_HASH", "boundary": "end", "elapsed_seconds": 0.31551258405670524, "item_count": 1941}
{"event": "COMPACT_TIMING", "stage": "images_outputs", "boundary": "end", "role": "gallery", "batch_start": 1504, "batch_size": 32, "seconds": 489.24284995300695}
{"event": "COMPACT_TIMING", "stage": "images_outputs", "boundary": "begin", "role": "gallery", "batch_start": 1536, "batch_size": 32, "seconds": 489.2451415490359}
{"event": "COMPACT_RUNTIME_HASH", "boundary": "begin", "elapsed_seconds": 0.0, "item_count": 1941}
{"event": "COMPACT_RUNTIME_HASH", "boundary": "end", "elapsed_seconds": 0.3283166056498885, "item_count": 1941}
{"event": "COMPACT_TIMING", "stage": "images_outputs", "boundary": "end", "role": "gallery", "batch_start": 1536, "batch_size": 32, "seconds": 490.3277092408389}
{"event": "COMPACT_TIMING", "stage": "images_outputs", "boundary": "begin", "role": "gallery", "batch_start": 1568, "batch_size": 32, "seconds": 490.32948981272057}
{"event": "COMPACT_RUNTIME_HASH", "boundary": "begin", "elapsed_seconds": 0.0, "item_count": 1941}
{"event": "COMPACT_RUNTIME_HASH", "boundary": "end", "elapsed_seconds": 0.3217729227617383, "item_count": 1941}
{"event": "COMPACT_TIMING", "stage": "images_outputs", "boundary": "end", "role": "gallery", "batch_start": 1568, "batch_size": 32, "seconds": 491.4015432400629}
{"event": "COMPACT_TIMING", "stage": "images_outputs", "boundary": "begin", "role": "gallery", "batch_start": 1600, "batch_size": 32, "seconds": 491.40306507702917}
{"event": "COMPACT_RUNTIME_HASH", "boundary": "begin", "elapsed_seconds": 0.0, "item_count": 1941}
{"event": "COMPACT_RUNTIME_HASH", "boundary": "end", "elapsed_seconds": 0.3190714092925191, "item_count": 1941}
{"event": "COMPACT_TIMING", "stage": "images_outputs", "boundary": "end", "role": "gallery", "batch_start": 1600, "batch_size": 32, "seconds": 492.4783051209524}
{"event": "COMPACT_TIMING", "stage": "images_outputs", "boundary": "begin", "role": "gallery", "batch_start": 1632, "batch_size": 32, "seconds": 492.47908419091254}
{"event": "COMPACT_RUNTIME_HASH", "boundary": "begin", "elapsed_seconds": 0.0, "item_count": 1941}
{"event": "COMPACT_RUNTIME_HASH", "boundary": "end", "elapsed_seconds": 0.2944609331898391, "item_count": 1941}
{"event": "COMPACT_TIMING", "stage": "images_outputs", "boundary": "end", "role": "gallery", "batch_start": 1632, "batch_size": 32, "seconds": 493.5196227398701}
{"event": "COMPACT_TIMING", "stage": "images_outputs", "boundary": "begin", "role": "gallery", "batch_start": 1664, "batch_size": 32, "seconds": 493.5221297587268}
{"event": "COMPACT_RUNTIME_HASH", "boundary": "begin", "elapsed_seconds": 0.0, "item_count": 1941}
{"event": "COMPACT_RUNTIME_HASH", "boundary": "end", "elapsed_seconds": 0.2872708681970835, "item_count": 1941}
{"event": "COMPACT_TIMING", "stage": "images_outputs", "boundary": "end", "role": "gallery", "batch_start": 1664, "batch_size": 32, "seconds": 494.5737696127035}
{"event": "COMPACT_TIMING", "stage": "images_outputs", "boundary": "begin", "role": "gallery", "batch_start": 1696, "batch_size": 19, "seconds": 494.5752232261002}
{"event": "COMPACT_RUNTIME_HASH", "boundary": "begin", "elapsed_seconds": 0.0, "item_count": 1941}
{"event": "COMPACT_RUNTIME_HASH", "boundary": "end", "elapsed_seconds": 0.32628238620236516, "item_count": 1941}
{"event": "COMPACT_TIMING", "stage": "images_outputs", "boundary": "end", "role": "gallery", "batch_start": 1696, "batch_size": 19, "seconds": 495.5357999596745}
{"event": "COMPACT_TIMING", "stage": "export_pass", "boundary": "end", "pass_index": 1, "seconds": 495.5382606429048}
{"event": "COMPACT_TIMING", "stage": "postpass_endpoint_facts", "boundary": "begin", "pass_index": 1, "seconds": 495.5383060667664}
{"event": "COMPACT_TIMING", "stage": "postpass_endpoint_facts", "boundary": "end", "pass_index": 1, "seconds": 496.408114942722}
{"event": "COMPACT_TIMING", "stage": "postpass_audit", "boundary": "begin", "pass_index": 1, "seconds": 496.40815900685266}
{"event": "COMPACT_TIMING", "stage": "postpass_audit", "boundary": "end", "pass_index": 1, "seconds": 503.172827614937}
{"progress": "exit_rehash", "seconds": 503.4978036689572}
{"event": "COMPACT_TIMING", "stage": "exit_rehash", "boundary": "begin", "phase": "export", "seconds": 503.49785265978426}
{"event": "PROTOTYPE_PHASE", "phase": "old_exit_begin", "seconds": 516.3205510000698}
{"event": "QUADRATIC_PHASE", "phase": "exit_rehash", "delta_seconds": 15.605323482304811, "cumulative_seconds": 15.605323482304811}
{"event": "PROTOTYPE_PHASE", "phase": "old_exit_end", "seconds": 531.9268215680495}
{"event": "PROTOTYPE_PHASE", "phase": "own_union_begin", "seconds": 531.926846656017}
{"event": "PROTOTYPE_PHASE", "phase": "own_union_end", "seconds": 548.4584640017711}
{"event": "PROTOTYPE_PHASE", "phase": "closure_begin", "seconds": 548.4585081138648}
{"event": "PROTOTYPE_PHASE", "phase": "closure_end", "seconds": 548.4598252307624}
{"event": "COMPACT_TIMING", "stage": "exit_rehash", "boundary": "end", "phase": "export", "seconds": 593.8015058860183}
{"schema": "siglip2-compact-current-gallery-smooth-ap-evaluation-v1", "phase": "export", "output": "/home/riomus/runs/sfora-so400-current-gallery-smooth-ap-evaluation-first-export-control-179061-v1", "decision": null}
/home/riomus/.local/share/uv/python/cpython-3.13.9-linux-aarch64-gnu/bin/python3.13: OK
/home/riomus/runs/sfora-native256-initialized-cpu-final-footer-v1.py: OK
/home/riomus/runs/sfora-native256-stop-cgroup-footer-v1.py: OK
/home/riomus/runs/sfora-so400-compact-ranking-evaluation-reference-v1/evaluate_siglip2_nearest_ranking.py: OK
/home/riomus/runs/sfora-so400-compact-ranking-evaluation-reference-v1/execution.json: OK
/home/riomus/runs/sfora-so400-compact-ranking-evaluation-reference-v1/test_nearest_ranking_evaluation.py: OK
/home/riomus/runs/sfora-so400-current-gallery-smooth-ap-evaluation-source-v1/authority-first-export-control-179061-v1.json: OK
/home/riomus/runs/sfora-so400-current-gallery-smooth-ap-evaluation-source-v1/evaluate_siglip2_compact_ranking.py: OK
/home/riomus/runs/sfora-so400-current-gallery-smooth-ap-evaluation-source-v1/execution.json: OK
/home/riomus/runs/sfora-so400-current-gallery-smooth-ap-evaluation-source-v1/test_compact_ranking_evaluation.py: OK
/home/riomus/runs/sfora-so400-current-gallery-smooth-ap-train-candidate-179061-v1/bundle/bundle.json: OK
/home/riomus/runs/sfora-so400-current-gallery-smooth-ap-train-candidate-179061-v1/receipt.json: OK
/home/riomus/runs/sfora-so400-current-gallery-smooth-ap-train-candidate-179061-v1/resume.pt: OK
/home/riomus/runs/sfora-so400-current-gallery-smooth-ap-train-control-179061-v1/bundle/bundle.json: OK
/home/riomus/runs/sfora-so400-current-gallery-smooth-ap-train-control-179061-v1/receipt.json: OK
/home/riomus/runs/sfora-so400-current-gallery-smooth-ap-train-control-179061-v1/resume.pt: OK
/home/riomus/runs/sfora-so400-current-gallery-smooth-ap-train-source-v1/authority-train-candidate-179061-v1.json: OK
/home/riomus/runs/sfora-so400-current-gallery-smooth-ap-train-source-v1/authority-train-control-179061-v1.json: OK
/home/riomus/runs/sfora-so400-current-gallery-smooth-ap-train-source-v1/execution.json: OK
/home/riomus/runs/sfora-so400-current-gallery-smooth-ap-train-source-v1/test_siglip2_compact_ranking.py: OK
/home/riomus/runs/sfora-so400-current-gallery-smooth-ap-train-source-v1/train-candidate-179061-v1.log: OK
/home/riomus/runs/sfora-so400-current-gallery-smooth-ap-train-source-v1/train-control-179061-v1.log: OK
/home/riomus/runs/sfora-so400-current-gallery-smooth-ap-train-source-v1/train_siglip2_compact_ranking.py: OK
/home/riomus/runs/sfora-so400-genuine-view-evaluation-source-v4/evaluate_siglip2_genuine_views.py: OK
/home/riomus/runs/sfora-so400-genuine-view-evaluation-source-v4/execution.json: OK
/home/riomus/runs/sfora-so400-genuine-view-evaluation-source-v4/test_siglip2_genuine_view_evaluation.py: OK
/home/riomus/runs/sfora-so400-signed-concat-evaluation-source-v2/evaluate_siglip2_prototype_residual.py: OK
/home/riomus/runs/sfora-so400-signed-concat-evaluation-source-v2/execution.json: OK
/home/riomus/runs/sfora-so400-signed-concat-evaluation-source-v2/test_siglip2_prototype_residual_evaluation.py: OK
/home/riomus/runs/sfora-so400-current-gallery-smooth-ap-evaluation-first-cpu-v1/receipt.json: OK
/home/riomus/runs/sfora-so400-current-gallery-smooth-ap-evaluation-source-v1/first-cpu-v1.log: OK
FINAL_CGROUP {"command_exit_status": 0, "invocation_id": "637c35560dd245a5b6b0fcc6be7ede6d", "path": "/sys/fs/cgroup/user.slice/user-1000.slice/user@1000.service/app.slice/sfora-so400-current-gallery-smooth-ap-evaluation-first-export-control-179061-v1.service", "values": {"memory.current": "1288896512", "memory.events": "low 0\nhigh 0\nmax 0\noom 0\noom_kill 0\noom_group_kill 0", "memory.max": "8589934592", "memory.peak": "4955582464", "memory.stat": "anon 6017024\nfile 1182236672\nkernel 99438592\nkernel_stack 65536\npagetables 401408\nsec_pagetables 0\npercpu 2112\nsock 0\nvmalloc 0\nshmem 0\nzswap 0\nzswapped 0\nfile_mapped 0\nfile_dirty 16384\nfile_writeback 0\nswapcached 0\nanon_thp 0\nfile_thp 4194304\nshmem_thp 0\ninactive_anon 0\nactive_anon 5873664\ninactive_file 601001984\nactive_file 581234688\nunevictable 0\nslab_reclaimable 98908392\nslab_unreclaimable 122080\nslab 99030472\nworkingset_refault_anon 0\nworkingset_refault_file 0\nworkingset_activate_anon 0\nworkingset_activate_file 0\nworkingset_restore_anon 0\nworkingset_restore_file 0\nworkingset_nodereclaim 0\npgdemote_kswapd 0\npgdemote_direct 0\npgdemote_khugepaged 0\npgdemote_proactive 0\npgpromote_success 0\npgscan 0\npgsteal 0\npswpin 0\npswpout 0\npgscan_kswapd 0\npgscan_direct 0\npgscan_khugepaged 0\npgscan_proactive 0\npgsteal_kswapd 0\npgsteal_direct 0\npgsteal_khugepaged 0\npgsteal_proactive 0\npgfault 903501\npgmajfault 12280\npgrefill 0\npgactivate 0\npgdeactivate 0\npglazyfree 0\npglazyfreed 0\nswpin_zero 0\nswpout_zero 0\nzswpin 0\nzswpout 0\nzswpwb 0\nthp_fault_alloc 1839\nthp_collapse_alloc 14\nthp_swpout 0\nthp_swpout_fallback 0\nnuma_pages_migrated 0\nnuma_pte_updates 0\nnuma_hint_faults 0", "memory.swap.current": "0", "memory.swap.max": "0", "memory.swap.peak": "0"}}
	Command being timed: "/bin/bash -c set -e; sudo -n /bin/sync; sudo -n /bin/sh -c "echo 3 > /proc/sys/vm/drop_caches"; exec /bin/bash /home/riomus/runs/sfora-so400-current-gallery-smooth-ap-evaluation-source-v1/first-export-control-179061-v1-command.sh"
	User time (seconds): 399.79
	System time (seconds): 81.35
	Percent of CPU this job got: 80%
	Elapsed (wall clock) time (h:mm:ss or m:ss): 9:56.20
	Average shared text size (kbytes): 0
	Average unshared data size (kbytes): 0
	Average stack size (kbytes): 0
	Average total size (kbytes): 0
	Maximum resident set size (kbytes): 4103156
	Average resident set size (kbytes): 0
	Major (requiring I/O) page faults: 12280
	Minor (reclaiming a frame) page faults: 863206
	Voluntary context switches: 6784938
	Involuntary context switches: 9628
	Swaps: 0
	File system inputs: 437928440
	File system outputs: 18624
	Socket messages sent: 0
	Socket messages received: 0
	Signals delivered: 0
	Page size (bytes): 4096
	Exit status: 0
STOP_CGROUP {"exit_code": "exited", "exit_status": "0", "invocation_id": "637c35560dd245a5b6b0fcc6be7ede6d", "path": "/sys/fs/cgroup/user.slice/user-1000.slice/user@1000.service/app.slice/sfora-so400-current-gallery-smooth-ap-evaluation-first-export-control-179061-v1.service", "service_result": "success", "values": {"memory.current": "1288175616", "memory.events": "low 0\nhigh 0\nmax 0\noom 0\noom_kill 0\noom_group_kill 0", "memory.max": "8589934592", "memory.peak": "4955582464", "memory.stat": "anon 5414912\nfile 1182240768\nkernel 98983936\nkernel_stack 0\npagetables 102400\nsec_pagetables 0\npercpu 1760\nsock 0\nvmalloc 0\nshmem 0\nzswap 0\nzswapped 0\nfile_mapped 0\nfile_dirty 20480\nfile_writeback 0\nswapcached 0\nanon_thp 0\nfile_thp 4194304\nshmem_thp 0\ninactive_anon 0\nactive_anon 5308416\ninactive_file 601001984\nactive_file 581234688\nunevictable 0\nslab_reclaimable 98905616\nslab_unreclaimable 31752\nslab 98937368\nworkingset_refault_anon 0\nworkingset_refault_file 0\nworkingset_activate_anon 0\nworkingset_activate_file 0\nworkingset_restore_anon 0\nworkingset_restore_file 0\nworkingset_nodereclaim 0\npgdemote_kswapd 0\npgdemote_direct 0\npgdemote_khugepaged 0\npgdemote_proactive 0\npgpromote_success 0\npgscan 0\npgsteal 0\npswpin 0\npswpout 0\npgscan_kswapd 0\npgscan_direct 0\npgscan_khugepaged 0\npgscan_proactive 0\npgsteal_kswapd 0\npgsteal_direct 0\npgsteal_khugepaged 0\npgsteal_proactive 0\npgfault 905018\npgmajfault 12280\npgrefill 0\npgactivate 0\npgdeactivate 0\npglazyfree 0\npglazyfreed 0\nswpin_zero 0\nswpout_zero 0\nzswpin 0\nzswpout 0\nzswpwb 0\nthp_fault_alloc 1839\nthp_collapse_alloc 14\nthp_swpout 0\nthp_swpout_fallback 0\nnuma_pages_migrated 0\nnuma_pte_updates 0\nnuma_hint_faults 0", "memory.swap.current": "0", "memory.swap.max": "0", "memory.swap.peak": "0"}}
Finished with result: success
Main processes terminated with: code=exited/status=0
Service runtime: 9min 56.257s
CPU time consumed: 8min 1.203s
Memory peak: 4.6G
Memory swap peak: 0B
