/home/riomus/runs/sfora-so400-image-anchor-smooth-ap-evaluation-source-v2/first-export-candidate-179061-v2-command.sh: OK
Running as unit: sfora-so400-image-anchor-smooth-ap-evaluation-first-export-candidate-179061-v2.service; invocation ID: bd6cc721074642fd960af9576cd05ecd
/home/riomus/.local/share/uv/python/cpython-3.13.9-linux-aarch64-gnu/bin/python3.13: OK
/home/riomus/runs/sfora-native256-initialized-cpu-final-footer-v1.py: OK
/home/riomus/runs/sfora-native256-stop-cgroup-footer-v1.py: OK
/home/riomus/runs/sfora-so400-compact-ranking-evaluation-reference-v1/evaluate_siglip2_nearest_ranking.py: OK
/home/riomus/runs/sfora-so400-compact-ranking-evaluation-reference-v1/execution.json: OK
/home/riomus/runs/sfora-so400-compact-ranking-evaluation-reference-v1/test_nearest_ranking_evaluation.py: OK
/home/riomus/runs/sfora-so400-image-anchor-smooth-ap-evaluation-source-v2/authority-first-export-candidate-179061-v2.json: OK
/home/riomus/runs/sfora-so400-image-anchor-smooth-ap-evaluation-source-v2/evaluate_siglip2_compact_ranking.py: OK
/home/riomus/runs/sfora-so400-image-anchor-smooth-ap-evaluation-source-v2/execution.json: OK
/home/riomus/runs/sfora-so400-image-anchor-smooth-ap-evaluation-source-v2/test_compact_ranking_evaluation.py: OK
/home/riomus/runs/sfora-so400-image-anchor-smooth-ap-train-candidate-179061-v1/bundle/bundle.json: OK
/home/riomus/runs/sfora-so400-image-anchor-smooth-ap-train-candidate-179061-v1/receipt.json: OK
/home/riomus/runs/sfora-so400-image-anchor-smooth-ap-train-candidate-179061-v1/resume.pt: OK
/home/riomus/runs/sfora-so400-image-anchor-smooth-ap-train-control-179061-v1/bundle/bundle.json: OK
/home/riomus/runs/sfora-so400-image-anchor-smooth-ap-train-control-179061-v1/receipt.json: OK
/home/riomus/runs/sfora-so400-image-anchor-smooth-ap-train-control-179061-v1/resume.pt: OK
/home/riomus/runs/sfora-so400-image-anchor-smooth-ap-train-source-v2/authority-train-candidate-179061-v1.json: OK
/home/riomus/runs/sfora-so400-image-anchor-smooth-ap-train-source-v2/authority-train-control-179061-v1.json: OK
/home/riomus/runs/sfora-so400-image-anchor-smooth-ap-train-source-v2/execution.json: OK
/home/riomus/runs/sfora-so400-image-anchor-smooth-ap-train-source-v2/test_siglip2_compact_ranking.py: OK
/home/riomus/runs/sfora-so400-image-anchor-smooth-ap-train-source-v2/train-candidate-179061-v1.log: OK
/home/riomus/runs/sfora-so400-image-anchor-smooth-ap-train-source-v2/train-control-179061-v1.log: OK
/home/riomus/runs/sfora-so400-image-anchor-smooth-ap-train-source-v2/train_siglip2_compact_ranking.py: OK
/home/riomus/runs/sfora-so400-genuine-view-evaluation-source-v4/evaluate_siglip2_genuine_views.py: OK
/home/riomus/runs/sfora-so400-genuine-view-evaluation-source-v4/execution.json: OK
/home/riomus/runs/sfora-so400-genuine-view-evaluation-source-v4/test_siglip2_genuine_view_evaluation.py: OK
/home/riomus/runs/sfora-so400-signed-concat-evaluation-source-v2/evaluate_siglip2_prototype_residual.py: OK
/home/riomus/runs/sfora-so400-signed-concat-evaluation-source-v2/execution.json: OK
/home/riomus/runs/sfora-so400-signed-concat-evaluation-source-v2/test_siglip2_prototype_residual_evaluation.py: OK
/home/riomus/runs/sfora-so400-image-anchor-smooth-ap-evaluation-first-cpu-v2/receipt.json: OK
/home/riomus/runs/sfora-so400-image-anchor-smooth-ap-evaluation-source-v2/first-cpu-v2.log: OK
{"event": "COMPACT_PHASE", "phase": "shared_source_preparation", "boundary": "begin", "seconds": 159.61793556110933}
{"event": "COMPACT_PHASE", "phase": "shared_source_preparation", "boundary": "end", "delta_seconds": 18.75488443672657, "seconds": 178.37282182183117}
{"event": "COMPACT_PHASE", "phase": "cache_target_preparation", "boundary": "begin", "seconds": 178.37285206187516}
{"event": "COMPACT_PHASE", "phase": "cache_target_preparation", "boundary": "end", "delta_seconds": 2.214975091163069, "seconds": 180.58783060871065}
{"progress": "admitted", "phase": "export", "stage": "first", "seconds": 186.58911271719262}
{"event": "COMPACT_TIMING", "stage": "loader", "boundary": "begin", "pass_index": 0, "seconds": 192.32991674123332}
{"event": "COMPACT_RUNTIME_HASH", "boundary": "begin", "elapsed_seconds": 0.0, "item_count": 1941}
{"event": "COMPACT_RUNTIME_HASH", "boundary": "end", "elapsed_seconds": 0.2602236592210829, "item_count": 1941}
{"event": "COMPACT_TIMING", "stage": "loader", "boundary": "end", "pass_index": 0, "seconds": 217.89567376021296}
{"event": "COMPACT_TIMING", "stage": "endpoint_facts", "boundary": "begin", "pass_index": 0, "seconds": 217.8957241764292}
{"event": "COMPACT_TIMING", "stage": "endpoint_facts", "boundary": "end", "pass_index": 0, "seconds": 219.09226871514693}
{"event": "COMPACT_TIMING", "stage": "witness", "boundary": "begin", "pass_index": 0, "seconds": 219.09230647515506}
{"event": "COMPACT_RUNTIME_HASH", "boundary": "begin", "elapsed_seconds": 0.0, "item_count": 1941}
{"event": "COMPACT_RUNTIME_HASH", "boundary": "end", "elapsed_seconds": 0.2951364619657397, "item_count": 1941}
{"event": "COMPACT_TIMING", "stage": "witness", "boundary": "end", "pass_index": 0, "seconds": 221.27630174625665}
{"event": "COMPACT_TIMING", "stage": "diagnostic", "boundary": "begin", "pass_index": 0, "seconds": 221.27635763399303}
{"event": "COMPACT_RUNTIME_HASH", "boundary": "begin", "elapsed_seconds": 0.0, "item_count": 1941}
{"event": "COMPACT_RUNTIME_HASH", "boundary": "end", "elapsed_seconds": 0.3154287822544575, "item_count": 1941}
{"event": "COMPACT_RUNTIME_HASH", "boundary": "begin", "elapsed_seconds": 0.0, "item_count": 1941}
{"event": "COMPACT_RUNTIME_HASH", "boundary": "end", "elapsed_seconds": 0.2856229469180107, "item_count": 1941}
{"event": "COMPACT_RUNTIME_HASH", "boundary": "begin", "elapsed_seconds": 0.0, "item_count": 1941}
{"event": "COMPACT_RUNTIME_HASH", "boundary": "end", "elapsed_seconds": 0.3366933576762676, "item_count": 1941}
{"event": "COMPACT_RUNTIME_HASH", "boundary": "begin", "elapsed_seconds": 0.0, "item_count": 1941}
{"event": "COMPACT_RUNTIME_HASH", "boundary": "end", "elapsed_seconds": 0.3192480751313269, "item_count": 1941}
{"event": "COMPACT_RUNTIME_HASH", "boundary": "begin", "elapsed_seconds": 0.0, "item_count": 1941}
{"event": "COMPACT_RUNTIME_HASH", "boundary": "end", "elapsed_seconds": 0.30376094998791814, "item_count": 1941}
{"event": "COMPACT_RUNTIME_HASH", "boundary": "begin", "elapsed_seconds": 0.0, "item_count": 1941}
{"event": "COMPACT_RUNTIME_HASH", "boundary": "end", "elapsed_seconds": 0.30673773074522614, "item_count": 1941}
{"event": "COMPACT_RUNTIME_HASH", "boundary": "begin", "elapsed_seconds": 0.0, "item_count": 1941}
{"event": "COMPACT_RUNTIME_HASH", "boundary": "end", "elapsed_seconds": 0.3042055410332978, "item_count": 1941}
{"event": "COMPACT_RUNTIME_HASH", "boundary": "begin", "elapsed_seconds": 0.0, "item_count": 1941}
{"event": "COMPACT_RUNTIME_HASH", "boundary": "end", "elapsed_seconds": 0.3183895945549011, "item_count": 1941}
{"event": "COMPACT_RUNTIME_HASH", "boundary": "begin", "elapsed_seconds": 0.0, "item_count": 1941}
{"event": "COMPACT_RUNTIME_HASH", "boundary": "end", "elapsed_seconds": 0.3114711670204997, "item_count": 1941}
{"event": "COMPACT_RUNTIME_HASH", "boundary": "begin", "elapsed_seconds": 0.0, "item_count": 1941}
{"event": "COMPACT_RUNTIME_HASH", "boundary": "end", "elapsed_seconds": 0.45468391198664904, "item_count": 1941}
{"event": "COMPACT_RUNTIME_HASH", "boundary": "begin", "elapsed_seconds": 0.0, "item_count": 1941}
{"event": "COMPACT_RUNTIME_HASH", "boundary": "end", "elapsed_seconds": 0.3505344660952687, "item_count": 1941}
{"event": "COMPACT_RUNTIME_HASH", "boundary": "begin", "elapsed_seconds": 0.0, "item_count": 1941}
{"event": "COMPACT_RUNTIME_HASH", "boundary": "end", "elapsed_seconds": 0.3399512260220945, "item_count": 1941}
{"event": "COMPACT_TIMING", "stage": "diagnostic", "boundary": "end", "pass_index": 0, "seconds": 230.90098051726818}
{"event": "COMPACT_TIMING", "stage": "export_pass", "boundary": "begin", "pass_index": 0, "seconds": 230.9010121813044}
{"event": "COMPACT_TIMING", "stage": "images_outputs", "boundary": "begin", "role": "query", "batch_start": 0, "batch_size": 32, "seconds": 230.90106707718223}
{"event": "COMPACT_RUNTIME_HASH", "boundary": "begin", "elapsed_seconds": 0.0, "item_count": 1941}
{"event": "COMPACT_RUNTIME_HASH", "boundary": "end", "elapsed_seconds": 0.29530876176431775, "item_count": 1941}
{"event": "COMPACT_TIMING", "stage": "images_outputs", "boundary": "end", "role": "query", "batch_start": 0, "batch_size": 32, "seconds": 232.37630570400506}
{"event": "COMPACT_TIMING", "stage": "images_outputs", "boundary": "begin", "role": "query", "batch_start": 32, "batch_size": 32, "seconds": 232.3877869443968}
{"event": "COMPACT_RUNTIME_HASH", "boundary": "begin", "elapsed_seconds": 0.0, "item_count": 1941}
{"event": "COMPACT_RUNTIME_HASH", "boundary": "end", "elapsed_seconds": 0.30930363200604916, "item_count": 1941}
{"event": "COMPACT_TIMING", "stage": "images_outputs", "boundary": "end", "role": "query", "batch_start": 32, "batch_size": 32, "seconds": 233.4858931233175}
{"event": "COMPACT_TIMING", "stage": "images_outputs", "boundary": "begin", "role": "query", "batch_start": 64, "batch_size": 32, "seconds": 233.48716325126588}
{"event": "COMPACT_RUNTIME_HASH", "boundary": "begin", "elapsed_seconds": 0.0, "item_count": 1941}
{"event": "COMPACT_RUNTIME_HASH", "boundary": "end", "elapsed_seconds": 0.2876743678934872, "item_count": 1941}
{"event": "COMPACT_TIMING", "stage": "images_outputs", "boundary": "end", "role": "query", "batch_start": 64, "batch_size": 32, "seconds": 234.5397956543602}
{"event": "COMPACT_TIMING", "stage": "images_outputs", "boundary": "begin", "role": "query", "batch_start": 96, "batch_size": 32, "seconds": 234.54178688442335}
{"event": "COMPACT_RUNTIME_HASH", "boundary": "begin", "elapsed_seconds": 0.0, "item_count": 1941}
{"event": "COMPACT_RUNTIME_HASH", "boundary": "end", "elapsed_seconds": 0.28057785984128714, "item_count": 1941}
{"event": "COMPACT_TIMING", "stage": "images_outputs", "boundary": "end", "role": "query", "batch_start": 96, "batch_size": 32, "seconds": 235.5767367403023}
{"event": "COMPACT_TIMING", "stage": "images_outputs", "boundary": "begin", "role": "query", "batch_start": 128, "batch_size": 32, "seconds": 235.57838457915932}
{"event": "COMPACT_RUNTIME_HASH", "boundary": "begin", "elapsed_seconds": 0.0, "item_count": 1941}
{"event": "COMPACT_RUNTIME_HASH", "boundary": "end", "elapsed_seconds": 0.31891530379652977, "item_count": 1941}
{"event": "COMPACT_TIMING", "stage": "images_outputs", "boundary": "end", "role": "query", "batch_start": 128, "batch_size": 32, "seconds": 236.67622869135812}
{"event": "COMPACT_TIMING", "stage": "images_outputs", "boundary": "begin", "role": "query", "batch_start": 160, "batch_size": 32, "seconds": 236.67723014717922}
{"event": "COMPACT_RUNTIME_HASH", "boundary": "begin", "elapsed_seconds": 0.0, "item_count": 1941}
{"event": "COMPACT_RUNTIME_HASH", "boundary": "end", "elapsed_seconds": 0.3085381109267473, "item_count": 1941}
{"event": "COMPACT_TIMING", "stage": "images_outputs", "boundary": "end", "role": "query", "batch_start": 160, "batch_size": 32, "seconds": 237.75373992230743}
{"event": "COMPACT_TIMING", "stage": "images_outputs", "boundary": "begin", "role": "query", "batch_start": 192, "batch_size": 32, "seconds": 237.7553188172169}
{"event": "COMPACT_RUNTIME_HASH", "boundary": "begin", "elapsed_seconds": 0.0, "item_count": 1941}
{"event": "COMPACT_RUNTIME_HASH", "boundary": "end", "elapsed_seconds": 0.4791374267078936, "item_count": 1941}
{"event": "COMPACT_TIMING", "stage": "images_outputs", "boundary": "end", "role": "query", "batch_start": 192, "batch_size": 32, "seconds": 239.00311902631074}
{"event": "COMPACT_TIMING", "stage": "images_outputs", "boundary": "begin", "role": "query", "batch_start": 224, "batch_size": 32, "seconds": 239.0039781453088}
{"event": "COMPACT_RUNTIME_HASH", "boundary": "begin", "elapsed_seconds": 0.0, "item_count": 1941}
{"event": "COMPACT_RUNTIME_HASH", "boundary": "end", "elapsed_seconds": 0.35935368901118636, "item_count": 1941}
{"event": "COMPACT_TIMING", "stage": "images_outputs", "boundary": "end", "role": "query", "batch_start": 224, "batch_size": 32, "seconds": 240.12571586901322}
{"event": "COMPACT_TIMING", "stage": "images_outputs", "boundary": "begin", "role": "query", "batch_start": 256, "batch_size": 32, "seconds": 240.12737668398768}
{"event": "COMPACT_RUNTIME_HASH", "boundary": "begin", "elapsed_seconds": 0.0, "item_count": 1941}
{"event": "COMPACT_RUNTIME_HASH", "boundary": "end", "elapsed_seconds": 0.2958690640516579, "item_count": 1941}
{"event": "COMPACT_TIMING", "stage": "images_outputs", "boundary": "end", "role": "query", "batch_start": 256, "batch_size": 32, "seconds": 241.17848076298833}
{"event": "COMPACT_TIMING", "stage": "images_outputs", "boundary": "begin", "role": "query", "batch_start": 288, "batch_size": 32, "seconds": 241.17918482609093}
{"event": "COMPACT_RUNTIME_HASH", "boundary": "begin", "elapsed_seconds": 0.0, "item_count": 1941}
{"event": "COMPACT_RUNTIME_HASH", "boundary": "end", "elapsed_seconds": 0.31471306504681706, "item_count": 1941}
{"event": "COMPACT_TIMING", "stage": "images_outputs", "boundary": "end", "role": "query", "batch_start": 288, "batch_size": 32, "seconds": 242.26229521725327}
{"event": "COMPACT_TIMING", "stage": "images_outputs", "boundary": "begin", "role": "query", "batch_start": 320, "batch_size": 32, "seconds": 242.26346923224628}
{"event": "COMPACT_RUNTIME_HASH", "boundary": "begin", "elapsed_seconds": 0.0, "item_count": 1941}
{"event": "COMPACT_RUNTIME_HASH", "boundary": "end", "elapsed_seconds": 0.31503407284617424, "item_count": 1941}
{"event": "COMPACT_TIMING", "stage": "images_outputs", "boundary": "end", "role": "query", "batch_start": 320, "batch_size": 32, "seconds": 243.3385639153421}
{"event": "COMPACT_TIMING", "stage": "images_outputs", "boundary": "begin", "role": "query", "batch_start": 352, "batch_size": 32, "seconds": 243.3403661539778}
{"event": "COMPACT_RUNTIME_HASH", "boundary": "begin", "elapsed_seconds": 0.0, "item_count": 1941}
{"event": "COMPACT_RUNTIME_HASH", "boundary": "end", "elapsed_seconds": 0.3269073278643191, "item_count": 1941}
{"event": "COMPACT_TIMING", "stage": "images_outputs", "boundary": "end", "role": "query", "batch_start": 352, "batch_size": 32, "seconds": 244.4128136220388}
{"event": "COMPACT_TIMING", "stage": "images_outputs", "boundary": "begin", "role": "query", "batch_start": 384, "batch_size": 32, "seconds": 244.41398542933166}
{"event": "COMPACT_RUNTIME_HASH", "boundary": "begin", "elapsed_seconds": 0.0, "item_count": 1941}
{"event": "COMPACT_RUNTIME_HASH", "boundary": "end", "elapsed_seconds": 0.28934487514197826, "item_count": 1941}
{"event": "COMPACT_TIMING", "stage": "images_outputs", "boundary": "end", "role": "query", "batch_start": 384, "batch_size": 32, "seconds": 245.46083000302315}
{"event": "COMPACT_TIMING", "stage": "images_outputs", "boundary": "begin", "role": "query", "batch_start": 416, "batch_size": 32, "seconds": 245.46189803397283}
{"event": "COMPACT_RUNTIME_HASH", "boundary": "begin", "elapsed_seconds": 0.0, "item_count": 1941}
{"event": "COMPACT_RUNTIME_HASH", "boundary": "end", "elapsed_seconds": 0.3259860333055258, "item_count": 1941}
{"event": "COMPACT_TIMING", "stage": "images_outputs", "boundary": "end", "role": "query", "batch_start": 416, "batch_size": 32, "seconds": 246.54469974897802}
{"event": "COMPACT_TIMING", "stage": "images_outputs", "boundary": "begin", "role": "query", "batch_start": 448, "batch_size": 32, "seconds": 246.5459118760191}
{"event": "COMPACT_RUNTIME_HASH", "boundary": "begin", "elapsed_seconds": 0.0, "item_count": 1941}
{"event": "COMPACT_RUNTIME_HASH", "boundary": "end", "elapsed_seconds": 0.34024805296212435, "item_count": 1941}
{"event": "COMPACT_TIMING", "stage": "images_outputs", "boundary": "end", "role": "query", "batch_start": 448, "batch_size": 32, "seconds": 247.662264700979}
{"event": "COMPACT_TIMING", "stage": "images_outputs", "boundary": "begin", "role": "query", "batch_start": 480, "batch_size": 32, "seconds": 247.66387606039643}
{"event": "COMPACT_RUNTIME_HASH", "boundary": "begin", "elapsed_seconds": 0.0, "item_count": 1941}
{"event": "COMPACT_RUNTIME_HASH", "boundary": "end", "elapsed_seconds": 0.29832249926403165, "item_count": 1941}
{"event": "COMPACT_TIMING", "stage": "images_outputs", "boundary": "end", "role": "query", "batch_start": 480, "batch_size": 32, "seconds": 248.71188888698816}
{"event": "COMPACT_TIMING", "stage": "images_outputs", "boundary": "begin", "role": "query", "batch_start": 512, "batch_size": 32, "seconds": 248.71272951038554}
{"event": "COMPACT_RUNTIME_HASH", "boundary": "begin", "elapsed_seconds": 0.0, "item_count": 1941}
{"event": "COMPACT_RUNTIME_HASH", "boundary": "end", "elapsed_seconds": 0.3035285440273583, "item_count": 1941}
{"event": "COMPACT_TIMING", "stage": "images_outputs", "boundary": "end", "role": "query", "batch_start": 512, "batch_size": 32, "seconds": 249.77494046930224}
{"event": "COMPACT_TIMING", "stage": "images_outputs", "boundary": "begin", "role": "query", "batch_start": 544, "batch_size": 32, "seconds": 249.77606030832976}
{"event": "COMPACT_RUNTIME_HASH", "boundary": "begin", "elapsed_seconds": 0.0, "item_count": 1941}
{"event": "COMPACT_RUNTIME_HASH", "boundary": "end", "elapsed_seconds": 0.29579976480454206, "item_count": 1941}
{"event": "COMPACT_TIMING", "stage": "images_outputs", "boundary": "end", "role": "query", "batch_start": 544, "batch_size": 32, "seconds": 250.83019200805575}
{"event": "COMPACT_TIMING", "stage": "images_outputs", "boundary": "begin", "role": "query", "batch_start": 576, "batch_size": 32, "seconds": 250.83140170341358}
{"event": "COMPACT_RUNTIME_HASH", "boundary": "begin", "elapsed_seconds": 0.0, "item_count": 1941}
{"event": "COMPACT_RUNTIME_HASH", "boundary": "end", "elapsed_seconds": 0.44573034113273025, "item_count": 1941}
{"event": "COMPACT_TIMING", "stage": "images_outputs", "boundary": "end", "role": "query", "batch_start": 576, "batch_size": 32, "seconds": 252.0253145149909}
{"event": "COMPACT_TIMING", "stage": "images_outputs", "boundary": "begin", "role": "query", "batch_start": 608, "batch_size": 32, "seconds": 252.02600012999028}
{"event": "COMPACT_RUNTIME_HASH", "boundary": "begin", "elapsed_seconds": 0.0, "item_count": 1941}
{"event": "COMPACT_RUNTIME_HASH", "boundary": "end", "elapsed_seconds": 0.3453324637375772, "item_count": 1941}
{"event": "COMPACT_TIMING", "stage": "images_outputs", "boundary": "end", "role": "query", "batch_start": 608, "batch_size": 32, "seconds": 253.14244069438428}
{"event": "COMPACT_TIMING", "stage": "images_outputs", "boundary": "begin", "role": "query", "batch_start": 640, "batch_size": 32, "seconds": 253.14428560528904}
{"event": "COMPACT_RUNTIME_HASH", "boundary": "begin", "elapsed_seconds": 0.0, "item_count": 1941}
{"event": "COMPACT_RUNTIME_HASH", "boundary": "end", "elapsed_seconds": 0.32390972692519426, "item_count": 1941}
{"event": "COMPACT_TIMING", "stage": "images_outputs", "boundary": "end", "role": "query", "batch_start": 640, "batch_size": 32, "seconds": 254.24679118627682}
{"event": "COMPACT_TIMING", "stage": "images_outputs", "boundary": "begin", "role": "query", "batch_start": 672, "batch_size": 32, "seconds": 254.24849160108715}
{"event": "COMPACT_RUNTIME_HASH", "boundary": "begin", "elapsed_seconds": 0.0, "item_count": 1941}
{"event": "COMPACT_RUNTIME_HASH", "boundary": "end", "elapsed_seconds": 0.3674542549997568, "item_count": 1941}
{"event": "COMPACT_TIMING", "stage": "images_outputs", "boundary": "end", "role": "query", "batch_start": 672, "batch_size": 32, "seconds": 255.37578437943012}
{"event": "COMPACT_TIMING", "stage": "images_outputs", "boundary": "begin", "role": "query", "batch_start": 704, "batch_size": 32, "seconds": 255.37646452197805}
{"event": "COMPACT_RUNTIME_HASH", "boundary": "begin", "elapsed_seconds": 0.0, "item_count": 1941}
{"event": "COMPACT_RUNTIME_HASH", "boundary": "end", "elapsed_seconds": 0.31004324089735746, "item_count": 1941}
{"event": "COMPACT_TIMING", "stage": "images_outputs", "boundary": "end", "role": "query", "batch_start": 704, "batch_size": 32, "seconds": 256.43253314401954}
{"event": "COMPACT_TIMING", "stage": "images_outputs", "boundary": "begin", "role": "query", "batch_start": 736, "batch_size": 32, "seconds": 256.43387103127316}
{"event": "COMPACT_RUNTIME_HASH", "boundary": "begin", "elapsed_seconds": 0.0, "item_count": 1941}
{"event": "COMPACT_RUNTIME_HASH", "boundary": "end", "elapsed_seconds": 0.31636117212474346, "item_count": 1941}
{"event": "COMPACT_TIMING", "stage": "images_outputs", "boundary": "end", "role": "query", "batch_start": 736, "batch_size": 32, "seconds": 257.51522641722113}
{"event": "COMPACT_TIMING", "stage": "images_outputs", "boundary": "begin", "role": "query", "batch_start": 768, "batch_size": 32, "seconds": 257.5168132642284}
{"event": "COMPACT_RUNTIME_HASH", "boundary": "begin", "elapsed_seconds": 0.0, "item_count": 1941}
{"event": "COMPACT_RUNTIME_HASH", "boundary": "end", "elapsed_seconds": 0.33936389070004225, "item_count": 1941}
{"event": "COMPACT_TIMING", "stage": "images_outputs", "boundary": "end", "role": "query", "batch_start": 768, "batch_size": 32, "seconds": 258.613507070113}
{"event": "COMPACT_TIMING", "stage": "images_outputs", "boundary": "begin", "role": "query", "batch_start": 800, "batch_size": 32, "seconds": 258.6156116761267}
{"event": "COMPACT_RUNTIME_HASH", "boundary": "begin", "elapsed_seconds": 0.0, "item_count": 1941}
{"event": "COMPACT_RUNTIME_HASH", "boundary": "end", "elapsed_seconds": 0.3205889933742583, "item_count": 1941}
{"event": "COMPACT_TIMING", "stage": "images_outputs", "boundary": "end", "role": "query", "batch_start": 800, "batch_size": 32, "seconds": 259.692233864218}
{"event": "COMPACT_TIMING", "stage": "images_outputs", "boundary": "begin", "role": "query", "batch_start": 832, "batch_size": 32, "seconds": 259.6943122940138}
{"event": "COMPACT_RUNTIME_HASH", "boundary": "begin", "elapsed_seconds": 0.0, "item_count": 1941}
{"event": "COMPACT_RUNTIME_HASH", "boundary": "end", "elapsed_seconds": 0.3160306438803673, "item_count": 1941}
{"event": "COMPACT_TIMING", "stage": "images_outputs", "boundary": "end", "role": "query", "batch_start": 832, "batch_size": 32, "seconds": 260.7712752013467}
{"event": "COMPACT_TIMING", "stage": "images_outputs", "boundary": "begin", "role": "query", "batch_start": 864, "batch_size": 32, "seconds": 260.772232784424}
{"event": "COMPACT_RUNTIME_HASH", "boundary": "begin", "elapsed_seconds": 0.0, "item_count": 1941}
{"event": "COMPACT_RUNTIME_HASH", "boundary": "end", "elapsed_seconds": 0.33509301394224167, "item_count": 1941}
{"event": "COMPACT_TIMING", "stage": "images_outputs", "boundary": "end", "role": "query", "batch_start": 864, "batch_size": 32, "seconds": 261.86033569741994}
{"event": "COMPACT_TIMING", "stage": "images_outputs", "boundary": "begin", "role": "query", "batch_start": 896, "batch_size": 32, "seconds": 261.86173732811585}
{"event": "COMPACT_RUNTIME_HASH", "boundary": "begin", "elapsed_seconds": 0.0, "item_count": 1941}
{"event": "COMPACT_RUNTIME_HASH", "boundary": "end", "elapsed_seconds": 0.3228937750682235, "item_count": 1941}
{"event": "COMPACT_TIMING", "stage": "images_outputs", "boundary": "end", "role": "query", "batch_start": 896, "batch_size": 32, "seconds": 262.9413602473214}
{"event": "COMPACT_TIMING", "stage": "images_outputs", "boundary": "begin", "role": "query", "batch_start": 928, "batch_size": 32, "seconds": 262.9431969663128}
{"event": "COMPACT_RUNTIME_HASH", "boundary": "begin", "elapsed_seconds": 0.0, "item_count": 1941}
{"event": "COMPACT_RUNTIME_HASH", "boundary": "end", "elapsed_seconds": 0.439206934068352, "item_count": 1941}
{"event": "COMPACT_TIMING", "stage": "images_outputs", "boundary": "end", "role": "query", "batch_start": 928, "batch_size": 32, "seconds": 264.13790310919285}
{"event": "COMPACT_TIMING", "stage": "images_outputs", "boundary": "begin", "role": "query", "batch_start": 960, "batch_size": 32, "seconds": 264.139763684012}
{"event": "COMPACT_RUNTIME_HASH", "boundary": "begin", "elapsed_seconds": 0.0, "item_count": 1941}
{"event": "COMPACT_RUNTIME_HASH", "boundary": "end", "elapsed_seconds": 0.2765786717645824, "item_count": 1941}
{"event": "COMPACT_TIMING", "stage": "images_outputs", "boundary": "end", "role": "query", "batch_start": 960, "batch_size": 32, "seconds": 265.18818347202614}
{"event": "COMPACT_TIMING", "stage": "images_outputs", "boundary": "begin", "role": "query", "batch_start": 992, "batch_size": 32, "seconds": 265.1897315992974}
{"event": "COMPACT_RUNTIME_HASH", "boundary": "begin", "elapsed_seconds": 0.0, "item_count": 1941}
{"event": "COMPACT_RUNTIME_HASH", "boundary": "end", "elapsed_seconds": 0.3183991201221943, "item_count": 1941}
{"event": "COMPACT_TIMING", "stage": "images_outputs", "boundary": "end", "role": "query", "batch_start": 992, "batch_size": 32, "seconds": 266.2714280174114}
{"event": "COMPACT_TIMING", "stage": "images_outputs", "boundary": "begin", "role": "query", "batch_start": 1024, "batch_size": 32, "seconds": 266.27337416028604}
{"event": "COMPACT_RUNTIME_HASH", "boundary": "begin", "elapsed_seconds": 0.0, "item_count": 1941}
{"event": "COMPACT_RUNTIME_HASH", "boundary": "end", "elapsed_seconds": 0.32687612203881145, "item_count": 1941}
{"event": "COMPACT_TIMING", "stage": "images_outputs", "boundary": "end", "role": "query", "batch_start": 1024, "batch_size": 32, "seconds": 267.3750829943456}
{"event": "COMPACT_TIMING", "stage": "images_outputs", "boundary": "begin", "role": "query", "batch_start": 1056, "batch_size": 32, "seconds": 267.3757448173128}
{"event": "COMPACT_RUNTIME_HASH", "boundary": "begin", "elapsed_seconds": 0.0, "item_count": 1941}
{"event": "COMPACT_RUNTIME_HASH", "boundary": "end", "elapsed_seconds": 0.2930826749652624, "item_count": 1941}
{"event": "COMPACT_TIMING", "stage": "images_outputs", "boundary": "end", "role": "query", "batch_start": 1056, "batch_size": 32, "seconds": 268.41958209406585}
{"event": "COMPACT_TIMING", "stage": "images_outputs", "boundary": "begin", "role": "query", "batch_start": 1088, "batch_size": 32, "seconds": 268.42130930908024}
{"event": "COMPACT_RUNTIME_HASH", "boundary": "begin", "elapsed_seconds": 0.0, "item_count": 1941}
{"event": "COMPACT_RUNTIME_HASH", "boundary": "end", "elapsed_seconds": 0.3290296411141753, "item_count": 1941}
{"event": "COMPACT_TIMING", "stage": "images_outputs", "boundary": "end", "role": "query", "batch_start": 1088, "batch_size": 32, "seconds": 269.5070031131618}
{"event": "COMPACT_TIMING", "stage": "images_outputs", "boundary": "begin", "role": "query", "batch_start": 1120, "batch_size": 32, "seconds": 269.50909354398027}
{"event": "COMPACT_RUNTIME_HASH", "boundary": "begin", "elapsed_seconds": 0.0, "item_count": 1941}
{"event": "COMPACT_RUNTIME_HASH", "boundary": "end", "elapsed_seconds": 0.3269617701880634, "item_count": 1941}
{"event": "COMPACT_TIMING", "stage": "images_outputs", "boundary": "end", "role": "query", "batch_start": 1120, "batch_size": 32, "seconds": 270.61893798504025}
{"event": "COMPACT_TIMING", "stage": "images_outputs", "boundary": "begin", "role": "query", "batch_start": 1152, "batch_size": 32, "seconds": 270.6204636003822}
{"event": "COMPACT_RUNTIME_HASH", "boundary": "begin", "elapsed_seconds": 0.0, "item_count": 1941}
{"event": "COMPACT_RUNTIME_HASH", "boundary": "end", "elapsed_seconds": 0.3121957159601152, "item_count": 1941}
{"event": "COMPACT_TIMING", "stage": "images_outputs", "boundary": "end", "role": "query", "batch_start": 1152, "batch_size": 32, "seconds": 271.70302231702954}
{"event": "COMPACT_TIMING", "stage": "images_outputs", "boundary": "begin", "role": "query", "batch_start": 1184, "batch_size": 32, "seconds": 271.7044036281295}
{"event": "COMPACT_RUNTIME_HASH", "boundary": "begin", "elapsed_seconds": 0.0, "item_count": 1941}
{"event": "COMPACT_RUNTIME_HASH", "boundary": "end", "elapsed_seconds": 0.35814710380509496, "item_count": 1941}
{"event": "COMPACT_TIMING", "stage": "images_outputs", "boundary": "end", "role": "query", "batch_start": 1184, "batch_size": 32, "seconds": 272.81934079900384}
{"event": "COMPACT_TIMING", "stage": "images_outputs", "boundary": "begin", "role": "query", "batch_start": 1216, "batch_size": 32, "seconds": 272.82066340604797}
{"event": "COMPACT_RUNTIME_HASH", "boundary": "begin", "elapsed_seconds": 0.0, "item_count": 1941}
{"event": "COMPACT_RUNTIME_HASH", "boundary": "end", "elapsed_seconds": 0.43675397336483, "item_count": 1941}
{"event": "COMPACT_TIMING", "stage": "images_outputs", "boundary": "end", "role": "query", "batch_start": 1216, "batch_size": 32, "seconds": 274.01972984103486}
{"event": "COMPACT_TIMING", "stage": "images_outputs", "boundary": "begin", "role": "query", "batch_start": 1248, "batch_size": 32, "seconds": 274.0212444961071}
{"event": "COMPACT_RUNTIME_HASH", "boundary": "begin", "elapsed_seconds": 0.0, "item_count": 1941}
{"event": "COMPACT_RUNTIME_HASH", "boundary": "end", "elapsed_seconds": 0.27204981027171016, "item_count": 1941}
{"event": "COMPACT_TIMING", "stage": "images_outputs", "boundary": "end", "role": "query", "batch_start": 1248, "batch_size": 32, "seconds": 275.075530287344}
{"event": "COMPACT_TIMING", "stage": "images_outputs", "boundary": "begin", "role": "query", "batch_start": 1280, "batch_size": 32, "seconds": 275.0768740461208}
{"event": "COMPACT_RUNTIME_HASH", "boundary": "begin", "elapsed_seconds": 0.0, "item_count": 1941}
{"event": "COMPACT_RUNTIME_HASH", "boundary": "end", "elapsed_seconds": 0.3426544121466577, "item_count": 1941}
{"event": "COMPACT_TIMING", "stage": "images_outputs", "boundary": "end", "role": "query", "batch_start": 1280, "batch_size": 32, "seconds": 276.1792674330063}
{"event": "COMPACT_TIMING", "stage": "images_outputs", "boundary": "begin", "role": "query", "batch_start": 1312, "batch_size": 32, "seconds": 276.1813312713057}
{"event": "COMPACT_RUNTIME_HASH", "boundary": "begin", "elapsed_seconds": 0.0, "item_count": 1941}
{"event": "COMPACT_RUNTIME_HASH", "boundary": "end", "elapsed_seconds": 0.28070573788136244, "item_count": 1941}
{"event": "COMPACT_TIMING", "stage": "images_outputs", "boundary": "end", "role": "query", "batch_start": 1312, "batch_size": 32, "seconds": 277.21372581319883}
{"event": "COMPACT_TIMING", "stage": "images_outputs", "boundary": "begin", "role": "query", "batch_start": 1344, "batch_size": 32, "seconds": 277.21559229213744}
{"event": "COMPACT_RUNTIME_HASH", "boundary": "begin", "elapsed_seconds": 0.0, "item_count": 1941}
{"event": "COMPACT_RUNTIME_HASH", "boundary": "end", "elapsed_seconds": 0.316799215041101, "item_count": 1941}
{"event": "COMPACT_TIMING", "stage": "images_outputs", "boundary": "end", "role": "query", "batch_start": 1344, "batch_size": 32, "seconds": 278.30711291730404}
{"event": "COMPACT_TIMING", "stage": "images_outputs", "boundary": "begin", "role": "query", "batch_start": 1376, "batch_size": 32, "seconds": 278.30844578007236}
{"event": "COMPACT_RUNTIME_HASH", "boundary": "begin", "elapsed_seconds": 0.0, "item_count": 1941}
{"event": "COMPACT_RUNTIME_HASH", "boundary": "end", "elapsed_seconds": 0.29852625308558345, "item_count": 1941}
{"event": "COMPACT_TIMING", "stage": "images_outputs", "boundary": "end", "role": "query", "batch_start": 1376, "batch_size": 32, "seconds": 279.36347415903583}
{"event": "COMPACT_TIMING", "stage": "images_outputs", "boundary": "begin", "role": "query", "batch_start": 1408, "batch_size": 32, "seconds": 279.36384969530627}
{"event": "COMPACT_RUNTIME_HASH", "boundary": "begin", "elapsed_seconds": 0.0, "item_count": 1941}
{"event": "COMPACT_RUNTIME_HASH", "boundary": "end", "elapsed_seconds": 0.3009515949524939, "item_count": 1941}
{"event": "COMPACT_TIMING", "stage": "images_outputs", "boundary": "end", "role": "query", "batch_start": 1408, "batch_size": 32, "seconds": 280.4248706451617}
{"event": "COMPACT_TIMING", "stage": "images_outputs", "boundary": "begin", "role": "query", "batch_start": 1440, "batch_size": 32, "seconds": 280.4262003400363}
{"event": "COMPACT_RUNTIME_HASH", "boundary": "begin", "elapsed_seconds": 0.0, "item_count": 1941}
{"event": "COMPACT_RUNTIME_HASH", "boundary": "end", "elapsed_seconds": 0.28325573494657874, "item_count": 1941}
{"event": "COMPACT_TIMING", "stage": "images_outputs", "boundary": "end", "role": "query", "batch_start": 1440, "batch_size": 32, "seconds": 281.4684277512133}
{"event": "COMPACT_TIMING", "stage": "images_outputs", "boundary": "begin", "role": "query", "batch_start": 1472, "batch_size": 32, "seconds": 281.4709454611875}
{"event": "COMPACT_RUNTIME_HASH", "boundary": "begin", "elapsed_seconds": 0.0, "item_count": 1941}
{"event": "COMPACT_RUNTIME_HASH", "boundary": "end", "elapsed_seconds": 0.34227885864675045, "item_count": 1941}
{"event": "COMPACT_TIMING", "stage": "images_outputs", "boundary": "end", "role": "query", "batch_start": 1472, "batch_size": 32, "seconds": 282.5755019602366}
{"event": "COMPACT_TIMING", "stage": "images_outputs", "boundary": "begin", "role": "query", "batch_start": 1504, "batch_size": 32, "seconds": 282.5785781182349}
{"event": "COMPACT_RUNTIME_HASH", "boundary": "begin", "elapsed_seconds": 0.0, "item_count": 1941}
{"event": "COMPACT_RUNTIME_HASH", "boundary": "end", "elapsed_seconds": 0.34963078889995813, "item_count": 1941}
{"event": "COMPACT_TIMING", "stage": "images_outputs", "boundary": "end", "role": "query", "batch_start": 1504, "batch_size": 32, "seconds": 283.687151637394}
{"event": "COMPACT_TIMING", "stage": "images_outputs", "boundary": "begin", "role": "query", "batch_start": 1536, "batch_size": 32, "seconds": 283.6877933964133}
{"event": "COMPACT_RUNTIME_HASH", "boundary": "begin", "elapsed_seconds": 0.0, "item_count": 1941}
{"event": "COMPACT_RUNTIME_HASH", "boundary": "end", "elapsed_seconds": 0.4276999761350453, "item_count": 1941}
{"event": "COMPACT_TIMING", "stage": "images_outputs", "boundary": "end", "role": "query", "batch_start": 1536, "batch_size": 32, "seconds": 284.8710186490789}
{"event": "COMPACT_TIMING", "stage": "images_outputs", "boundary": "begin", "role": "query", "batch_start": 1568, "batch_size": 32, "seconds": 284.8721191440709}
{"event": "COMPACT_RUNTIME_HASH", "boundary": "begin", "elapsed_seconds": 0.0, "item_count": 1941}
{"event": "COMPACT_RUNTIME_HASH", "boundary": "end", "elapsed_seconds": 0.3222259609028697, "item_count": 1941}
{"event": "COMPACT_TIMING", "stage": "images_outputs", "boundary": "end", "role": "query", "batch_start": 1568, "batch_size": 32, "seconds": 285.9575737994164}
{"event": "COMPACT_TIMING", "stage": "images_outputs", "boundary": "begin", "role": "query", "batch_start": 1600, "batch_size": 32, "seconds": 285.95837405417114}
{"event": "COMPACT_RUNTIME_HASH", "boundary": "begin", "elapsed_seconds": 0.0, "item_count": 1941}
{"event": "COMPACT_RUNTIME_HASH", "boundary": "end", "elapsed_seconds": 0.3244915911927819, "item_count": 1941}
{"event": "COMPACT_TIMING", "stage": "images_outputs", "boundary": "end", "role": "query", "batch_start": 1600, "batch_size": 32, "seconds": 287.0241449791938}
{"event": "COMPACT_TIMING", "stage": "images_outputs", "boundary": "begin", "role": "query", "batch_start": 1632, "batch_size": 32, "seconds": 287.0249589472078}
{"event": "COMPACT_RUNTIME_HASH", "boundary": "begin", "elapsed_seconds": 0.0, "item_count": 1941}
{"event": "COMPACT_RUNTIME_HASH", "boundary": "end", "elapsed_seconds": 0.3187342989258468, "item_count": 1941}
{"event": "COMPACT_TIMING", "stage": "images_outputs", "boundary": "end", "role": "query", "batch_start": 1632, "batch_size": 32, "seconds": 288.094713404309}
{"event": "COMPACT_TIMING", "stage": "images_outputs", "boundary": "begin", "role": "query", "batch_start": 1664, "batch_size": 32, "seconds": 288.09749805834144}
{"event": "COMPACT_RUNTIME_HASH", "boundary": "begin", "elapsed_seconds": 0.0, "item_count": 1941}
{"event": "COMPACT_RUNTIME_HASH", "boundary": "end", "elapsed_seconds": 0.3164861570112407, "item_count": 1941}
{"event": "COMPACT_TIMING", "stage": "images_outputs", "boundary": "end", "role": "query", "batch_start": 1664, "batch_size": 32, "seconds": 289.174928619992}
{"event": "COMPACT_TIMING", "stage": "images_outputs", "boundary": "begin", "role": "query", "batch_start": 1696, "batch_size": 32, "seconds": 289.17638733936474}
{"event": "COMPACT_RUNTIME_HASH", "boundary": "begin", "elapsed_seconds": 0.0, "item_count": 1941}
{"event": "COMPACT_RUNTIME_HASH", "boundary": "end", "elapsed_seconds": 0.3317612810060382, "item_count": 1941}
{"event": "COMPACT_TIMING", "stage": "images_outputs", "boundary": "end", "role": "query", "batch_start": 1696, "batch_size": 32, "seconds": 290.25930994423106}
{"event": "COMPACT_TIMING", "stage": "images_outputs", "boundary": "begin", "role": "query", "batch_start": 1728, "batch_size": 6, "seconds": 290.2606497993693}
{"event": "COMPACT_RUNTIME_HASH", "boundary": "begin", "elapsed_seconds": 0.0, "item_count": 1941}
{"event": "COMPACT_RUNTIME_HASH", "boundary": "end", "elapsed_seconds": 0.3469840995967388, "item_count": 1941}
{"event": "COMPACT_TIMING", "stage": "images_outputs", "boundary": "end", "role": "query", "batch_start": 1728, "batch_size": 6, "seconds": 291.0028480263427}
{"event": "COMPACT_TIMING", "stage": "images_outputs", "boundary": "begin", "role": "gallery", "batch_start": 0, "batch_size": 32, "seconds": 291.0029160422273}
{"event": "COMPACT_RUNTIME_HASH", "boundary": "begin", "elapsed_seconds": 0.0, "item_count": 1941}
{"event": "COMPACT_RUNTIME_HASH", "boundary": "end", "elapsed_seconds": 0.32993136066943407, "item_count": 1941}
{"event": "COMPACT_TIMING", "stage": "images_outputs", "boundary": "end", "role": "gallery", "batch_start": 0, "batch_size": 32, "seconds": 292.4705071481876}
{"event": "COMPACT_TIMING", "stage": "images_outputs", "boundary": "begin", "role": "gallery", "batch_start": 32, "batch_size": 32, "seconds": 292.4723893874325}
{"event": "COMPACT_RUNTIME_HASH", "boundary": "begin", "elapsed_seconds": 0.0, "item_count": 1941}
{"event": "COMPACT_RUNTIME_HASH", "boundary": "end", "elapsed_seconds": 0.35343345534056425, "item_count": 1941}
{"event": "COMPACT_TIMING", "stage": "images_outputs", "boundary": "end", "role": "gallery", "batch_start": 32, "batch_size": 32, "seconds": 293.609997483436}
{"event": "COMPACT_TIMING", "stage": "images_outputs", "boundary": "begin", "role": "gallery", "batch_start": 64, "batch_size": 32, "seconds": 293.6107506020926}
{"event": "COMPACT_RUNTIME_HASH", "boundary": "begin", "elapsed_seconds": 0.0, "item_count": 1941}
{"event": "COMPACT_RUNTIME_HASH", "boundary": "end", "elapsed_seconds": 0.30867468984797597, "item_count": 1941}
{"event": "COMPACT_TIMING", "stage": "images_outputs", "boundary": "end", "role": "gallery", "batch_start": 64, "batch_size": 32, "seconds": 294.6707855099812}
{"event": "COMPACT_TIMING", "stage": "images_outputs", "boundary": "begin", "role": "gallery", "batch_start": 96, "batch_size": 32, "seconds": 294.6718388372101}
{"event": "COMPACT_RUNTIME_HASH", "boundary": "begin", "elapsed_seconds": 0.0, "item_count": 1941}
{"event": "COMPACT_RUNTIME_HASH", "boundary": "end", "elapsed_seconds": 0.294757564086467, "item_count": 1941}
{"event": "COMPACT_TIMING", "stage": "images_outputs", "boundary": "end", "role": "gallery", "batch_start": 96, "batch_size": 32, "seconds": 295.7206334643997}
{"event": "COMPACT_TIMING", "stage": "images_outputs", "boundary": "begin", "role": "gallery", "batch_start": 128, "batch_size": 32, "seconds": 295.7218199269846}
{"event": "COMPACT_RUNTIME_HASH", "boundary": "begin", "elapsed_seconds": 0.0, "item_count": 1941}
{"event": "COMPACT_RUNTIME_HASH", "boundary": "end", "elapsed_seconds": 0.33876920910552144, "item_count": 1941}
{"event": "COMPACT_TIMING", "stage": "images_outputs", "boundary": "end", "role": "gallery", "batch_start": 128, "batch_size": 32, "seconds": 296.8257793742232}
{"event": "COMPACT_TIMING", "stage": "images_outputs", "boundary": "begin", "role": "gallery", "batch_start": 160, "batch_size": 32, "seconds": 296.82693884614855}
{"event": "COMPACT_RUNTIME_HASH", "boundary": "begin", "elapsed_seconds": 0.0, "item_count": 1941}
{"event": "COMPACT_RUNTIME_HASH", "boundary": "end", "elapsed_seconds": 0.3327519968152046, "item_count": 1941}
{"event": "COMPACT_TIMING", "stage": "images_outputs", "boundary": "end", "role": "gallery", "batch_start": 160, "batch_size": 32, "seconds": 298.06946788029745}
{"event": "COMPACT_TIMING", "stage": "images_outputs", "boundary": "begin", "role": "gallery", "batch_start": 192, "batch_size": 32, "seconds": 298.07104056701064}
{"event": "COMPACT_RUNTIME_HASH", "boundary": "begin", "elapsed_seconds": 0.0, "item_count": 1941}
{"event": "COMPACT_RUNTIME_HASH", "boundary": "end", "elapsed_seconds": 0.29105964628979564, "item_count": 1941}
{"event": "COMPACT_TIMING", "stage": "images_outputs", "boundary": "end", "role": "gallery", "batch_start": 192, "batch_size": 32, "seconds": 299.12934232037514}
{"event": "COMPACT_TIMING", "stage": "images_outputs", "boundary": "begin", "role": "gallery", "batch_start": 224, "batch_size": 32, "seconds": 299.13122769538313}
{"event": "COMPACT_RUNTIME_HASH", "boundary": "begin", "elapsed_seconds": 0.0, "item_count": 1941}
{"event": "COMPACT_RUNTIME_HASH", "boundary": "end", "elapsed_seconds": 0.35209551779553294, "item_count": 1941}
{"event": "COMPACT_TIMING", "stage": "images_outputs", "boundary": "end", "role": "gallery", "batch_start": 224, "batch_size": 32, "seconds": 300.24738455424085}
{"event": "COMPACT_TIMING", "stage": "images_outputs", "boundary": "begin", "role": "gallery", "batch_start": 256, "batch_size": 32, "seconds": 300.249474584125}
{"event": "COMPACT_RUNTIME_HASH", "boundary": "begin", "elapsed_seconds": 0.0, "item_count": 1941}
{"event": "COMPACT_RUNTIME_HASH", "boundary": "end", "elapsed_seconds": 0.2825870276428759, "item_count": 1941}
{"event": "COMPACT_TIMING", "stage": "images_outputs", "boundary": "end", "role": "gallery", "batch_start": 256, "batch_size": 32, "seconds": 301.2834843392484}
{"event": "COMPACT_TIMING", "stage": "images_outputs", "boundary": "begin", "role": "gallery", "batch_start": 288, "batch_size": 32, "seconds": 301.2842884659767}
{"event": "COMPACT_RUNTIME_HASH", "boundary": "begin", "elapsed_seconds": 0.0, "item_count": 1941}
{"event": "COMPACT_RUNTIME_HASH", "boundary": "end", "elapsed_seconds": 0.3492021271958947, "item_count": 1941}
{"event": "COMPACT_TIMING", "stage": "images_outputs", "boundary": "end", "role": "gallery", "batch_start": 288, "batch_size": 32, "seconds": 302.39419993618503}
{"event": "COMPACT_TIMING", "stage": "images_outputs", "boundary": "begin", "role": "gallery", "batch_start": 320, "batch_size": 32, "seconds": 302.39602761529386}
{"event": "COMPACT_RUNTIME_HASH", "boundary": "begin", "elapsed_seconds": 0.0, "item_count": 1941}
{"event": "COMPACT_RUNTIME_HASH", "boundary": "end", "elapsed_seconds": 0.37068577390164137, "item_count": 1941}
{"event": "COMPACT_TIMING", "stage": "images_outputs", "boundary": "end", "role": "gallery", "batch_start": 320, "batch_size": 32, "seconds": 303.53241231199354}
{"event": "COMPACT_TIMING", "stage": "images_outputs", "boundary": "begin", "role": "gallery", "batch_start": 352, "batch_size": 32, "seconds": 303.5344671262428}
{"event": "COMPACT_RUNTIME_HASH", "boundary": "begin", "elapsed_seconds": 0.0, "item_count": 1941}
{"event": "COMPACT_RUNTIME_HASH", "boundary": "end", "elapsed_seconds": 0.33781407214701176, "item_count": 1941}
{"event": "COMPACT_TIMING", "stage": "images_outputs", "boundary": "end", "role": "gallery", "batch_start": 352, "batch_size": 32, "seconds": 304.6401056381874}
{"event": "COMPACT_TIMING", "stage": "images_outputs", "boundary": "begin", "role": "gallery", "batch_start": 384, "batch_size": 32, "seconds": 304.6409228211269}
{"event": "COMPACT_RUNTIME_HASH", "boundary": "begin", "elapsed_seconds": 0.0, "item_count": 1941}
{"event": "COMPACT_RUNTIME_HASH", "boundary": "end", "elapsed_seconds": 0.3307057414203882, "item_count": 1941}
{"event": "COMPACT_TIMING", "stage": "images_outputs", "boundary": "end", "role": "gallery", "batch_start": 384, "batch_size": 32, "seconds": 305.7270344509743}
{"event": "COMPACT_TIMING", "stage": "images_outputs", "boundary": "begin", "role": "gallery", "batch_start": 416, "batch_size": 32, "seconds": 305.72908133035526}
{"event": "COMPACT_RUNTIME_HASH", "boundary": "begin", "elapsed_seconds": 0.0, "item_count": 1941}
{"event": "COMPACT_RUNTIME_HASH", "boundary": "end", "elapsed_seconds": 0.2940832101739943, "item_count": 1941}
{"event": "COMPACT_TIMING", "stage": "images_outputs", "boundary": "end", "role": "gallery", "batch_start": 416, "batch_size": 32, "seconds": 306.77151228906587}
{"event": "COMPACT_TIMING", "stage": "images_outputs", "boundary": "begin", "role": "gallery", "batch_start": 448, "batch_size": 32, "seconds": 306.7721470091492}
{"event": "COMPACT_RUNTIME_HASH", "boundary": "begin", "elapsed_seconds": 0.0, "item_count": 1941}
{"event": "COMPACT_RUNTIME_HASH", "boundary": "end", "elapsed_seconds": 0.3391387262381613, "item_count": 1941}
{"event": "COMPACT_TIMING", "stage": "images_outputs", "boundary": "end", "role": "gallery", "batch_start": 448, "batch_size": 32, "seconds": 307.849909812212}
{"event": "COMPACT_TIMING", "stage": "images_outputs", "boundary": "begin", "role": "gallery", "batch_start": 480, "batch_size": 32, "seconds": 307.8507187073119}
{"event": "COMPACT_RUNTIME_HASH", "boundary": "begin", "elapsed_seconds": 0.0, "item_count": 1941}
{"event": "COMPACT_RUNTIME_HASH", "boundary": "end", "elapsed_seconds": 0.2928597703576088, "item_count": 1941}
{"event": "COMPACT_TIMING", "stage": "images_outputs", "boundary": "end", "role": "gallery", "batch_start": 480, "batch_size": 32, "seconds": 308.9144981922582}
{"event": "COMPACT_TIMING", "stage": "images_outputs", "boundary": "begin", "role": "gallery", "batch_start": 512, "batch_size": 32, "seconds": 308.91590190306306}
{"event": "COMPACT_RUNTIME_HASH", "boundary": "begin", "elapsed_seconds": 0.0, "item_count": 1941}
{"event": "COMPACT_RUNTIME_HASH", "boundary": "end", "elapsed_seconds": 0.2838245928287506, "item_count": 1941}
{"event": "COMPACT_TIMING", "stage": "images_outputs", "boundary": "end", "role": "gallery", "batch_start": 512, "batch_size": 32, "seconds": 309.97842735704035}
{"event": "COMPACT_TIMING", "stage": "images_outputs", "boundary": "begin", "role": "gallery", "batch_start": 544, "batch_size": 32, "seconds": 309.979692843277}
{"event": "COMPACT_RUNTIME_HASH", "boundary": "begin", "elapsed_seconds": 0.0, "item_count": 1941}
{"event": "COMPACT_RUNTIME_HASH", "boundary": "end", "elapsed_seconds": 0.276446599047631, "item_count": 1941}
{"event": "COMPACT_TIMING", "stage": "images_outputs", "boundary": "end", "role": "gallery", "batch_start": 544, "batch_size": 32, "seconds": 311.17572574317455}
{"event": "COMPACT_TIMING", "stage": "images_outputs", "boundary": "begin", "role": "gallery", "batch_start": 576, "batch_size": 32, "seconds": 311.17674287827685}
{"event": "COMPACT_RUNTIME_HASH", "boundary": "begin", "elapsed_seconds": 0.0, "item_count": 1941}
{"event": "COMPACT_RUNTIME_HASH", "boundary": "end", "elapsed_seconds": 0.3325313860550523, "item_count": 1941}
{"event": "COMPACT_TIMING", "stage": "images_outputs", "boundary": "end", "role": "gallery", "batch_start": 576, "batch_size": 32, "seconds": 312.27012996934354}
{"event": "COMPACT_TIMING", "stage": "images_outputs", "boundary": "begin", "role": "gallery", "batch_start": 608, "batch_size": 32, "seconds": 312.27120616007596}
{"event": "COMPACT_RUNTIME_HASH", "boundary": "begin", "elapsed_seconds": 0.0, "item_count": 1941}
{"event": "COMPACT_RUNTIME_HASH", "boundary": "end", "elapsed_seconds": 0.3330866969190538, "item_count": 1941}
{"event": "COMPACT_TIMING", "stage": "images_outputs", "boundary": "end", "role": "gallery", "batch_start": 608, "batch_size": 32, "seconds": 313.37508989917114}
{"event": "COMPACT_TIMING", "stage": "images_outputs", "boundary": "begin", "role": "gallery", "batch_start": 640, "batch_size": 32, "seconds": 313.3762478022836}
{"event": "COMPACT_RUNTIME_HASH", "boundary": "begin", "elapsed_seconds": 0.0, "item_count": 1941}
{"event": "COMPACT_RUNTIME_HASH", "boundary": "end", "elapsed_seconds": 0.3241175850853324, "item_count": 1941}
{"event": "COMPACT_TIMING", "stage": "images_outputs", "boundary": "end", "role": "gallery", "batch_start": 640, "batch_size": 32, "seconds": 314.4680748921819}
{"event": "COMPACT_TIMING", "stage": "images_outputs", "boundary": "begin", "role": "gallery", "batch_start": 672, "batch_size": 32, "seconds": 314.4702089391649}
{"event": "COMPACT_RUNTIME_HASH", "boundary": "begin", "elapsed_seconds": 0.0, "item_count": 1941}
{"event": "COMPACT_RUNTIME_HASH", "boundary": "end", "elapsed_seconds": 0.32568471878767014, "item_count": 1941}
{"event": "COMPACT_TIMING", "stage": "images_outputs", "boundary": "end", "role": "gallery", "batch_start": 672, "batch_size": 32, "seconds": 315.583285340108}
{"event": "COMPACT_TIMING", "stage": "images_outputs", "boundary": "begin", "role": "gallery", "batch_start": 704, "batch_size": 32, "seconds": 315.58447911497205}
{"event": "COMPACT_RUNTIME_HASH", "boundary": "begin", "elapsed_seconds": 0.0, "item_count": 1941}
{"event": "COMPACT_RUNTIME_HASH", "boundary": "end", "elapsed_seconds": 0.2916319128125906, "item_count": 1941}
{"event": "COMPACT_TIMING", "stage": "images_outputs", "boundary": "end", "role": "gallery", "batch_start": 704, "batch_size": 32, "seconds": 316.6331054382026}
{"event": "COMPACT_TIMING", "stage": "images_outputs", "boundary": "begin", "role": "gallery", "batch_start": 736, "batch_size": 32, "seconds": 316.6342315170914}
{"event": "COMPACT_RUNTIME_HASH", "boundary": "begin", "elapsed_seconds": 0.0, "item_count": 1941}
{"event": "COMPACT_RUNTIME_HASH", "boundary": "end", "elapsed_seconds": 0.3047965751029551, "item_count": 1941}
{"event": "COMPACT_TIMING", "stage": "images_outputs", "boundary": "end", "role": "gallery", "batch_start": 736, "batch_size": 32, "seconds": 317.70082649728283}
{"event": "COMPACT_TIMING", "stage": "images_outputs", "boundary": "begin", "role": "gallery", "batch_start": 768, "batch_size": 32, "seconds": 317.70142795331776}
{"event": "COMPACT_RUNTIME_HASH", "boundary": "begin", "elapsed_seconds": 0.0, "item_count": 1941}
{"event": "COMPACT_RUNTIME_HASH", "boundary": "end", "elapsed_seconds": 0.2987920669838786, "item_count": 1941}
{"event": "COMPACT_TIMING", "stage": "images_outputs", "boundary": "end", "role": "gallery", "batch_start": 768, "batch_size": 32, "seconds": 318.7618596893735}
{"event": "COMPACT_TIMING", "stage": "images_outputs", "boundary": "begin", "role": "gallery", "batch_start": 800, "batch_size": 32, "seconds": 318.763116823975}
{"event": "COMPACT_RUNTIME_HASH", "boundary": "begin", "elapsed_seconds": 0.0, "item_count": 1941}
{"event": "COMPACT_RUNTIME_HASH", "boundary": "end", "elapsed_seconds": 0.31375501584261656, "item_count": 1941}
{"event": "COMPACT_TIMING", "stage": "images_outputs", "boundary": "end", "role": "gallery", "batch_start": 800, "batch_size": 32, "seconds": 319.8391838911921}
{"event": "COMPACT_TIMING", "stage": "images_outputs", "boundary": "begin", "role": "gallery", "batch_start": 832, "batch_size": 32, "seconds": 319.84116067318246}
{"event": "COMPACT_RUNTIME_HASH", "boundary": "begin", "elapsed_seconds": 0.0, "item_count": 1941}
{"event": "COMPACT_RUNTIME_HASH", "boundary": "end", "elapsed_seconds": 0.2841223031282425, "item_count": 1941}
{"event": "COMPACT_TIMING", "stage": "images_outputs", "boundary": "end", "role": "gallery", "batch_start": 832, "batch_size": 32, "seconds": 320.873924206011}
{"event": "COMPACT_TIMING", "stage": "images_outputs", "boundary": "begin", "role": "gallery", "batch_start": 864, "batch_size": 32, "seconds": 320.8754469254054}
{"event": "COMPACT_RUNTIME_HASH", "boundary": "begin", "elapsed_seconds": 0.0, "item_count": 1941}
{"event": "COMPACT_RUNTIME_HASH", "boundary": "end", "elapsed_seconds": 0.2993718581274152, "item_count": 1941}
{"event": "COMPACT_TIMING", "stage": "images_outputs", "boundary": "end", "role": "gallery", "batch_start": 864, "batch_size": 32, "seconds": 321.9224295653403}
{"event": "COMPACT_TIMING", "stage": "images_outputs", "boundary": "begin", "role": "gallery", "batch_start": 896, "batch_size": 32, "seconds": 321.92325377324596}
{"event": "COMPACT_RUNTIME_HASH", "boundary": "begin", "elapsed_seconds": 0.0, "item_count": 1941}
{"event": "COMPACT_RUNTIME_HASH", "boundary": "end", "elapsed_seconds": 0.3371508037671447, "item_count": 1941}
{"event": "COMPACT_TIMING", "stage": "images_outputs", "boundary": "end", "role": "gallery", "batch_start": 896, "batch_size": 32, "seconds": 323.00261123431846}
{"event": "COMPACT_TIMING", "stage": "images_outputs", "boundary": "begin", "role": "gallery", "batch_start": 928, "batch_size": 32, "seconds": 323.0034389300272}
{"event": "COMPACT_RUNTIME_HASH", "boundary": "begin", "elapsed_seconds": 0.0, "item_count": 1941}
{"event": "COMPACT_RUNTIME_HASH", "boundary": "end", "elapsed_seconds": 0.28188465628772974, "item_count": 1941}
{"event": "COMPACT_TIMING", "stage": "images_outputs", "boundary": "end", "role": "gallery", "batch_start": 928, "batch_size": 32, "seconds": 324.1817777203396}
{"event": "COMPACT_TIMING", "stage": "images_outputs", "boundary": "begin", "role": "gallery", "batch_start": 960, "batch_size": 32, "seconds": 324.1844055261463}
{"event": "COMPACT_RUNTIME_HASH", "boundary": "begin", "elapsed_seconds": 0.0, "item_count": 1941}
{"event": "COMPACT_RUNTIME_HASH", "boundary": "end", "elapsed_seconds": 0.2743113008327782, "item_count": 1941}
{"event": "COMPACT_TIMING", "stage": "images_outputs", "boundary": "end", "role": "gallery", "batch_start": 960, "batch_size": 32, "seconds": 325.21090272441506}
{"event": "COMPACT_TIMING", "stage": "images_outputs", "boundary": "begin", "role": "gallery", "batch_start": 992, "batch_size": 32, "seconds": 325.2117483401671}
{"event": "COMPACT_RUNTIME_HASH", "boundary": "begin", "elapsed_seconds": 0.0, "item_count": 1941}
{"event": "COMPACT_RUNTIME_HASH", "boundary": "end", "elapsed_seconds": 0.36256510205566883, "item_count": 1941}
{"event": "COMPACT_TIMING", "stage": "images_outputs", "boundary": "end", "role": "gallery", "batch_start": 992, "batch_size": 32, "seconds": 326.3386127850972}
{"event": "COMPACT_TIMING", "stage": "images_outputs", "boundary": "begin", "role": "gallery", "batch_start": 1024, "batch_size": 32, "seconds": 326.3403888642788}
{"event": "COMPACT_RUNTIME_HASH", "boundary": "begin", "elapsed_seconds": 0.0, "item_count": 1941}
{"event": "COMPACT_RUNTIME_HASH", "boundary": "end", "elapsed_seconds": 0.30325793428346515, "item_count": 1941}
{"event": "COMPACT_TIMING", "stage": "images_outputs", "boundary": "end", "role": "gallery", "batch_start": 1024, "batch_size": 32, "seconds": 327.42665417306125}
{"event": "COMPACT_TIMING", "stage": "images_outputs", "boundary": "begin", "role": "gallery", "batch_start": 1056, "batch_size": 32, "seconds": 327.42919266736135}
{"event": "COMPACT_RUNTIME_HASH", "boundary": "begin", "elapsed_seconds": 0.0, "item_count": 1941}
{"event": "COMPACT_RUNTIME_HASH", "boundary": "end", "elapsed_seconds": 0.26976085593923926, "item_count": 1941}
{"event": "COMPACT_TIMING", "stage": "images_outputs", "boundary": "end", "role": "gallery", "batch_start": 1056, "batch_size": 32, "seconds": 328.4676835811697}
{"event": "COMPACT_TIMING", "stage": "images_outputs", "boundary": "begin", "role": "gallery", "batch_start": 1088, "batch_size": 32, "seconds": 328.4693584283814}
{"event": "COMPACT_RUNTIME_HASH", "boundary": "begin", "elapsed_seconds": 0.0, "item_count": 1941}
{"event": "COMPACT_RUNTIME_HASH", "boundary": "end", "elapsed_seconds": 0.3105399440973997, "item_count": 1941}
{"event": "COMPACT_TIMING", "stage": "images_outputs", "boundary": "end", "role": "gallery", "batch_start": 1088, "batch_size": 32, "seconds": 329.56773594999686}
{"event": "COMPACT_TIMING", "stage": "images_outputs", "boundary": "begin", "role": "gallery", "batch_start": 1120, "batch_size": 32, "seconds": 329.5700746043585}
{"event": "COMPACT_RUNTIME_HASH", "boundary": "begin", "elapsed_seconds": 0.0, "item_count": 1941}
{"event": "COMPACT_RUNTIME_HASH", "boundary": "end", "elapsed_seconds": 0.27164434222504497, "item_count": 1941}
{"event": "COMPACT_TIMING", "stage": "images_outputs", "boundary": "end", "role": "gallery", "batch_start": 1120, "batch_size": 32, "seconds": 330.6443632482551}
{"event": "COMPACT_TIMING", "stage": "images_outputs", "boundary": "begin", "role": "gallery", "batch_start": 1152, "batch_size": 32, "seconds": 330.64739063801244}
{"event": "COMPACT_RUNTIME_HASH", "boundary": "begin", "elapsed_seconds": 0.0, "item_count": 1941}
{"event": "COMPACT_RUNTIME_HASH", "boundary": "end", "elapsed_seconds": 0.3095484869554639, "item_count": 1941}
{"event": "COMPACT_TIMING", "stage": "images_outputs", "boundary": "end", "role": "gallery", "batch_start": 1152, "batch_size": 32, "seconds": 331.7428124481812}
{"event": "COMPACT_TIMING", "stage": "images_outputs", "boundary": "begin", "role": "gallery", "batch_start": 1184, "batch_size": 32, "seconds": 331.7446383354254}
{"event": "COMPACT_RUNTIME_HASH", "boundary": "begin", "elapsed_seconds": 0.0, "item_count": 1941}
{"event": "COMPACT_RUNTIME_HASH", "boundary": "end", "elapsed_seconds": 0.29050141479820013, "item_count": 1941}
{"event": "COMPACT_TIMING", "stage": "images_outputs", "boundary": "end", "role": "gallery", "batch_start": 1184, "batch_size": 32, "seconds": 332.8021543510258}
{"event": "COMPACT_TIMING", "stage": "images_outputs", "boundary": "begin", "role": "gallery", "batch_start": 1216, "batch_size": 32, "seconds": 332.803558669053}
{"event": "COMPACT_RUNTIME_HASH", "boundary": "begin", "elapsed_seconds": 0.0, "item_count": 1941}
{"event": "COMPACT_RUNTIME_HASH", "boundary": "end", "elapsed_seconds": 0.28387303510680795, "item_count": 1941}
{"event": "COMPACT_TIMING", "stage": "images_outputs", "boundary": "end", "role": "gallery", "batch_start": 1216, "batch_size": 32, "seconds": 333.8421438364312}
{"event": "COMPACT_TIMING", "stage": "images_outputs", "boundary": "begin", "role": "gallery", "batch_start": 1248, "batch_size": 32, "seconds": 333.84404441015795}
{"event": "COMPACT_RUNTIME_HASH", "boundary": "begin", "elapsed_seconds": 0.0, "item_count": 1941}
{"event": "COMPACT_RUNTIME_HASH", "boundary": "end", "elapsed_seconds": 0.30332983611151576, "item_count": 1941}
{"event": "COMPACT_TIMING", "stage": "images_outputs", "boundary": "end", "role": "gallery", "batch_start": 1248, "batch_size": 32, "seconds": 334.9131460962817}
{"event": "COMPACT_TIMING", "stage": "images_outputs", "boundary": "begin", "role": "gallery", "batch_start": 1280, "batch_size": 32, "seconds": 334.91379692731425}
{"event": "COMPACT_RUNTIME_HASH", "boundary": "begin", "elapsed_seconds": 0.0, "item_count": 1941}
{"event": "COMPACT_RUNTIME_HASH", "boundary": "end", "elapsed_seconds": 0.3013660139404237, "item_count": 1941}
{"event": "COMPACT_TIMING", "stage": "images_outputs", "boundary": "end", "role": "gallery", "batch_start": 1280, "batch_size": 32, "seconds": 335.9695752141997}
{"event": "COMPACT_TIMING", "stage": "images_outputs", "boundary": "begin", "role": "gallery", "batch_start": 1312, "batch_size": 32, "seconds": 335.9707451011054}
{"event": "COMPACT_RUNTIME_HASH", "boundary": "begin", "elapsed_seconds": 0.0, "item_count": 1941}
{"event": "COMPACT_RUNTIME_HASH", "boundary": "end", "elapsed_seconds": 0.29228189308196306, "item_count": 1941}
{"event": "COMPACT_TIMING", "stage": "images_outputs", "boundary": "end", "role": "gallery", "batch_start": 1312, "batch_size": 32, "seconds": 337.1535458290018}
{"event": "COMPACT_TIMING", "stage": "images_outputs", "boundary": "begin", "role": "gallery", "batch_start": 1344, "batch_size": 32, "seconds": 337.1550819883123}
{"event": "COMPACT_RUNTIME_HASH", "boundary": "begin", "elapsed_seconds": 0.0, "item_count": 1941}
{"event": "COMPACT_RUNTIME_HASH", "boundary": "end", "elapsed_seconds": 0.32555040903389454, "item_count": 1941}
{"event": "COMPACT_TIMING", "stage": "images_outputs", "boundary": "end", "role": "gallery", "batch_start": 1344, "batch_size": 32, "seconds": 338.24011721042916}
{"event": "COMPACT_TIMING", "stage": "images_outputs", "boundary": "begin", "role": "gallery", "batch_start": 1376, "batch_size": 32, "seconds": 338.24136975221336}
{"event": "COMPACT_RUNTIME_HASH", "boundary": "begin", "elapsed_seconds": 0.0, "item_count": 1941}
{"event": "COMPACT_RUNTIME_HASH", "boundary": "end", "elapsed_seconds": 0.3593072150833905, "item_count": 1941}
{"event": "COMPACT_TIMING", "stage": "images_outputs", "boundary": "end", "role": "gallery", "batch_start": 1376, "batch_size": 32, "seconds": 339.39107221737504}
{"event": "COMPACT_TIMING", "stage": "images_outputs", "boundary": "begin", "role": "gallery", "batch_start": 1408, "batch_size": 32, "seconds": 339.39310320839286}
{"event": "COMPACT_RUNTIME_HASH", "boundary": "begin", "elapsed_seconds": 0.0, "item_count": 1941}
{"event": "COMPACT_RUNTIME_HASH", "boundary": "end", "elapsed_seconds": 0.32405812200158834, "item_count": 1941}
{"event": "COMPACT_TIMING", "stage": "images_outputs", "boundary": "end", "role": "gallery", "batch_start": 1408, "batch_size": 32, "seconds": 340.48294138442725}
{"event": "COMPACT_TIMING", "stage": "images_outputs", "boundary": "begin", "role": "gallery", "batch_start": 1440, "batch_size": 32, "seconds": 340.4850526303053}
{"event": "COMPACT_RUNTIME_HASH", "boundary": "begin", "elapsed_seconds": 0.0, "item_count": 1941}
{"event": "COMPACT_RUNTIME_HASH", "boundary": "end", "elapsed_seconds": 0.309820294380188, "item_count": 1941}
{"event": "COMPACT_TIMING", "stage": "images_outputs", "boundary": "end", "role": "gallery", "batch_start": 1440, "batch_size": 32, "seconds": 341.5591520671733}
{"event": "COMPACT_TIMING", "stage": "images_outputs", "boundary": "begin", "role": "gallery", "batch_start": 1472, "batch_size": 32, "seconds": 341.5597618422471}
{"event": "COMPACT_RUNTIME_HASH", "boundary": "begin", "elapsed_seconds": 0.0, "item_count": 1941}
{"event": "COMPACT_RUNTIME_HASH", "boundary": "end", "elapsed_seconds": 0.3596297730691731, "item_count": 1941}
{"event": "COMPACT_TIMING", "stage": "images_outputs", "boundary": "end", "role": "gallery", "batch_start": 1472, "batch_size": 32, "seconds": 342.6699240482412}
{"event": "COMPACT_TIMING", "stage": "images_outputs", "boundary": "begin", "role": "gallery", "batch_start": 1504, "batch_size": 32, "seconds": 342.6706919684075}
{"event": "COMPACT_RUNTIME_HASH", "boundary": "begin", "elapsed_seconds": 0.0, "item_count": 1941}
{"event": "COMPACT_RUNTIME_HASH", "boundary": "end", "elapsed_seconds": 0.28314481070265174, "item_count": 1941}
{"event": "COMPACT_TIMING", "stage": "images_outputs", "boundary": "end", "role": "gallery", "batch_start": 1504, "batch_size": 32, "seconds": 343.70280668418854}
{"event": "COMPACT_TIMING", "stage": "images_outputs", "boundary": "begin", "role": "gallery", "batch_start": 1536, "batch_size": 32, "seconds": 343.7048548432067}
{"event": "COMPACT_RUNTIME_HASH", "boundary": "begin", "elapsed_seconds": 0.0, "item_count": 1941}
{"event": "COMPACT_RUNTIME_HASH", "boundary": "end", "elapsed_seconds": 0.3140936018899083, "item_count": 1941}
{"event": "COMPACT_TIMING", "stage": "images_outputs", "boundary": "end", "role": "gallery", "batch_start": 1536, "batch_size": 32, "seconds": 344.7959541832097}
{"event": "COMPACT_TIMING", "stage": "images_outputs", "boundary": "begin", "role": "gallery", "batch_start": 1568, "batch_size": 32, "seconds": 344.79716378217563}
{"event": "COMPACT_RUNTIME_HASH", "boundary": "begin", "elapsed_seconds": 0.0, "item_count": 1941}
{"event": "COMPACT_RUNTIME_HASH", "boundary": "end", "elapsed_seconds": 0.319637437351048, "item_count": 1941}
{"event": "COMPACT_TIMING", "stage": "images_outputs", "boundary": "end", "role": "gallery", "batch_start": 1568, "batch_size": 32, "seconds": 345.88782820943743}
{"event": "COMPACT_TIMING", "stage": "images_outputs", "boundary": "begin", "role": "gallery", "batch_start": 1600, "batch_size": 32, "seconds": 345.8900518231094}
{"event": "COMPACT_RUNTIME_HASH", "boundary": "begin", "elapsed_seconds": 0.0, "item_count": 1941}
{"event": "COMPACT_RUNTIME_HASH", "boundary": "end", "elapsed_seconds": 0.3163034557364881, "item_count": 1941}
{"event": "COMPACT_TIMING", "stage": "images_outputs", "boundary": "end", "role": "gallery", "batch_start": 1600, "batch_size": 32, "seconds": 346.95762898912653}
{"event": "COMPACT_TIMING", "stage": "images_outputs", "boundary": "begin", "role": "gallery", "batch_start": 1632, "batch_size": 32, "seconds": 346.9591980120167}
{"event": "COMPACT_RUNTIME_HASH", "boundary": "begin", "elapsed_seconds": 0.0, "item_count": 1941}
{"event": "COMPACT_RUNTIME_HASH", "boundary": "end", "elapsed_seconds": 0.281607483047992, "item_count": 1941}
{"event": "COMPACT_TIMING", "stage": "images_outputs", "boundary": "end", "role": "gallery", "batch_start": 1632, "batch_size": 32, "seconds": 347.9936567391269}
{"event": "COMPACT_TIMING", "stage": "images_outputs", "boundary": "begin", "role": "gallery", "batch_start": 1664, "batch_size": 32, "seconds": 347.99526736233383}
{"event": "COMPACT_RUNTIME_HASH", "boundary": "begin", "elapsed_seconds": 0.0, "item_count": 1941}
{"event": "COMPACT_RUNTIME_HASH", "boundary": "end", "elapsed_seconds": 0.3224494499154389, "item_count": 1941}
{"event": "COMPACT_TIMING", "stage": "images_outputs", "boundary": "end", "role": "gallery", "batch_start": 1664, "batch_size": 32, "seconds": 349.07286325423047}
{"event": "COMPACT_TIMING", "stage": "images_outputs", "boundary": "begin", "role": "gallery", "batch_start": 1696, "batch_size": 19, "seconds": 349.0749197960831}
{"event": "COMPACT_RUNTIME_HASH", "boundary": "begin", "elapsed_seconds": 0.0, "item_count": 1941}
{"event": "COMPACT_RUNTIME_HASH", "boundary": "end", "elapsed_seconds": 0.2778628137893975, "item_count": 1941}
{"event": "COMPACT_TIMING", "stage": "images_outputs", "boundary": "end", "role": "gallery", "batch_start": 1696, "batch_size": 19, "seconds": 350.0835373592563}
{"event": "COMPACT_TIMING", "stage": "export_pass", "boundary": "end", "pass_index": 0, "seconds": 350.0879708924331}
{"event": "COMPACT_TIMING", "stage": "postpass_endpoint_facts", "boundary": "begin", "pass_index": 0, "seconds": 350.0880356123671}
{"event": "COMPACT_TIMING", "stage": "postpass_endpoint_facts", "boundary": "end", "pass_index": 0, "seconds": 350.98808195116}
{"event": "COMPACT_TIMING", "stage": "postpass_audit", "boundary": "begin", "pass_index": 0, "seconds": 350.988119663205}
{"event": "COMPACT_TIMING", "stage": "postpass_audit", "boundary": "end", "pass_index": 0, "seconds": 358.7211269112304}
{"event": "COMPACT_TIMING", "stage": "loader", "boundary": "begin", "pass_index": 1, "seconds": 358.94244912918657}
{"event": "COMPACT_RUNTIME_HASH", "boundary": "begin", "elapsed_seconds": 0.0, "item_count": 1941}
{"event": "COMPACT_RUNTIME_HASH", "boundary": "end", "elapsed_seconds": 0.3308283369988203, "item_count": 1941}
{"event": "COMPACT_TIMING", "stage": "loader", "boundary": "end", "pass_index": 1, "seconds": 370.8962271041237}
{"event": "COMPACT_TIMING", "stage": "endpoint_facts", "boundary": "begin", "pass_index": 1, "seconds": 370.89627619227394}
{"event": "COMPACT_TIMING", "stage": "endpoint_facts", "boundary": "end", "pass_index": 1, "seconds": 371.97945942310616}
{"event": "COMPACT_TIMING", "stage": "witness", "boundary": "begin", "pass_index": 1, "seconds": 371.9794925590977}
{"event": "COMPACT_RUNTIME_HASH", "boundary": "begin", "elapsed_seconds": 0.0, "item_count": 1941}
{"event": "COMPACT_RUNTIME_HASH", "boundary": "end", "elapsed_seconds": 0.3606344531290233, "item_count": 1941}
{"event": "COMPACT_TIMING", "stage": "witness", "boundary": "end", "pass_index": 1, "seconds": 373.07296563731506}
{"event": "COMPACT_TIMING", "stage": "diagnostic", "boundary": "begin", "pass_index": 1, "seconds": 373.07303387718275}
{"event": "COMPACT_RUNTIME_HASH", "boundary": "begin", "elapsed_seconds": 0.0, "item_count": 1941}
{"event": "COMPACT_RUNTIME_HASH", "boundary": "end", "elapsed_seconds": 0.31559015391394496, "item_count": 1941}
{"event": "COMPACT_RUNTIME_HASH", "boundary": "begin", "elapsed_seconds": 0.0, "item_count": 1941}
{"event": "COMPACT_RUNTIME_HASH", "boundary": "end", "elapsed_seconds": 0.2890392323024571, "item_count": 1941}
{"event": "COMPACT_RUNTIME_HASH", "boundary": "begin", "elapsed_seconds": 0.0, "item_count": 1941}
{"event": "COMPACT_RUNTIME_HASH", "boundary": "end", "elapsed_seconds": 0.3343460741452873, "item_count": 1941}
{"event": "COMPACT_RUNTIME_HASH", "boundary": "begin", "elapsed_seconds": 0.0, "item_count": 1941}
{"event": "COMPACT_RUNTIME_HASH", "boundary": "end", "elapsed_seconds": 0.28198509383946657, "item_count": 1941}
{"event": "COMPACT_RUNTIME_HASH", "boundary": "begin", "elapsed_seconds": 0.0, "item_count": 1941}
{"event": "COMPACT_RUNTIME_HASH", "boundary": "end", "elapsed_seconds": 0.2992421668022871, "item_count": 1941}
{"event": "COMPACT_RUNTIME_HASH", "boundary": "begin", "elapsed_seconds": 0.0, "item_count": 1941}
{"event": "COMPACT_RUNTIME_HASH", "boundary": "end", "elapsed_seconds": 0.2953835786320269, "item_count": 1941}
{"event": "COMPACT_RUNTIME_HASH", "boundary": "begin", "elapsed_seconds": 0.0, "item_count": 1941}
{"event": "COMPACT_RUNTIME_HASH", "boundary": "end", "elapsed_seconds": 0.32250656420364976, "item_count": 1941}
{"event": "COMPACT_RUNTIME_HASH", "boundary": "begin", "elapsed_seconds": 0.0, "item_count": 1941}
{"event": "COMPACT_RUNTIME_HASH", "boundary": "end", "elapsed_seconds": 0.27960751112550497, "item_count": 1941}
{"event": "COMPACT_RUNTIME_HASH", "boundary": "begin", "elapsed_seconds": 0.0, "item_count": 1941}
{"event": "COMPACT_RUNTIME_HASH", "boundary": "end", "elapsed_seconds": 0.3056610422208905, "item_count": 1941}
{"event": "COMPACT_RUNTIME_HASH", "boundary": "begin", "elapsed_seconds": 0.0, "item_count": 1941}
{"event": "COMPACT_RUNTIME_HASH", "boundary": "end", "elapsed_seconds": 0.43641862785443664, "item_count": 1941}
{"event": "COMPACT_RUNTIME_HASH", "boundary": "begin", "elapsed_seconds": 0.0, "item_count": 1941}
{"event": "COMPACT_RUNTIME_HASH", "boundary": "end", "elapsed_seconds": 0.2939915950410068, "item_count": 1941}
{"event": "COMPACT_RUNTIME_HASH", "boundary": "begin", "elapsed_seconds": 0.0, "item_count": 1941}
{"event": "COMPACT_RUNTIME_HASH", "boundary": "end", "elapsed_seconds": 0.2982864393852651, "item_count": 1941}
{"event": "COMPACT_TIMING", "stage": "diagnostic", "boundary": "end", "pass_index": 1, "seconds": 382.2680806410499}
{"event": "COMPACT_TIMING", "stage": "export_pass", "boundary": "begin", "pass_index": 1, "seconds": 382.26810256112367}
{"event": "COMPACT_TIMING", "stage": "images_outputs", "boundary": "begin", "role": "query", "batch_start": 0, "batch_size": 32, "seconds": 382.26812228932977}
{"event": "COMPACT_RUNTIME_HASH", "boundary": "begin", "elapsed_seconds": 0.0, "item_count": 1941}
{"event": "COMPACT_RUNTIME_HASH", "boundary": "end", "elapsed_seconds": 0.2959818169474602, "item_count": 1941}
{"event": "COMPACT_TIMING", "stage": "images_outputs", "boundary": "end", "role": "query", "batch_start": 0, "batch_size": 32, "seconds": 383.6973497993313}
{"event": "COMPACT_TIMING", "stage": "images_outputs", "boundary": "begin", "role": "query", "batch_start": 32, "batch_size": 32, "seconds": 383.6985943103209}
{"event": "COMPACT_RUNTIME_HASH", "boundary": "begin", "elapsed_seconds": 0.0, "item_count": 1941}
{"event": "COMPACT_RUNTIME_HASH", "boundary": "end", "elapsed_seconds": 0.29321911465376616, "item_count": 1941}
{"event": "COMPACT_TIMING", "stage": "images_outputs", "boundary": "end", "role": "query", "batch_start": 32, "batch_size": 32, "seconds": 384.74306071642786}
{"event": "COMPACT_TIMING", "stage": "images_outputs", "boundary": "begin", "role": "query", "batch_start": 64, "batch_size": 32, "seconds": 384.7451757872477}
{"event": "COMPACT_RUNTIME_HASH", "boundary": "begin", "elapsed_seconds": 0.0, "item_count": 1941}
{"event": "COMPACT_RUNTIME_HASH", "boundary": "end", "elapsed_seconds": 0.27002116618677974, "item_count": 1941}
{"event": "COMPACT_TIMING", "stage": "images_outputs", "boundary": "end", "role": "query", "batch_start": 64, "batch_size": 32, "seconds": 385.75461679836735}
{"event": "COMPACT_TIMING", "stage": "images_outputs", "boundary": "begin", "role": "query", "batch_start": 96, "batch_size": 32, "seconds": 385.7560792933218}
{"event": "COMPACT_RUNTIME_HASH", "boundary": "begin", "elapsed_seconds": 0.0, "item_count": 1941}
{"event": "COMPACT_RUNTIME_HASH", "boundary": "end", "elapsed_seconds": 0.34305497677996755, "item_count": 1941}
{"event": "COMPACT_TIMING", "stage": "images_outputs", "boundary": "end", "role": "query", "batch_start": 96, "batch_size": 32, "seconds": 386.8404632480815}
{"event": "COMPACT_TIMING", "stage": "images_outputs", "boundary": "begin", "role": "query", "batch_start": 128, "batch_size": 32, "seconds": 386.8421195191331}
{"event": "COMPACT_RUNTIME_HASH", "boundary": "begin", "elapsed_seconds": 0.0, "item_count": 1941}
{"event": "COMPACT_RUNTIME_HASH", "boundary": "end", "elapsed_seconds": 0.35238643968477845, "item_count": 1941}
{"event": "COMPACT_TIMING", "stage": "images_outputs", "boundary": "end", "role": "query", "batch_start": 128, "batch_size": 32, "seconds": 387.93932021502405}
{"event": "COMPACT_TIMING", "stage": "images_outputs", "boundary": "begin", "role": "query", "batch_start": 160, "batch_size": 32, "seconds": 387.9405289660208}
{"event": "COMPACT_RUNTIME_HASH", "boundary": "begin", "elapsed_seconds": 0.0, "item_count": 1941}
{"event": "COMPACT_RUNTIME_HASH", "boundary": "end", "elapsed_seconds": 0.31317581702023745, "item_count": 1941}
{"event": "COMPACT_TIMING", "stage": "images_outputs", "boundary": "end", "role": "query", "batch_start": 160, "batch_size": 32, "seconds": 389.0039354180917}
{"event": "COMPACT_TIMING", "stage": "images_outputs", "boundary": "begin", "role": "query", "batch_start": 192, "batch_size": 32, "seconds": 389.0052215931937}
{"event": "COMPACT_RUNTIME_HASH", "boundary": "begin", "elapsed_seconds": 0.0, "item_count": 1941}
{"event": "COMPACT_RUNTIME_HASH", "boundary": "end", "elapsed_seconds": 0.45387014700099826, "item_count": 1941}
{"event": "COMPACT_TIMING", "stage": "images_outputs", "boundary": "end", "role": "query", "batch_start": 192, "batch_size": 32, "seconds": 390.2251118971035}
{"event": "COMPACT_TIMING", "stage": "images_outputs", "boundary": "begin", "role": "query", "batch_start": 224, "batch_size": 32, "seconds": 390.2271715430543}
{"event": "COMPACT_RUNTIME_HASH", "boundary": "begin", "elapsed_seconds": 0.0, "item_count": 1941}
{"event": "COMPACT_RUNTIME_HASH", "boundary": "end", "elapsed_seconds": 0.29916670825332403, "item_count": 1941}
{"event": "COMPACT_TIMING", "stage": "images_outputs", "boundary": "end", "role": "query", "batch_start": 224, "batch_size": 32, "seconds": 391.26362427230924}
{"event": "COMPACT_TIMING", "stage": "images_outputs", "boundary": "begin", "role": "query", "batch_start": 256, "batch_size": 32, "seconds": 391.2654244140722}
{"event": "COMPACT_RUNTIME_HASH", "boundary": "begin", "elapsed_seconds": 0.0, "item_count": 1941}
{"event": "COMPACT_RUNTIME_HASH", "boundary": "end", "elapsed_seconds": 0.35514255007728934, "item_count": 1941}
{"event": "COMPACT_TIMING", "stage": "images_outputs", "boundary": "end", "role": "query", "batch_start": 256, "batch_size": 32, "seconds": 392.38185720331967}
{"event": "COMPACT_TIMING", "stage": "images_outputs", "boundary": "begin", "role": "query", "batch_start": 288, "batch_size": 32, "seconds": 392.3839262421243}
{"event": "COMPACT_RUNTIME_HASH", "boundary": "begin", "elapsed_seconds": 0.0, "item_count": 1941}
{"event": "COMPACT_RUNTIME_HASH", "boundary": "end", "elapsed_seconds": 0.32570169400423765, "item_count": 1941}
{"event": "COMPACT_TIMING", "stage": "images_outputs", "boundary": "end", "role": "query", "batch_start": 288, "batch_size": 32, "seconds": 393.4694711039774}
{"event": "COMPACT_TIMING", "stage": "images_outputs", "boundary": "begin", "role": "query", "batch_start": 320, "batch_size": 32, "seconds": 393.47092919936404}
{"event": "COMPACT_RUNTIME_HASH", "boundary": "begin", "elapsed_seconds": 0.0, "item_count": 1941}
{"event": "COMPACT_RUNTIME_HASH", "boundary": "end", "elapsed_seconds": 0.2948362799361348, "item_count": 1941}
{"event": "COMPACT_TIMING", "stage": "images_outputs", "boundary": "end", "role": "query", "batch_start": 320, "batch_size": 32, "seconds": 394.5160725740716}
{"event": "COMPACT_TIMING", "stage": "images_outputs", "boundary": "begin", "role": "query", "batch_start": 352, "batch_size": 32, "seconds": 394.517933213152}
{"event": "COMPACT_RUNTIME_HASH", "boundary": "begin", "elapsed_seconds": 0.0, "item_count": 1941}
{"event": "COMPACT_RUNTIME_HASH", "boundary": "end", "elapsed_seconds": 0.28768204571679235, "item_count": 1941}
{"event": "COMPACT_TIMING", "stage": "images_outputs", "boundary": "end", "role": "query", "batch_start": 352, "batch_size": 32, "seconds": 395.5449431790039}
{"event": "COMPACT_TIMING", "stage": "images_outputs", "boundary": "begin", "role": "query", "batch_start": 384, "batch_size": 32, "seconds": 395.5458855140023}
{"event": "COMPACT_RUNTIME_HASH", "boundary": "begin", "elapsed_seconds": 0.0, "item_count": 1941}
{"event": "COMPACT_RUNTIME_HASH", "boundary": "end", "elapsed_seconds": 0.3088693870231509, "item_count": 1941}
{"event": "COMPACT_TIMING", "stage": "images_outputs", "boundary": "end", "role": "query", "batch_start": 384, "batch_size": 32, "seconds": 396.5982151860371}
{"event": "COMPACT_TIMING", "stage": "images_outputs", "boundary": "begin", "role": "query", "batch_start": 416, "batch_size": 32, "seconds": 396.5998477609828}
{"event": "COMPACT_RUNTIME_HASH", "boundary": "begin", "elapsed_seconds": 0.0, "item_count": 1941}
{"event": "COMPACT_RUNTIME_HASH", "boundary": "end", "elapsed_seconds": 0.32512841327115893, "item_count": 1941}
{"event": "COMPACT_TIMING", "stage": "images_outputs", "boundary": "end", "role": "query", "batch_start": 416, "batch_size": 32, "seconds": 397.6893357853405}
{"event": "COMPACT_TIMING", "stage": "images_outputs", "boundary": "begin", "role": "query", "batch_start": 448, "batch_size": 32, "seconds": 397.6904530641623}
{"event": "COMPACT_RUNTIME_HASH", "boundary": "begin", "elapsed_seconds": 0.0, "item_count": 1941}
{"event": "COMPACT_RUNTIME_HASH", "boundary": "end", "elapsed_seconds": 0.3331450787372887, "item_count": 1941}
{"event": "COMPACT_TIMING", "stage": "images_outputs", "boundary": "end", "role": "query", "batch_start": 448, "batch_size": 32, "seconds": 398.773628085386}
{"event": "COMPACT_TIMING", "stage": "images_outputs", "boundary": "begin", "role": "query", "batch_start": 480, "batch_size": 32, "seconds": 398.77504904428497}
{"event": "COMPACT_RUNTIME_HASH", "boundary": "begin", "elapsed_seconds": 0.0, "item_count": 1941}
{"event": "COMPACT_RUNTIME_HASH", "boundary": "end", "elapsed_seconds": 0.28740150202065706, "item_count": 1941}
{"event": "COMPACT_TIMING", "stage": "images_outputs", "boundary": "end", "role": "query", "batch_start": 480, "batch_size": 32, "seconds": 399.8175684660673}
{"event": "COMPACT_TIMING", "stage": "images_outputs", "boundary": "begin", "role": "query", "batch_start": 512, "batch_size": 32, "seconds": 399.8191936011426}
{"event": "COMPACT_RUNTIME_HASH", "boundary": "begin", "elapsed_seconds": 0.0, "item_count": 1941}
{"event": "COMPACT_RUNTIME_HASH", "boundary": "end", "elapsed_seconds": 0.2767990939319134, "item_count": 1941}
{"event": "COMPACT_TIMING", "stage": "images_outputs", "boundary": "end", "role": "query", "batch_start": 512, "batch_size": 32, "seconds": 400.85703061008826}
{"event": "COMPACT_TIMING", "stage": "images_outputs", "boundary": "begin", "role": "query", "batch_start": 544, "batch_size": 32, "seconds": 400.8593465122394}
{"event": "COMPACT_RUNTIME_HASH", "boundary": "begin", "elapsed_seconds": 0.0, "item_count": 1941}
{"event": "COMPACT_RUNTIME_HASH", "boundary": "end", "elapsed_seconds": 0.2769909016788006, "item_count": 1941}
{"event": "COMPACT_TIMING", "stage": "images_outputs", "boundary": "end", "role": "query", "batch_start": 544, "batch_size": 32, "seconds": 401.8772274903022}
{"event": "COMPACT_TIMING", "stage": "images_outputs", "boundary": "begin", "role": "query", "batch_start": 576, "batch_size": 32, "seconds": 401.8789426893927}
{"event": "COMPACT_RUNTIME_HASH", "boundary": "begin", "elapsed_seconds": 0.0, "item_count": 1941}
{"event": "COMPACT_RUNTIME_HASH", "boundary": "end", "elapsed_seconds": 0.4427534332498908, "item_count": 1941}
{"event": "COMPACT_TIMING", "stage": "images_outputs", "boundary": "end", "role": "query", "batch_start": 576, "batch_size": 32, "seconds": 403.08276746142656}
{"event": "COMPACT_TIMING", "stage": "images_outputs", "boundary": "begin", "role": "query", "batch_start": 608, "batch_size": 32, "seconds": 403.084776643198}
{"event": "COMPACT_RUNTIME_HASH", "boundary": "begin", "elapsed_seconds": 0.0, "item_count": 1941}
{"event": "COMPACT_RUNTIME_HASH", "boundary": "end", "elapsed_seconds": 0.3102190331555903, "item_count": 1941}
{"event": "COMPACT_TIMING", "stage": "images_outputs", "boundary": "end", "role": "query", "batch_start": 608, "batch_size": 32, "seconds": 404.15383301628754}
{"event": "COMPACT_TIMING", "stage": "images_outputs", "boundary": "begin", "role": "query", "batch_start": 640, "batch_size": 32, "seconds": 404.1560872863047}
{"event": "COMPACT_RUNTIME_HASH", "boundary": "begin", "elapsed_seconds": 0.0, "item_count": 1941}
{"event": "COMPACT_RUNTIME_HASH", "boundary": "end", "elapsed_seconds": 0.34858045587316155, "item_count": 1941}
{"event": "COMPACT_TIMING", "stage": "images_outputs", "boundary": "end", "role": "query", "batch_start": 640, "batch_size": 32, "seconds": 405.2619122671895}
{"event": "COMPACT_TIMING", "stage": "images_outputs", "boundary": "begin", "role": "query", "batch_start": 672, "batch_size": 32, "seconds": 405.2628149869852}
{"event": "COMPACT_RUNTIME_HASH", "boundary": "begin", "elapsed_seconds": 0.0, "item_count": 1941}
{"event": "COMPACT_RUNTIME_HASH", "boundary": "end", "elapsed_seconds": 0.3253104439936578, "item_count": 1941}
{"event": "COMPACT_TIMING", "stage": "images_outputs", "boundary": "end", "role": "query", "batch_start": 672, "batch_size": 32, "seconds": 406.33044223999605}
{"event": "COMPACT_TIMING", "stage": "images_outputs", "boundary": "begin", "role": "query", "batch_start": 704, "batch_size": 32, "seconds": 406.33237766241655}
{"event": "COMPACT_RUNTIME_HASH", "boundary": "begin", "elapsed_seconds": 0.0, "item_count": 1941}
{"event": "COMPACT_RUNTIME_HASH", "boundary": "end", "elapsed_seconds": 0.33689635526388884, "item_count": 1941}
{"event": "COMPACT_TIMING", "stage": "images_outputs", "boundary": "end", "role": "query", "batch_start": 704, "batch_size": 32, "seconds": 407.4226566073485}
{"event": "COMPACT_TIMING", "stage": "images_outputs", "boundary": "begin", "role": "query", "batch_start": 736, "batch_size": 32, "seconds": 407.42429188638926}
{"event": "COMPACT_RUNTIME_HASH", "boundary": "begin", "elapsed_seconds": 0.0, "item_count": 1941}
{"event": "COMPACT_RUNTIME_HASH", "boundary": "end", "elapsed_seconds": 0.299211953766644, "item_count": 1941}
{"event": "COMPACT_TIMING", "stage": "images_outputs", "boundary": "end", "role": "query", "batch_start": 736, "batch_size": 32, "seconds": 408.48544927034527}
{"event": "COMPACT_TIMING", "stage": "images_outputs", "boundary": "begin", "role": "query", "batch_start": 768, "batch_size": 32, "seconds": 408.48683755705133}
{"event": "COMPACT_RUNTIME_HASH", "boundary": "begin", "elapsed_seconds": 0.0, "item_count": 1941}
{"event": "COMPACT_RUNTIME_HASH", "boundary": "end", "elapsed_seconds": 0.3209055820479989, "item_count": 1941}
{"event": "COMPACT_TIMING", "stage": "images_outputs", "boundary": "end", "role": "query", "batch_start": 768, "batch_size": 32, "seconds": 409.5602082433179}
{"event": "COMPACT_TIMING", "stage": "images_outputs", "boundary": "begin", "role": "query", "batch_start": 800, "batch_size": 32, "seconds": 409.5615543220192}
{"event": "COMPACT_RUNTIME_HASH", "boundary": "begin", "elapsed_seconds": 0.0, "item_count": 1941}
{"event": "COMPACT_RUNTIME_HASH", "boundary": "end", "elapsed_seconds": 0.3205624297261238, "item_count": 1941}
{"event": "COMPACT_TIMING", "stage": "images_outputs", "boundary": "end", "role": "query", "batch_start": 800, "batch_size": 32, "seconds": 410.6268685022369}
{"event": "COMPACT_TIMING", "stage": "images_outputs", "boundary": "begin", "role": "query", "batch_start": 832, "batch_size": 32, "seconds": 410.6285597970709}
{"event": "COMPACT_RUNTIME_HASH", "boundary": "begin", "elapsed_seconds": 0.0, "item_count": 1941}
{"event": "COMPACT_RUNTIME_HASH", "boundary": "end", "elapsed_seconds": 0.34858312690630555, "item_count": 1941}
{"event": "COMPACT_TIMING", "stage": "images_outputs", "boundary": "end", "role": "query", "batch_start": 832, "batch_size": 32, "seconds": 411.7353446772322}
{"event": "COMPACT_TIMING", "stage": "images_outputs", "boundary": "begin", "role": "query", "batch_start": 864, "batch_size": 32, "seconds": 411.73613858036697}
{"event": "COMPACT_RUNTIME_HASH", "boundary": "begin", "elapsed_seconds": 0.0, "item_count": 1941}
{"event": "COMPACT_RUNTIME_HASH", "boundary": "end", "elapsed_seconds": 0.33132570097222924, "item_count": 1941}
{"event": "COMPACT_TIMING", "stage": "images_outputs", "boundary": "end", "role": "query", "batch_start": 864, "batch_size": 32, "seconds": 412.80971468798816}
{"event": "COMPACT_TIMING", "stage": "images_outputs", "boundary": "begin", "role": "query", "batch_start": 896, "batch_size": 32, "seconds": 412.81087273498997}
{"event": "COMPACT_RUNTIME_HASH", "boundary": "begin", "elapsed_seconds": 0.0, "item_count": 1941}
{"event": "COMPACT_RUNTIME_HASH", "boundary": "end", "elapsed_seconds": 0.3394806059077382, "item_count": 1941}
{"event": "COMPACT_TIMING", "stage": "images_outputs", "boundary": "end", "role": "query", "batch_start": 896, "batch_size": 32, "seconds": 413.9037468251772}
{"event": "COMPACT_TIMING", "stage": "images_outputs", "boundary": "begin", "role": "query", "batch_start": 928, "batch_size": 32, "seconds": 413.9045869852416}
{"event": "COMPACT_RUNTIME_HASH", "boundary": "begin", "elapsed_seconds": 0.0, "item_count": 1941}
{"event": "COMPACT_RUNTIME_HASH", "boundary": "end", "elapsed_seconds": 0.46426475513726473, "item_count": 1941}
{"event": "COMPACT_TIMING", "stage": "images_outputs", "boundary": "end", "role": "query", "batch_start": 928, "batch_size": 32, "seconds": 415.1182305230759}
{"event": "COMPACT_TIMING", "stage": "images_outputs", "boundary": "begin", "role": "query", "batch_start": 960, "batch_size": 32, "seconds": 415.11948514636606}
{"event": "COMPACT_RUNTIME_HASH", "boundary": "begin", "elapsed_seconds": 0.0, "item_count": 1941}
{"event": "COMPACT_RUNTIME_HASH", "boundary": "end", "elapsed_seconds": 0.3112687421962619, "item_count": 1941}
{"event": "COMPACT_TIMING", "stage": "images_outputs", "boundary": "end", "role": "query", "batch_start": 960, "batch_size": 32, "seconds": 416.1833892920986}
{"event": "COMPACT_TIMING", "stage": "images_outputs", "boundary": "begin", "role": "query", "batch_start": 992, "batch_size": 32, "seconds": 416.1854207944125}
{"event": "COMPACT_RUNTIME_HASH", "boundary": "begin", "elapsed_seconds": 0.0, "item_count": 1941}
{"event": "COMPACT_RUNTIME_HASH", "boundary": "end", "elapsed_seconds": 0.2798748961649835, "item_count": 1941}
{"event": "COMPACT_TIMING", "stage": "images_outputs", "boundary": "end", "role": "query", "batch_start": 992, "batch_size": 32, "seconds": 417.2135121221654}
{"event": "COMPACT_TIMING", "stage": "images_outputs", "boundary": "begin", "role": "query", "batch_start": 1024, "batch_size": 32, "seconds": 417.21553714433685}
{"event": "COMPACT_RUNTIME_HASH", "boundary": "begin", "elapsed_seconds": 0.0, "item_count": 1941}
{"event": "COMPACT_RUNTIME_HASH", "boundary": "end", "elapsed_seconds": 0.2863454348407686, "item_count": 1941}
{"event": "COMPACT_TIMING", "stage": "images_outputs", "boundary": "end", "role": "query", "batch_start": 1024, "batch_size": 32, "seconds": 418.25095491297543}
{"event": "COMPACT_TIMING", "stage": "images_outputs", "boundary": "begin", "role": "query", "batch_start": 1056, "batch_size": 32, "seconds": 418.25298203201964}
{"event": "COMPACT_RUNTIME_HASH", "boundary": "begin", "elapsed_seconds": 0.0, "item_count": 1941}
{"event": "COMPACT_RUNTIME_HASH", "boundary": "end", "elapsed_seconds": 0.31618975987657905, "item_count": 1941}
{"event": "COMPACT_TIMING", "stage": "images_outputs", "boundary": "end", "role": "query", "batch_start": 1056, "batch_size": 32, "seconds": 419.3291419893503}
{"event": "COMPACT_TIMING", "stage": "images_outputs", "boundary": "begin", "role": "query", "batch_start": 1088, "batch_size": 32, "seconds": 419.33107253117487}
{"event": "COMPACT_RUNTIME_HASH", "boundary": "begin", "elapsed_seconds": 0.0, "item_count": 1941}
{"event": "COMPACT_RUNTIME_HASH", "boundary": "end", "elapsed_seconds": 0.3241900261491537, "item_count": 1941}
{"event": "COMPACT_TIMING", "stage": "images_outputs", "boundary": "end", "role": "query", "batch_start": 1088, "batch_size": 32, "seconds": 420.3982186880894}
{"event": "COMPACT_TIMING", "stage": "images_outputs", "boundary": "begin", "role": "query", "batch_start": 1120, "batch_size": 32, "seconds": 420.39949396718293}
{"event": "COMPACT_RUNTIME_HASH", "boundary": "begin", "elapsed_seconds": 0.0, "item_count": 1941}
{"event": "COMPACT_RUNTIME_HASH", "boundary": "end", "elapsed_seconds": 0.2943084347061813, "item_count": 1941}
{"event": "COMPACT_TIMING", "stage": "images_outputs", "boundary": "end", "role": "query", "batch_start": 1120, "batch_size": 32, "seconds": 421.45787205034867}
{"event": "COMPACT_TIMING", "stage": "images_outputs", "boundary": "begin", "role": "query", "batch_start": 1152, "batch_size": 32, "seconds": 421.45870982529595}
{"event": "COMPACT_RUNTIME_HASH", "boundary": "begin", "elapsed_seconds": 0.0, "item_count": 1941}
{"event": "COMPACT_RUNTIME_HASH", "boundary": "end", "elapsed_seconds": 0.3137812027707696, "item_count": 1941}
{"event": "COMPACT_TIMING", "stage": "images_outputs", "boundary": "end", "role": "query", "batch_start": 1152, "batch_size": 32, "seconds": 422.5408897274174}
{"event": "COMPACT_TIMING", "stage": "images_outputs", "boundary": "begin", "role": "query", "batch_start": 1184, "batch_size": 32, "seconds": 422.54263207828626}
{"event": "COMPACT_RUNTIME_HASH", "boundary": "begin", "elapsed_seconds": 0.0, "item_count": 1941}
{"event": "COMPACT_RUNTIME_HASH", "boundary": "end", "elapsed_seconds": 0.3061331920325756, "item_count": 1941}
{"event": "COMPACT_TIMING", "stage": "images_outputs", "boundary": "end", "role": "query", "batch_start": 1184, "batch_size": 32, "seconds": 423.607621898409}
{"event": "COMPACT_TIMING", "stage": "images_outputs", "boundary": "begin", "role": "query", "batch_start": 1216, "batch_size": 32, "seconds": 423.60920090507716}
{"event": "COMPACT_RUNTIME_HASH", "boundary": "begin", "elapsed_seconds": 0.0, "item_count": 1941}
{"event": "COMPACT_RUNTIME_HASH", "boundary": "end", "elapsed_seconds": 0.5060423649847507, "item_count": 1941}
{"event": "COMPACT_TIMING", "stage": "images_outputs", "boundary": "end", "role": "query", "batch_start": 1216, "batch_size": 32, "seconds": 424.88402295997366}
{"event": "COMPACT_TIMING", "stage": "images_outputs", "boundary": "begin", "role": "query", "batch_start": 1248, "batch_size": 32, "seconds": 424.88573497440666}
{"event": "COMPACT_RUNTIME_HASH", "boundary": "begin", "elapsed_seconds": 0.0, "item_count": 1941}
{"event": "COMPACT_RUNTIME_HASH", "boundary": "end", "elapsed_seconds": 0.28222230123355985, "item_count": 1941}
{"event": "COMPACT_TIMING", "stage": "images_outputs", "boundary": "end", "role": "query", "batch_start": 1248, "batch_size": 32, "seconds": 425.9190680203028}
{"event": "COMPACT_TIMING", "stage": "images_outputs", "boundary": "begin", "role": "query", "batch_start": 1280, "batch_size": 32, "seconds": 425.9205240672454}
{"event": "COMPACT_RUNTIME_HASH", "boundary": "begin", "elapsed_seconds": 0.0, "item_count": 1941}
{"event": "COMPACT_RUNTIME_HASH", "boundary": "end", "elapsed_seconds": 0.2914023888297379, "item_count": 1941}
{"event": "COMPACT_TIMING", "stage": "images_outputs", "boundary": "end", "role": "query", "batch_start": 1280, "batch_size": 32, "seconds": 426.97437789523974}
{"event": "COMPACT_TIMING", "stage": "images_outputs", "boundary": "begin", "role": "query", "batch_start": 1312, "batch_size": 32, "seconds": 426.97560357442126}
{"event": "COMPACT_RUNTIME_HASH", "boundary": "begin", "elapsed_seconds": 0.0, "item_count": 1941}
{"event": "COMPACT_RUNTIME_HASH", "boundary": "end", "elapsed_seconds": 0.2736399080604315, "item_count": 1941}
{"event": "COMPACT_TIMING", "stage": "images_outputs", "boundary": "end", "role": "query", "batch_start": 1312, "batch_size": 32, "seconds": 428.0274454182945}
{"event": "COMPACT_TIMING", "stage": "images_outputs", "boundary": "begin", "role": "query", "batch_start": 1344, "batch_size": 32, "seconds": 428.02874191338196}
{"event": "COMPACT_RUNTIME_HASH", "boundary": "begin", "elapsed_seconds": 0.0, "item_count": 1941}
{"event": "COMPACT_RUNTIME_HASH", "boundary": "end", "elapsed_seconds": 0.28100940492004156, "item_count": 1941}
{"event": "COMPACT_TIMING", "stage": "images_outputs", "boundary": "end", "role": "query", "batch_start": 1344, "batch_size": 32, "seconds": 429.0752635700628}
{"event": "COMPACT_TIMING", "stage": "images_outputs", "boundary": "begin", "role": "query", "batch_start": 1376, "batch_size": 32, "seconds": 429.07666732929647}
{"event": "COMPACT_RUNTIME_HASH", "boundary": "begin", "elapsed_seconds": 0.0, "item_count": 1941}
{"event": "COMPACT_RUNTIME_HASH", "boundary": "end", "elapsed_seconds": 0.3100367411971092, "item_count": 1941}
{"event": "COMPACT_TIMING", "stage": "images_outputs", "boundary": "end", "role": "query", "batch_start": 1376, "batch_size": 32, "seconds": 430.14457541517913}
{"event": "COMPACT_TIMING", "stage": "images_outputs", "boundary": "begin", "role": "query", "batch_start": 1408, "batch_size": 32, "seconds": 430.14622758934274}
{"event": "COMPACT_RUNTIME_HASH", "boundary": "begin", "elapsed_seconds": 0.0, "item_count": 1941}
{"event": "COMPACT_RUNTIME_HASH", "boundary": "end", "elapsed_seconds": 0.3115025470033288, "item_count": 1941}
{"event": "COMPACT_TIMING", "stage": "images_outputs", "boundary": "end", "role": "query", "batch_start": 1408, "batch_size": 32, "seconds": 431.19998813420534}
{"event": "COMPACT_TIMING", "stage": "images_outputs", "boundary": "begin", "role": "query", "batch_start": 1440, "batch_size": 32, "seconds": 431.20168675715104}
{"event": "COMPACT_RUNTIME_HASH", "boundary": "begin", "elapsed_seconds": 0.0, "item_count": 1941}
{"event": "COMPACT_RUNTIME_HASH", "boundary": "end", "elapsed_seconds": 0.3097272049635649, "item_count": 1941}
{"event": "COMPACT_TIMING", "stage": "images_outputs", "boundary": "end", "role": "query", "batch_start": 1440, "batch_size": 32, "seconds": 432.28340233303607}
{"event": "COMPACT_TIMING", "stage": "images_outputs", "boundary": "begin", "role": "query", "batch_start": 1472, "batch_size": 32, "seconds": 432.28549921140075}
{"event": "COMPACT_RUNTIME_HASH", "boundary": "begin", "elapsed_seconds": 0.0, "item_count": 1941}
{"event": "COMPACT_RUNTIME_HASH", "boundary": "end", "elapsed_seconds": 0.3257874296978116, "item_count": 1941}
{"event": "COMPACT_TIMING", "stage": "images_outputs", "boundary": "end", "role": "query", "batch_start": 1472, "batch_size": 32, "seconds": 433.3709962400608}
{"event": "COMPACT_TIMING", "stage": "images_outputs", "boundary": "begin", "role": "query", "batch_start": 1504, "batch_size": 32, "seconds": 433.37266943929717}
{"event": "COMPACT_RUNTIME_HASH", "boundary": "begin", "elapsed_seconds": 0.0, "item_count": 1941}
{"event": "COMPACT_RUNTIME_HASH", "boundary": "end", "elapsed_seconds": 0.3368440759368241, "item_count": 1941}
{"event": "COMPACT_TIMING", "stage": "images_outputs", "boundary": "end", "role": "query", "batch_start": 1504, "batch_size": 32, "seconds": 434.4696124084294}
{"event": "COMPACT_TIMING", "stage": "images_outputs", "boundary": "begin", "role": "query", "batch_start": 1536, "batch_size": 32, "seconds": 434.47094583138824}
{"event": "COMPACT_RUNTIME_HASH", "boundary": "begin", "elapsed_seconds": 0.0, "item_count": 1941}
{"event": "COMPACT_RUNTIME_HASH", "boundary": "end", "elapsed_seconds": 0.44853041088208556, "item_count": 1941}
{"event": "COMPACT_TIMING", "stage": "images_outputs", "boundary": "end", "role": "query", "batch_start": 1536, "batch_size": 32, "seconds": 435.67576939519495}
{"event": "COMPACT_TIMING", "stage": "images_outputs", "boundary": "begin", "role": "query", "batch_start": 1568, "batch_size": 32, "seconds": 435.6768578100018}
{"event": "COMPACT_RUNTIME_HASH", "boundary": "begin", "elapsed_seconds": 0.0, "item_count": 1941}
{"event": "COMPACT_RUNTIME_HASH", "boundary": "end", "elapsed_seconds": 0.3268917966634035, "item_count": 1941}
{"event": "COMPACT_TIMING", "stage": "images_outputs", "boundary": "end", "role": "query", "batch_start": 1568, "batch_size": 32, "seconds": 436.77305383514613}
{"event": "COMPACT_TIMING", "stage": "images_outputs", "boundary": "begin", "role": "query", "batch_start": 1600, "batch_size": 32, "seconds": 436.7750930651091}
{"event": "COMPACT_RUNTIME_HASH", "boundary": "begin", "elapsed_seconds": 0.0, "item_count": 1941}
{"event": "COMPACT_RUNTIME_HASH", "boundary": "end", "elapsed_seconds": 0.31976229790598154, "item_count": 1941}
{"event": "COMPACT_TIMING", "stage": "images_outputs", "boundary": "end", "role": "query", "batch_start": 1600, "batch_size": 32, "seconds": 437.8603618834168}
{"event": "COMPACT_TIMING", "stage": "images_outputs", "boundary": "begin", "role": "query", "batch_start": 1632, "batch_size": 32, "seconds": 437.86147305043414}
{"event": "COMPACT_RUNTIME_HASH", "boundary": "begin", "elapsed_seconds": 0.0, "item_count": 1941}
{"event": "COMPACT_RUNTIME_HASH", "boundary": "end", "elapsed_seconds": 0.34271149383857846, "item_count": 1941}
{"event": "COMPACT_TIMING", "stage": "images_outputs", "boundary": "end", "role": "query", "batch_start": 1632, "batch_size": 32, "seconds": 438.95454541314393}
{"event": "COMPACT_TIMING", "stage": "images_outputs", "boundary": "begin", "role": "query", "batch_start": 1664, "batch_size": 32, "seconds": 438.95654397131875}
{"event": "COMPACT_RUNTIME_HASH", "boundary": "begin", "elapsed_seconds": 0.0, "item_count": 1941}
{"event": "COMPACT_RUNTIME_HASH", "boundary": "end", "elapsed_seconds": 0.33718751510605216, "item_count": 1941}
{"event": "COMPACT_TIMING", "stage": "images_outputs", "boundary": "end", "role": "query", "batch_start": 1664, "batch_size": 32, "seconds": 440.04261822719127}
{"event": "COMPACT_TIMING", "stage": "images_outputs", "boundary": "begin", "role": "query", "batch_start": 1696, "batch_size": 32, "seconds": 440.04404029017314}
{"event": "COMPACT_RUNTIME_HASH", "boundary": "begin", "elapsed_seconds": 0.0, "item_count": 1941}
{"event": "COMPACT_RUNTIME_HASH", "boundary": "end", "elapsed_seconds": 0.28362407302483916, "item_count": 1941}
{"event": "COMPACT_TIMING", "stage": "images_outputs", "boundary": "end", "role": "query", "batch_start": 1696, "batch_size": 32, "seconds": 441.1144664781168}
{"event": "COMPACT_TIMING", "stage": "images_outputs", "boundary": "begin", "role": "query", "batch_start": 1728, "batch_size": 6, "seconds": 441.1156998532824}
{"event": "COMPACT_RUNTIME_HASH", "boundary": "begin", "elapsed_seconds": 0.0, "item_count": 1941}
{"event": "COMPACT_RUNTIME_HASH", "boundary": "end", "elapsed_seconds": 0.33241887809708714, "item_count": 1941}
{"event": "COMPACT_TIMING", "stage": "images_outputs", "boundary": "end", "role": "query", "batch_start": 1728, "batch_size": 6, "seconds": 441.84556760219857}
{"event": "COMPACT_TIMING", "stage": "images_outputs", "boundary": "begin", "role": "gallery", "batch_start": 0, "batch_size": 32, "seconds": 441.84564078599215}
{"event": "COMPACT_RUNTIME_HASH", "boundary": "begin", "elapsed_seconds": 0.0, "item_count": 1941}
{"event": "COMPACT_RUNTIME_HASH", "boundary": "end", "elapsed_seconds": 0.3238778137601912, "item_count": 1941}
{"event": "COMPACT_TIMING", "stage": "images_outputs", "boundary": "end", "role": "gallery", "batch_start": 0, "batch_size": 32, "seconds": 443.2978945453651}
{"event": "COMPACT_TIMING", "stage": "images_outputs", "boundary": "begin", "role": "gallery", "batch_start": 32, "batch_size": 32, "seconds": 443.29973470419645}
{"event": "COMPACT_RUNTIME_HASH", "boundary": "begin", "elapsed_seconds": 0.0, "item_count": 1941}
{"event": "COMPACT_RUNTIME_HASH", "boundary": "end", "elapsed_seconds": 0.3614299730397761, "item_count": 1941}
{"event": "COMPACT_TIMING", "stage": "images_outputs", "boundary": "end", "role": "gallery", "batch_start": 32, "batch_size": 32, "seconds": 444.4203372951597}
{"event": "COMPACT_TIMING", "stage": "images_outputs", "boundary": "begin", "role": "gallery", "batch_start": 64, "batch_size": 32, "seconds": 444.421583421994}
{"event": "COMPACT_RUNTIME_HASH", "boundary": "begin", "elapsed_seconds": 0.0, "item_count": 1941}
{"event": "COMPACT_RUNTIME_HASH", "boundary": "end", "elapsed_seconds": 0.3233837503939867, "item_count": 1941}
{"event": "COMPACT_TIMING", "stage": "images_outputs", "boundary": "end", "role": "gallery", "batch_start": 64, "batch_size": 32, "seconds": 445.5049765240401}
{"event": "COMPACT_TIMING", "stage": "images_outputs", "boundary": "begin", "role": "gallery", "batch_start": 96, "batch_size": 32, "seconds": 445.50641541928053}
{"event": "COMPACT_RUNTIME_HASH", "boundary": "begin", "elapsed_seconds": 0.0, "item_count": 1941}
{"event": "COMPACT_RUNTIME_HASH", "boundary": "end", "elapsed_seconds": 0.30153500102460384, "item_count": 1941}
{"event": "COMPACT_TIMING", "stage": "images_outputs", "boundary": "end", "role": "gallery", "batch_start": 96, "batch_size": 32, "seconds": 446.5597616843879}
{"event": "COMPACT_TIMING", "stage": "images_outputs", "boundary": "begin", "role": "gallery", "batch_start": 128, "batch_size": 32, "seconds": 446.5614006742835}
{"event": "COMPACT_RUNTIME_HASH", "boundary": "begin", "elapsed_seconds": 0.0, "item_count": 1941}
{"event": "COMPACT_RUNTIME_HASH", "boundary": "end", "elapsed_seconds": 0.3331719492562115, "item_count": 1941}
{"event": "COMPACT_TIMING", "stage": "images_outputs", "boundary": "end", "role": "gallery", "batch_start": 128, "batch_size": 32, "seconds": 447.6487914840691}
{"event": "COMPACT_TIMING", "stage": "images_outputs", "boundary": "begin", "role": "gallery", "batch_start": 160, "batch_size": 32, "seconds": 447.65052466699854}
{"event": "COMPACT_RUNTIME_HASH", "boundary": "begin", "elapsed_seconds": 0.0, "item_count": 1941}
{"event": "COMPACT_RUNTIME_HASH", "boundary": "end", "elapsed_seconds": 0.3395651108585298, "item_count": 1941}
{"event": "COMPACT_TIMING", "stage": "images_outputs", "boundary": "end", "role": "gallery", "batch_start": 160, "batch_size": 32, "seconds": 448.8903134553693}
{"event": "COMPACT_TIMING", "stage": "images_outputs", "boundary": "begin", "role": "gallery", "batch_start": 192, "batch_size": 32, "seconds": 448.890959774144}
{"event": "COMPACT_RUNTIME_HASH", "boundary": "begin", "elapsed_seconds": 0.0, "item_count": 1941}
{"event": "COMPACT_RUNTIME_HASH", "boundary": "end", "elapsed_seconds": 0.3557258490473032, "item_count": 1941}
{"event": "COMPACT_TIMING", "stage": "images_outputs", "boundary": "end", "role": "gallery", "batch_start": 192, "batch_size": 32, "seconds": 449.99995194002986}
{"event": "COMPACT_TIMING", "stage": "images_outputs", "boundary": "begin", "role": "gallery", "batch_start": 224, "batch_size": 32, "seconds": 450.0010983552784}
{"event": "COMPACT_RUNTIME_HASH", "boundary": "begin", "elapsed_seconds": 0.0, "item_count": 1941}
{"event": "COMPACT_RUNTIME_HASH", "boundary": "end", "elapsed_seconds": 0.2672899258323014, "item_count": 1941}
{"event": "COMPACT_TIMING", "stage": "images_outputs", "boundary": "end", "role": "gallery", "batch_start": 224, "batch_size": 32, "seconds": 451.0233088522218}
{"event": "COMPACT_TIMING", "stage": "images_outputs", "boundary": "begin", "role": "gallery", "batch_start": 256, "batch_size": 32, "seconds": 451.0246168510057}
{"event": "COMPACT_RUNTIME_HASH", "boundary": "begin", "elapsed_seconds": 0.0, "item_count": 1941}
{"event": "COMPACT_RUNTIME_HASH", "boundary": "end", "elapsed_seconds": 0.34114514105021954, "item_count": 1941}
{"event": "COMPACT_TIMING", "stage": "images_outputs", "boundary": "end", "role": "gallery", "batch_start": 256, "batch_size": 32, "seconds": 452.1203291392885}
{"event": "COMPACT_TIMING", "stage": "images_outputs", "boundary": "begin", "role": "gallery", "batch_start": 288, "batch_size": 32, "seconds": 452.12170168198645}
{"event": "COMPACT_RUNTIME_HASH", "boundary": "begin", "elapsed_seconds": 0.0, "item_count": 1941}
{"event": "COMPACT_RUNTIME_HASH", "boundary": "end", "elapsed_seconds": 0.3291385266929865, "item_count": 1941}
{"event": "COMPACT_TIMING", "stage": "images_outputs", "boundary": "end", "role": "gallery", "batch_start": 288, "batch_size": 32, "seconds": 453.2031725901179}
{"event": "COMPACT_TIMING", "stage": "images_outputs", "boundary": "begin", "role": "gallery", "batch_start": 320, "batch_size": 32, "seconds": 453.20490062003955}
{"event": "COMPACT_RUNTIME_HASH", "boundary": "begin", "elapsed_seconds": 0.0, "item_count": 1941}
{"event": "COMPACT_RUNTIME_HASH", "boundary": "end", "elapsed_seconds": 0.3437417149543762, "item_count": 1941}
{"event": "COMPACT_TIMING", "stage": "images_outputs", "boundary": "end", "role": "gallery", "batch_start": 320, "batch_size": 32, "seconds": 454.30228085815907}
{"event": "COMPACT_TIMING", "stage": "images_outputs", "boundary": "begin", "role": "gallery", "batch_start": 352, "batch_size": 32, "seconds": 454.30371500039473}
{"event": "COMPACT_RUNTIME_HASH", "boundary": "begin", "elapsed_seconds": 0.0, "item_count": 1941}
{"event": "COMPACT_RUNTIME_HASH", "boundary": "end", "elapsed_seconds": 0.2993021532893181, "item_count": 1941}
{"event": "COMPACT_TIMING", "stage": "images_outputs", "boundary": "end", "role": "gallery", "batch_start": 352, "batch_size": 32, "seconds": 455.3492666911334}
{"event": "COMPACT_TIMING", "stage": "images_outputs", "boundary": "begin", "role": "gallery", "batch_start": 384, "batch_size": 32, "seconds": 455.35023067425936}
{"event": "COMPACT_RUNTIME_HASH", "boundary": "begin", "elapsed_seconds": 0.0, "item_count": 1941}
{"event": "COMPACT_RUNTIME_HASH", "boundary": "end", "elapsed_seconds": 0.33165884483605623, "item_count": 1941}
{"event": "COMPACT_TIMING", "stage": "images_outputs", "boundary": "end", "role": "gallery", "batch_start": 384, "batch_size": 32, "seconds": 456.4536626962945}
{"event": "COMPACT_TIMING", "stage": "images_outputs", "boundary": "begin", "role": "gallery", "batch_start": 416, "batch_size": 32, "seconds": 456.4546356559731}
{"event": "COMPACT_RUNTIME_HASH", "boundary": "begin", "elapsed_seconds": 0.0, "item_count": 1941}
{"event": "COMPACT_RUNTIME_HASH", "boundary": "end", "elapsed_seconds": 0.2994195930659771, "item_count": 1941}
{"event": "COMPACT_TIMING", "stage": "images_outputs", "boundary": "end", "role": "gallery", "batch_start": 416, "batch_size": 32, "seconds": 457.50473287608474}
{"event": "COMPACT_TIMING", "stage": "images_outputs", "boundary": "begin", "role": "gallery", "batch_start": 448, "batch_size": 32, "seconds": 457.5059334351681}
{"event": "COMPACT_RUNTIME_HASH", "boundary": "begin", "elapsed_seconds": 0.0, "item_count": 1941}
{"event": "COMPACT_RUNTIME_HASH", "boundary": "end", "elapsed_seconds": 0.3048366759903729, "item_count": 1941}
{"event": "COMPACT_TIMING", "stage": "images_outputs", "boundary": "end", "role": "gallery", "batch_start": 448, "batch_size": 32, "seconds": 458.5825397041626}
{"event": "COMPACT_TIMING", "stage": "images_outputs", "boundary": "begin", "role": "gallery", "batch_start": 480, "batch_size": 32, "seconds": 458.58634686935693}
{"event": "COMPACT_RUNTIME_HASH", "boundary": "begin", "elapsed_seconds": 0.0, "item_count": 1941}
{"event": "COMPACT_RUNTIME_HASH", "boundary": "end", "elapsed_seconds": 0.3338540429249406, "item_count": 1941}
{"event": "COMPACT_TIMING", "stage": "images_outputs", "boundary": "end", "role": "gallery", "batch_start": 480, "batch_size": 32, "seconds": 459.6813224493526}
{"event": "COMPACT_TIMING", "stage": "images_outputs", "boundary": "begin", "role": "gallery", "batch_start": 512, "batch_size": 32, "seconds": 459.68168048141524}
{"event": "COMPACT_RUNTIME_HASH", "boundary": "begin", "elapsed_seconds": 0.0, "item_count": 1941}
{"event": "COMPACT_RUNTIME_HASH", "boundary": "end", "elapsed_seconds": 0.298312793020159, "item_count": 1941}
{"event": "COMPACT_TIMING", "stage": "images_outputs", "boundary": "end", "role": "gallery", "batch_start": 512, "batch_size": 32, "seconds": 460.73316118726507}
{"event": "COMPACT_TIMING", "stage": "images_outputs", "boundary": "begin", "role": "gallery", "batch_start": 544, "batch_size": 32, "seconds": 460.7352394252084}
{"event": "COMPACT_RUNTIME_HASH", "boundary": "begin", "elapsed_seconds": 0.0, "item_count": 1941}
{"event": "COMPACT_RUNTIME_HASH", "boundary": "end", "elapsed_seconds": 0.3617759686894715, "item_count": 1941}
{"event": "COMPACT_TIMING", "stage": "images_outputs", "boundary": "end", "role": "gallery", "batch_start": 544, "batch_size": 32, "seconds": 461.9785847454332}
{"event": "COMPACT_TIMING", "stage": "images_outputs", "boundary": "begin", "role": "gallery", "batch_start": 576, "batch_size": 32, "seconds": 461.98003330407664}
{"event": "COMPACT_RUNTIME_HASH", "boundary": "begin", "elapsed_seconds": 0.0, "item_count": 1941}
{"event": "COMPACT_RUNTIME_HASH", "boundary": "end", "elapsed_seconds": 0.3138915318995714, "item_count": 1941}
{"event": "COMPACT_TIMING", "stage": "images_outputs", "boundary": "end", "role": "gallery", "batch_start": 576, "batch_size": 32, "seconds": 463.0446766051464}
{"event": "COMPACT_TIMING", "stage": "images_outputs", "boundary": "begin", "role": "gallery", "batch_start": 608, "batch_size": 32, "seconds": 463.04671162739396}
{"event": "COMPACT_RUNTIME_HASH", "boundary": "begin", "elapsed_seconds": 0.0, "item_count": 1941}
{"event": "COMPACT_RUNTIME_HASH", "boundary": "end", "elapsed_seconds": 0.334380985237658, "item_count": 1941}
{"event": "COMPACT_TIMING", "stage": "images_outputs", "boundary": "end", "role": "gallery", "batch_start": 608, "batch_size": 32, "seconds": 464.1262924182229}
{"event": "COMPACT_TIMING", "stage": "images_outputs", "boundary": "begin", "role": "gallery", "batch_start": 640, "batch_size": 32, "seconds": 464.1276796013117}
{"event": "COMPACT_RUNTIME_HASH", "boundary": "begin", "elapsed_seconds": 0.0, "item_count": 1941}
{"event": "COMPACT_RUNTIME_HASH", "boundary": "end", "elapsed_seconds": 0.3165361532010138, "item_count": 1941}
{"event": "COMPACT_TIMING", "stage": "images_outputs", "boundary": "end", "role": "gallery", "batch_start": 640, "batch_size": 32, "seconds": 465.19503974635154}
{"event": "COMPACT_TIMING", "stage": "images_outputs", "boundary": "begin", "role": "gallery", "batch_start": 672, "batch_size": 32, "seconds": 465.1968460814096}
{"event": "COMPACT_RUNTIME_HASH", "boundary": "begin", "elapsed_seconds": 0.0, "item_count": 1941}
{"event": "COMPACT_RUNTIME_HASH", "boundary": "end", "elapsed_seconds": 0.32671672012656927, "item_count": 1941}
{"event": "COMPACT_TIMING", "stage": "images_outputs", "boundary": "end", "role": "gallery", "batch_start": 672, "batch_size": 32, "seconds": 466.30099574523047}
{"event": "COMPACT_TIMING", "stage": "images_outputs", "boundary": "begin", "role": "gallery", "batch_start": 704, "batch_size": 32, "seconds": 466.30419166199863}
{"event": "COMPACT_RUNTIME_HASH", "boundary": "begin", "elapsed_seconds": 0.0, "item_count": 1941}
{"event": "COMPACT_RUNTIME_HASH", "boundary": "end", "elapsed_seconds": 0.29109415831044316, "item_count": 1941}
{"event": "COMPACT_TIMING", "stage": "images_outputs", "boundary": "end", "role": "gallery", "batch_start": 704, "batch_size": 32, "seconds": 467.3564059790224}
{"event": "COMPACT_TIMING", "stage": "images_outputs", "boundary": "begin", "role": "gallery", "batch_start": 736, "batch_size": 32, "seconds": 467.3591038333252}
{"event": "COMPACT_RUNTIME_HASH", "boundary": "begin", "elapsed_seconds": 0.0, "item_count": 1941}
{"event": "COMPACT_RUNTIME_HASH", "boundary": "end", "elapsed_seconds": 0.32807958172634244, "item_count": 1941}
{"event": "COMPACT_TIMING", "stage": "images_outputs", "boundary": "end", "role": "gallery", "batch_start": 736, "batch_size": 32, "seconds": 468.44979877211154}
{"event": "COMPACT_TIMING", "stage": "images_outputs", "boundary": "begin", "role": "gallery", "batch_start": 768, "batch_size": 32, "seconds": 468.4513196661137}
{"event": "COMPACT_RUNTIME_HASH", "boundary": "begin", "elapsed_seconds": 0.0, "item_count": 1941}
{"event": "COMPACT_RUNTIME_HASH", "boundary": "end", "elapsed_seconds": 0.29098433488979936, "item_count": 1941}
{"event": "COMPACT_TIMING", "stage": "images_outputs", "boundary": "end", "role": "gallery", "batch_start": 768, "batch_size": 32, "seconds": 469.4978042123839}
{"event": "COMPACT_TIMING", "stage": "images_outputs", "boundary": "begin", "role": "gallery", "batch_start": 800, "batch_size": 32, "seconds": 469.50001201825216}
{"event": "COMPACT_RUNTIME_HASH", "boundary": "begin", "elapsed_seconds": 0.0, "item_count": 1941}
{"event": "COMPACT_RUNTIME_HASH", "boundary": "end", "elapsed_seconds": 0.3089751019142568, "item_count": 1941}
{"event": "COMPACT_TIMING", "stage": "images_outputs", "boundary": "end", "role": "gallery", "batch_start": 800, "batch_size": 32, "seconds": 470.57475743303075}
{"event": "COMPACT_TIMING", "stage": "images_outputs", "boundary": "begin", "role": "gallery", "batch_start": 832, "batch_size": 32, "seconds": 470.5760463443585}
{"event": "COMPACT_RUNTIME_HASH", "boundary": "begin", "elapsed_seconds": 0.0, "item_count": 1941}
{"event": "COMPACT_RUNTIME_HASH", "boundary": "end", "elapsed_seconds": 0.2950761872343719, "item_count": 1941}
{"event": "COMPACT_TIMING", "stage": "images_outputs", "boundary": "end", "role": "gallery", "batch_start": 832, "batch_size": 32, "seconds": 471.62914950726554}
{"event": "COMPACT_TIMING", "stage": "images_outputs", "boundary": "begin", "role": "gallery", "batch_start": 864, "batch_size": 32, "seconds": 471.63071584142745}
{"event": "COMPACT_RUNTIME_HASH", "boundary": "begin", "elapsed_seconds": 0.0, "item_count": 1941}
{"event": "COMPACT_RUNTIME_HASH", "boundary": "end", "elapsed_seconds": 0.3384732040576637, "item_count": 1941}
{"event": "COMPACT_TIMING", "stage": "images_outputs", "boundary": "end", "role": "gallery", "batch_start": 864, "batch_size": 32, "seconds": 472.7319059842266}
{"event": "COMPACT_TIMING", "stage": "images_outputs", "boundary": "begin", "role": "gallery", "batch_start": 896, "batch_size": 32, "seconds": 472.7335553271696}
{"event": "COMPACT_RUNTIME_HASH", "boundary": "begin", "elapsed_seconds": 0.0, "item_count": 1941}
{"event": "COMPACT_RUNTIME_HASH", "boundary": "end", "elapsed_seconds": 0.3354723737575114, "item_count": 1941}
{"event": "COMPACT_TIMING", "stage": "images_outputs", "boundary": "end", "role": "gallery", "batch_start": 896, "batch_size": 32, "seconds": 473.8216311610304}
{"event": "COMPACT_TIMING", "stage": "images_outputs", "boundary": "begin", "role": "gallery", "batch_start": 928, "batch_size": 32, "seconds": 473.82286608824506}
{"event": "COMPACT_RUNTIME_HASH", "boundary": "begin", "elapsed_seconds": 0.0, "item_count": 1941}
{"event": "COMPACT_RUNTIME_HASH", "boundary": "end", "elapsed_seconds": 0.3119995789602399, "item_count": 1941}
{"event": "COMPACT_TIMING", "stage": "images_outputs", "boundary": "end", "role": "gallery", "batch_start": 928, "batch_size": 32, "seconds": 475.0349489473738}
{"event": "COMPACT_TIMING", "stage": "images_outputs", "boundary": "begin", "role": "gallery", "batch_start": 960, "batch_size": 32, "seconds": 475.03700611321256}
{"event": "COMPACT_RUNTIME_HASH", "boundary": "begin", "elapsed_seconds": 0.0, "item_count": 1941}
{"event": "COMPACT_RUNTIME_HASH", "boundary": "end", "elapsed_seconds": 0.3482509539462626, "item_count": 1941}
{"event": "COMPACT_TIMING", "stage": "images_outputs", "boundary": "end", "role": "gallery", "batch_start": 960, "batch_size": 32, "seconds": 476.15381620824337}
{"event": "COMPACT_TIMING", "stage": "images_outputs", "boundary": "begin", "role": "gallery", "batch_start": 992, "batch_size": 32, "seconds": 476.155808606185}
{"event": "COMPACT_RUNTIME_HASH", "boundary": "begin", "elapsed_seconds": 0.0, "item_count": 1941}
{"event": "COMPACT_RUNTIME_HASH", "boundary": "end", "elapsed_seconds": 0.30227384390309453, "item_count": 1941}
{"event": "COMPACT_TIMING", "stage": "images_outputs", "boundary": "end", "role": "gallery", "batch_start": 992, "batch_size": 32, "seconds": 477.2188314050436}
{"event": "COMPACT_TIMING", "stage": "images_outputs", "boundary": "begin", "role": "gallery", "batch_start": 1024, "batch_size": 32, "seconds": 477.22036977112293}
{"event": "COMPACT_RUNTIME_HASH", "boundary": "begin", "elapsed_seconds": 0.0, "item_count": 1941}
{"event": "COMPACT_RUNTIME_HASH", "boundary": "end", "elapsed_seconds": 0.2745068920776248, "item_count": 1941}
{"event": "COMPACT_TIMING", "stage": "images_outputs", "boundary": "end", "role": "gallery", "batch_start": 1024, "batch_size": 32, "seconds": 478.2525659892708}
{"event": "COMPACT_TIMING", "stage": "images_outputs", "boundary": "begin", "role": "gallery", "batch_start": 1056, "batch_size": 32, "seconds": 478.25341429235414}
{"event": "COMPACT_RUNTIME_HASH", "boundary": "begin", "elapsed_seconds": 0.0, "item_count": 1941}
{"event": "COMPACT_RUNTIME_HASH", "boundary": "end", "elapsed_seconds": 0.3356089489534497, "item_count": 1941}
{"event": "COMPACT_TIMING", "stage": "images_outputs", "boundary": "end", "role": "gallery", "batch_start": 1056, "batch_size": 32, "seconds": 479.3397189723328}
{"event": "COMPACT_TIMING", "stage": "images_outputs", "boundary": "begin", "role": "gallery", "batch_start": 1088, "batch_size": 32, "seconds": 479.34161845827475}
{"event": "COMPACT_RUNTIME_HASH", "boundary": "begin", "elapsed_seconds": 0.0, "item_count": 1941}
{"event": "COMPACT_RUNTIME_HASH", "boundary": "end", "elapsed_seconds": 0.3361222930252552, "item_count": 1941}
{"event": "COMPACT_TIMING", "stage": "images_outputs", "boundary": "end", "role": "gallery", "batch_start": 1088, "batch_size": 32, "seconds": 480.45464985026047}
{"event": "COMPACT_TIMING", "stage": "images_outputs", "boundary": "begin", "role": "gallery", "batch_start": 1120, "batch_size": 32, "seconds": 480.45618087332696}
{"event": "COMPACT_RUNTIME_HASH", "boundary": "begin", "elapsed_seconds": 0.0, "item_count": 1941}
{"event": "COMPACT_RUNTIME_HASH", "boundary": "end", "elapsed_seconds": 0.32597918063402176, "item_count": 1941}
{"event": "COMPACT_TIMING", "stage": "images_outputs", "boundary": "end", "role": "gallery", "batch_start": 1120, "batch_size": 32, "seconds": 481.5457438691519}
{"event": "COMPACT_TIMING", "stage": "images_outputs", "boundary": "begin", "role": "gallery", "batch_start": 1152, "batch_size": 32, "seconds": 481.5465795490891}
{"event": "COMPACT_RUNTIME_HASH", "boundary": "begin", "elapsed_seconds": 0.0, "item_count": 1941}
{"event": "COMPACT_RUNTIME_HASH", "boundary": "end", "elapsed_seconds": 0.29242041194811463, "item_count": 1941}
{"event": "COMPACT_TIMING", "stage": "images_outputs", "boundary": "end", "role": "gallery", "batch_start": 1152, "batch_size": 32, "seconds": 482.5800922261551}
{"event": "COMPACT_TIMING", "stage": "images_outputs", "boundary": "begin", "role": "gallery", "batch_start": 1184, "batch_size": 32, "seconds": 482.5814233291894}
{"event": "COMPACT_RUNTIME_HASH", "boundary": "begin", "elapsed_seconds": 0.0, "item_count": 1941}
{"event": "COMPACT_RUNTIME_HASH", "boundary": "end", "elapsed_seconds": 0.34084105491638184, "item_count": 1941}
{"event": "COMPACT_TIMING", "stage": "images_outputs", "boundary": "end", "role": "gallery", "batch_start": 1184, "batch_size": 32, "seconds": 483.689958371222}
{"event": "COMPACT_TIMING", "stage": "images_outputs", "boundary": "begin", "role": "gallery", "batch_start": 1216, "batch_size": 32, "seconds": 483.69098600232974}
{"event": "COMPACT_RUNTIME_HASH", "boundary": "begin", "elapsed_seconds": 0.0, "item_count": 1941}
{"event": "COMPACT_RUNTIME_HASH", "boundary": "end", "elapsed_seconds": 0.32136820908635855, "item_count": 1941}
{"event": "COMPACT_TIMING", "stage": "images_outputs", "boundary": "end", "role": "gallery", "batch_start": 1216, "batch_size": 32, "seconds": 484.7797262291424}
{"event": "COMPACT_TIMING", "stage": "images_outputs", "boundary": "begin", "role": "gallery", "batch_start": 1248, "batch_size": 32, "seconds": 484.78177200304344}
{"event": "COMPACT_RUNTIME_HASH", "boundary": "begin", "elapsed_seconds": 0.0, "item_count": 1941}
{"event": "COMPACT_RUNTIME_HASH", "boundary": "end", "elapsed_seconds": 0.33421842101961374, "item_count": 1941}
{"event": "COMPACT_TIMING", "stage": "images_outputs", "boundary": "end", "role": "gallery", "batch_start": 1248, "batch_size": 32, "seconds": 485.8696602950804}
{"event": "COMPACT_TIMING", "stage": "images_outputs", "boundary": "begin", "role": "gallery", "batch_start": 1280, "batch_size": 32, "seconds": 485.8704719422385}
{"event": "COMPACT_RUNTIME_HASH", "boundary": "begin", "elapsed_seconds": 0.0, "item_count": 1941}
{"event": "COMPACT_RUNTIME_HASH", "boundary": "end", "elapsed_seconds": 0.3288430660031736, "item_count": 1941}
{"event": "COMPACT_TIMING", "stage": "images_outputs", "boundary": "end", "role": "gallery", "batch_start": 1280, "batch_size": 32, "seconds": 486.9393047783524}
{"event": "COMPACT_TIMING", "stage": "images_outputs", "boundary": "begin", "role": "gallery", "batch_start": 1312, "batch_size": 32, "seconds": 486.9402210973203}
{"event": "COMPACT_RUNTIME_HASH", "boundary": "begin", "elapsed_seconds": 0.0, "item_count": 1941}
{"event": "COMPACT_RUNTIME_HASH", "boundary": "end", "elapsed_seconds": 0.32739609060809016, "item_count": 1941}
{"event": "COMPACT_TIMING", "stage": "images_outputs", "boundary": "end", "role": "gallery", "batch_start": 1312, "batch_size": 32, "seconds": 488.178827076219}
{"event": "COMPACT_TIMING", "stage": "images_outputs", "boundary": "begin", "role": "gallery", "batch_start": 1344, "batch_size": 32, "seconds": 488.1812527542934}
{"event": "COMPACT_RUNTIME_HASH", "boundary": "begin", "elapsed_seconds": 0.0, "item_count": 1941}
{"event": "COMPACT_RUNTIME_HASH", "boundary": "end", "elapsed_seconds": 0.33273406978696585, "item_count": 1941}
{"event": "COMPACT_TIMING", "stage": "images_outputs", "boundary": "end", "role": "gallery", "batch_start": 1344, "batch_size": 32, "seconds": 489.2830229192041}
{"event": "COMPACT_TIMING", "stage": "images_outputs", "boundary": "begin", "role": "gallery", "batch_start": 1376, "batch_size": 32, "seconds": 489.28505170112476}
{"event": "COMPACT_RUNTIME_HASH", "boundary": "begin", "elapsed_seconds": 0.0, "item_count": 1941}
{"event": "COMPACT_RUNTIME_HASH", "boundary": "end", "elapsed_seconds": 0.35804223781451583, "item_count": 1941}
{"event": "COMPACT_TIMING", "stage": "images_outputs", "boundary": "end", "role": "gallery", "batch_start": 1376, "batch_size": 32, "seconds": 490.39651356916875}
{"event": "COMPACT_TIMING", "stage": "images_outputs", "boundary": "begin", "role": "gallery", "batch_start": 1408, "batch_size": 32, "seconds": 490.3989472622052}
{"event": "COMPACT_RUNTIME_HASH", "boundary": "begin", "elapsed_seconds": 0.0, "item_count": 1941}
{"event": "COMPACT_RUNTIME_HASH", "boundary": "end", "elapsed_seconds": 0.3151882765814662, "item_count": 1941}
{"event": "COMPACT_TIMING", "stage": "images_outputs", "boundary": "end", "role": "gallery", "batch_start": 1408, "batch_size": 32, "seconds": 491.4766493360512}
{"event": "COMPACT_TIMING", "stage": "images_outputs", "boundary": "begin", "role": "gallery", "batch_start": 1440, "batch_size": 32, "seconds": 491.4785217982717}
{"event": "COMPACT_RUNTIME_HASH", "boundary": "begin", "elapsed_seconds": 0.0, "item_count": 1941}
{"event": "COMPACT_RUNTIME_HASH", "boundary": "end", "elapsed_seconds": 0.3374821129254997, "item_count": 1941}
{"event": "COMPACT_TIMING", "stage": "images_outputs", "boundary": "end", "role": "gallery", "batch_start": 1440, "batch_size": 32, "seconds": 492.5606328272261}
{"event": "COMPACT_TIMING", "stage": "images_outputs", "boundary": "begin", "role": "gallery", "batch_start": 1472, "batch_size": 32, "seconds": 492.56180071411654}
{"event": "COMPACT_RUNTIME_HASH", "boundary": "begin", "elapsed_seconds": 0.0, "item_count": 1941}
{"event": "COMPACT_RUNTIME_HASH", "boundary": "end", "elapsed_seconds": 0.290193066932261, "item_count": 1941}
{"event": "COMPACT_TIMING", "stage": "images_outputs", "boundary": "end", "role": "gallery", "batch_start": 1472, "batch_size": 32, "seconds": 493.615410360042}
{"event": "COMPACT_TIMING", "stage": "images_outputs", "boundary": "begin", "role": "gallery", "batch_start": 1504, "batch_size": 32, "seconds": 493.61682211840525}
{"event": "COMPACT_RUNTIME_HASH", "boundary": "begin", "elapsed_seconds": 0.0, "item_count": 1941}
{"event": "COMPACT_RUNTIME_HASH", "boundary": "end", "elapsed_seconds": 0.342587165068835, "item_count": 1941}
{"event": "COMPACT_TIMING", "stage": "images_outputs", "boundary": "end", "role": "gallery", "batch_start": 1504, "batch_size": 32, "seconds": 494.72233587736264}
{"event": "COMPACT_TIMING", "stage": "images_outputs", "boundary": "begin", "role": "gallery", "batch_start": 1536, "batch_size": 32, "seconds": 494.7249304992147}
{"event": "COMPACT_RUNTIME_HASH", "boundary": "begin", "elapsed_seconds": 0.0, "item_count": 1941}
{"event": "COMPACT_RUNTIME_HASH", "boundary": "end", "elapsed_seconds": 0.3287711450830102, "item_count": 1941}
{"event": "COMPACT_TIMING", "stage": "images_outputs", "boundary": "end", "role": "gallery", "batch_start": 1536, "batch_size": 32, "seconds": 495.7988759013824}
{"event": "COMPACT_TIMING", "stage": "images_outputs", "boundary": "begin", "role": "gallery", "batch_start": 1568, "batch_size": 32, "seconds": 495.80020686006173}
{"event": "COMPACT_RUNTIME_HASH", "boundary": "begin", "elapsed_seconds": 0.0, "item_count": 1941}
{"event": "COMPACT_RUNTIME_HASH", "boundary": "end", "elapsed_seconds": 0.3366714892908931, "item_count": 1941}
{"event": "COMPACT_TIMING", "stage": "images_outputs", "boundary": "end", "role": "gallery", "batch_start": 1568, "batch_size": 32, "seconds": 496.8793410891667}
{"event": "COMPACT_TIMING", "stage": "images_outputs", "boundary": "begin", "role": "gallery", "batch_start": 1600, "batch_size": 32, "seconds": 496.8809191673063}
{"event": "COMPACT_RUNTIME_HASH", "boundary": "begin", "elapsed_seconds": 0.0, "item_count": 1941}
{"event": "COMPACT_RUNTIME_HASH", "boundary": "end", "elapsed_seconds": 0.32509439485147595, "item_count": 1941}
{"event": "COMPACT_TIMING", "stage": "images_outputs", "boundary": "end", "role": "gallery", "batch_start": 1600, "batch_size": 32, "seconds": 497.9483402222395}
{"event": "COMPACT_TIMING", "stage": "images_outputs", "boundary": "begin", "role": "gallery", "batch_start": 1632, "batch_size": 32, "seconds": 497.94975735712796}
{"event": "COMPACT_RUNTIME_HASH", "boundary": "begin", "elapsed_seconds": 0.0, "item_count": 1941}
{"event": "COMPACT_RUNTIME_HASH", "boundary": "end", "elapsed_seconds": 0.29586451686918736, "item_count": 1941}
{"event": "COMPACT_TIMING", "stage": "images_outputs", "boundary": "end", "role": "gallery", "batch_start": 1632, "batch_size": 32, "seconds": 498.97602225700393}
{"event": "COMPACT_TIMING", "stage": "images_outputs", "boundary": "begin", "role": "gallery", "batch_start": 1664, "batch_size": 32, "seconds": 498.97747107129544}
{"event": "COMPACT_RUNTIME_HASH", "boundary": "begin", "elapsed_seconds": 0.0, "item_count": 1941}
{"event": "COMPACT_RUNTIME_HASH", "boundary": "end", "elapsed_seconds": 0.3149234759621322, "item_count": 1941}
{"event": "COMPACT_TIMING", "stage": "images_outputs", "boundary": "end", "role": "gallery", "batch_start": 1664, "batch_size": 32, "seconds": 500.03990053012967}
{"event": "COMPACT_TIMING", "stage": "images_outputs", "boundary": "begin", "role": "gallery", "batch_start": 1696, "batch_size": 19, "seconds": 500.0416892641224}
{"event": "COMPACT_RUNTIME_HASH", "boundary": "begin", "elapsed_seconds": 0.0, "item_count": 1941}
{"event": "COMPACT_RUNTIME_HASH", "boundary": "end", "elapsed_seconds": 0.30717092333361506, "item_count": 1941}
{"event": "COMPACT_TIMING", "stage": "images_outputs", "boundary": "end", "role": "gallery", "batch_start": 1696, "batch_size": 19, "seconds": 500.97215711325407}
{"event": "COMPACT_TIMING", "stage": "export_pass", "boundary": "end", "pass_index": 1, "seconds": 500.97396216727793}
{"event": "COMPACT_TIMING", "stage": "postpass_endpoint_facts", "boundary": "begin", "pass_index": 1, "seconds": 500.9739785990678}
{"event": "COMPACT_TIMING", "stage": "postpass_endpoint_facts", "boundary": "end", "pass_index": 1, "seconds": 501.8477550111711}
{"event": "COMPACT_TIMING", "stage": "postpass_audit", "boundary": "begin", "pass_index": 1, "seconds": 501.84778437111527}
{"event": "COMPACT_TIMING", "stage": "postpass_audit", "boundary": "end", "pass_index": 1, "seconds": 508.6127687981352}
{"progress": "exit_rehash", "seconds": 508.9374468564056}
{"event": "COMPACT_TIMING", "stage": "exit_rehash", "boundary": "begin", "phase": "export", "seconds": 508.93748141638935}
{"event": "PROTOTYPE_PHASE", "phase": "old_exit_begin", "seconds": 522.8276273282245}
{"event": "QUADRATIC_PHASE", "phase": "exit_rehash", "delta_seconds": 22.64638637471944, "cumulative_seconds": 22.64638637471944}
{"event": "PROTOTYPE_PHASE", "phase": "old_exit_end", "seconds": 545.4750066939741}
{"event": "PROTOTYPE_PHASE", "phase": "own_union_begin", "seconds": 545.4750274941325}
{"event": "PROTOTYPE_PHASE", "phase": "own_union_end", "seconds": 561.8890208830126}
{"event": "PROTOTYPE_PHASE", "phase": "closure_begin", "seconds": 561.8890526914038}
{"event": "PROTOTYPE_PHASE", "phase": "closure_end", "seconds": 561.8904834743589}
{"event": "COMPACT_TIMING", "stage": "exit_rehash", "boundary": "end", "phase": "export", "seconds": 614.9382606563158}
{"schema": "siglip2-compact-image-anchor-smooth-ap-evaluation-v1", "phase": "export", "output": "/home/riomus/runs/sfora-so400-image-anchor-smooth-ap-evaluation-first-export-candidate-179061-v2", "decision": null}
/home/riomus/.local/share/uv/python/cpython-3.13.9-linux-aarch64-gnu/bin/python3.13: OK
/home/riomus/runs/sfora-native256-initialized-cpu-final-footer-v1.py: OK
/home/riomus/runs/sfora-native256-stop-cgroup-footer-v1.py: OK
/home/riomus/runs/sfora-so400-compact-ranking-evaluation-reference-v1/evaluate_siglip2_nearest_ranking.py: OK
/home/riomus/runs/sfora-so400-compact-ranking-evaluation-reference-v1/execution.json: OK
/home/riomus/runs/sfora-so400-compact-ranking-evaluation-reference-v1/test_nearest_ranking_evaluation.py: OK
/home/riomus/runs/sfora-so400-image-anchor-smooth-ap-evaluation-source-v2/authority-first-export-candidate-179061-v2.json: OK
/home/riomus/runs/sfora-so400-image-anchor-smooth-ap-evaluation-source-v2/evaluate_siglip2_compact_ranking.py: OK
/home/riomus/runs/sfora-so400-image-anchor-smooth-ap-evaluation-source-v2/execution.json: OK
/home/riomus/runs/sfora-so400-image-anchor-smooth-ap-evaluation-source-v2/test_compact_ranking_evaluation.py: OK
/home/riomus/runs/sfora-so400-image-anchor-smooth-ap-train-candidate-179061-v1/bundle/bundle.json: OK
/home/riomus/runs/sfora-so400-image-anchor-smooth-ap-train-candidate-179061-v1/receipt.json: OK
/home/riomus/runs/sfora-so400-image-anchor-smooth-ap-train-candidate-179061-v1/resume.pt: OK
/home/riomus/runs/sfora-so400-image-anchor-smooth-ap-train-control-179061-v1/bundle/bundle.json: OK
/home/riomus/runs/sfora-so400-image-anchor-smooth-ap-train-control-179061-v1/receipt.json: OK
/home/riomus/runs/sfora-so400-image-anchor-smooth-ap-train-control-179061-v1/resume.pt: OK
/home/riomus/runs/sfora-so400-image-anchor-smooth-ap-train-source-v2/authority-train-candidate-179061-v1.json: OK
/home/riomus/runs/sfora-so400-image-anchor-smooth-ap-train-source-v2/authority-train-control-179061-v1.json: OK
/home/riomus/runs/sfora-so400-image-anchor-smooth-ap-train-source-v2/execution.json: OK
/home/riomus/runs/sfora-so400-image-anchor-smooth-ap-train-source-v2/test_siglip2_compact_ranking.py: OK
/home/riomus/runs/sfora-so400-image-anchor-smooth-ap-train-source-v2/train-candidate-179061-v1.log: OK
/home/riomus/runs/sfora-so400-image-anchor-smooth-ap-train-source-v2/train-control-179061-v1.log: OK
/home/riomus/runs/sfora-so400-image-anchor-smooth-ap-train-source-v2/train_siglip2_compact_ranking.py: OK
/home/riomus/runs/sfora-so400-genuine-view-evaluation-source-v4/evaluate_siglip2_genuine_views.py: OK
/home/riomus/runs/sfora-so400-genuine-view-evaluation-source-v4/execution.json: OK
/home/riomus/runs/sfora-so400-genuine-view-evaluation-source-v4/test_siglip2_genuine_view_evaluation.py: OK
/home/riomus/runs/sfora-so400-signed-concat-evaluation-source-v2/evaluate_siglip2_prototype_residual.py: OK
/home/riomus/runs/sfora-so400-signed-concat-evaluation-source-v2/execution.json: OK
/home/riomus/runs/sfora-so400-signed-concat-evaluation-source-v2/test_siglip2_prototype_residual_evaluation.py: OK
/home/riomus/runs/sfora-so400-image-anchor-smooth-ap-evaluation-first-cpu-v2/receipt.json: OK
/home/riomus/runs/sfora-so400-image-anchor-smooth-ap-evaluation-source-v2/first-cpu-v2.log: OK
FINAL_CGROUP {"command_exit_status": 0, "invocation_id": "bd6cc721074642fd960af9576cd05ecd", "path": "/sys/fs/cgroup/user.slice/user-1000.slice/user@1000.service/app.slice/sfora-so400-image-anchor-smooth-ap-evaluation-first-export-candidate-179061-v2.service", "values": {"memory.current": "1288552448", "memory.events": "low 0\nhigh 0\nmax 0\noom 0\noom_kill 0\noom_group_kill 0", "memory.max": "8589934592", "memory.peak": "4954263552", "memory.stat": "anon 6017024\nfile 1181945856\nkernel 99561472\nkernel_stack 65536\npagetables 450560\nsec_pagetables 0\npercpu 2112\nsock 0\nvmalloc 0\nshmem 0\nzswap 0\nzswapped 0\nfile_mapped 0\nfile_dirty 16384\nfile_writeback 0\nswapcached 0\nanon_thp 0\nfile_thp 4194304\nshmem_thp 0\ninactive_anon 0\nactive_anon 5988352\ninactive_file 600711168\nactive_file 581234688\nunevictable 0\nslab_reclaimable 98917488\nslab_unreclaimable 122368\nslab 99039856\nworkingset_refault_anon 0\nworkingset_refault_file 0\nworkingset_activate_anon 0\nworkingset_activate_file 0\nworkingset_restore_anon 0\nworkingset_restore_file 0\nworkingset_nodereclaim 0\npgdemote_kswapd 0\npgdemote_direct 0\npgdemote_khugepaged 0\npgdemote_proactive 0\npgpromote_success 0\npgscan 0\npgsteal 0\npswpin 0\npswpout 0\npgscan_kswapd 0\npgscan_direct 0\npgscan_khugepaged 0\npgscan_proactive 0\npgsteal_kswapd 0\npgsteal_direct 0\npgsteal_khugepaged 0\npgsteal_proactive 0\npgfault 838737\npgmajfault 12179\npgrefill 0\npgactivate 0\npgdeactivate 0\npglazyfree 0\npglazyfreed 0\nswpin_zero 0\nswpout_zero 0\nzswpin 0\nzswpout 0\nzswpwb 0\nthp_fault_alloc 1751\nthp_collapse_alloc 16\nthp_swpout 0\nthp_swpout_fallback 0\nnuma_pages_migrated 0\nnuma_pte_updates 0\nnuma_hint_faults 0", "memory.swap.current": "0", "memory.swap.max": "0", "memory.swap.peak": "0"}}
	Command being timed: "/bin/bash -c set -e; sudo -n /bin/sync; sudo -n /bin/sh -c "echo 3 > /proc/sys/vm/drop_caches"; exec /bin/bash /home/riomus/runs/sfora-so400-image-anchor-smooth-ap-evaluation-source-v2/first-export-candidate-179061-v2-command.sh"
	User time (seconds): 405.49
	System time (seconds): 78.45
	Percent of CPU this job got: 78%
	Elapsed (wall clock) time (h:mm:ss or m:ss): 10:17.31
	Average shared text size (kbytes): 0
	Average unshared data size (kbytes): 0
	Average stack size (kbytes): 0
	Average total size (kbytes): 0
	Maximum resident set size (kbytes): 4102996
	Average resident set size (kbytes): 0
	Major (requiring I/O) page faults: 12179
	Minor (reclaiming a frame) page faults: 792701
	Voluntary context switches: 6912750
	Involuntary context switches: 9929
	Swaps: 0
	File system inputs: 459352272
	File system outputs: 18256
	Socket messages sent: 0
	Socket messages received: 0
	Signals delivered: 0
	Page size (bytes): 4096
	Exit status: 0
STOP_CGROUP {"exit_code": "exited", "exit_status": "0", "invocation_id": "bd6cc721074642fd960af9576cd05ecd", "path": "/sys/fs/cgroup/user.slice/user-1000.slice/user@1000.service/app.slice/sfora-so400-image-anchor-smooth-ap-evaluation-first-export-candidate-179061-v2.service", "service_result": "success", "values": {"memory.current": "1287774208", "memory.events": "low 0\nhigh 0\nmax 0\noom 0\noom_kill 0\noom_group_kill 0", "memory.max": "8589934592", "memory.peak": "4954263552", "memory.stat": "anon 5419008\nfile 1181945856\nkernel 99057664\nkernel_stack 0\npagetables 102400\nsec_pagetables 0\npercpu 1408\nsock 0\nvmalloc 0\nshmem 0\nzswap 0\nzswapped 0\nfile_mapped 0\nfile_dirty 16384\nfile_writeback 0\nswapcached 0\nanon_thp 0\nfile_thp 4194304\nshmem_thp 0\ninactive_anon 0\nactive_anon 5373952\ninactive_file 600711168\nactive_file 581234688\nunevictable 0\nslab_reclaimable 98917720\nslab_unreclaimable 35656\nslab 98953376\nworkingset_refault_anon 0\nworkingset_refault_file 0\nworkingset_activate_anon 0\nworkingset_activate_file 0\nworkingset_restore_anon 0\nworkingset_restore_file 0\nworkingset_nodereclaim 0\npgdemote_kswapd 0\npgdemote_direct 0\npgdemote_khugepaged 0\npgdemote_proactive 0\npgpromote_success 0\npgscan 0\npgsteal 0\npswpin 0\npswpout 0\npgscan_kswapd 0\npgscan_direct 0\npgscan_khugepaged 0\npgscan_proactive 0\npgsteal_kswapd 0\npgsteal_direct 0\npgsteal_khugepaged 0\npgsteal_proactive 0\npgfault 840255\npgmajfault 12179\npgrefill 0\npgactivate 0\npgdeactivate 0\npglazyfree 0\npglazyfreed 0\nswpin_zero 0\nswpout_zero 0\nzswpin 0\nzswpout 0\nzswpwb 0\nthp_fault_alloc 1751\nthp_collapse_alloc 16\nthp_swpout 0\nthp_swpout_fallback 0\nnuma_pages_migrated 0\nnuma_pte_updates 0\nnuma_hint_faults 0", "memory.swap.current": "0", "memory.swap.max": "0", "memory.swap.peak": "0"}}
Finished with result: success
Main processes terminated with: code=exited/status=0
Service runtime: 10min 17.346s
CPU time consumed: 8min 3.979s
Memory peak: 4.6G
Memory swap peak: 0B
