/home/riomus/runs/sfora-so400-image-anchor-smooth-ap-evaluation-source-v2/first-export-control-179061-v2-command.sh: OK
Running as unit: sfora-so400-image-anchor-smooth-ap-evaluation-first-export-control-179061-v2.service; invocation ID: 7f0fbc253cf54a0eb1b8e4a5f6b96468
/home/riomus/.local/share/uv/python/cpython-3.13.9-linux-aarch64-gnu/bin/python3.13: OK
/home/riomus/runs/sfora-native256-initialized-cpu-final-footer-v1.py: OK
/home/riomus/runs/sfora-native256-stop-cgroup-footer-v1.py: OK
/home/riomus/runs/sfora-so400-compact-ranking-evaluation-reference-v1/evaluate_siglip2_nearest_ranking.py: OK
/home/riomus/runs/sfora-so400-compact-ranking-evaluation-reference-v1/execution.json: OK
/home/riomus/runs/sfora-so400-compact-ranking-evaluation-reference-v1/test_nearest_ranking_evaluation.py: OK
/home/riomus/runs/sfora-so400-image-anchor-smooth-ap-evaluation-source-v2/authority-first-export-control-179061-v2.json: OK
/home/riomus/runs/sfora-so400-image-anchor-smooth-ap-evaluation-source-v2/evaluate_siglip2_compact_ranking.py: OK
/home/riomus/runs/sfora-so400-image-anchor-smooth-ap-evaluation-source-v2/execution.json: OK
/home/riomus/runs/sfora-so400-image-anchor-smooth-ap-evaluation-source-v2/test_compact_ranking_evaluation.py: OK
/home/riomus/runs/sfora-so400-image-anchor-smooth-ap-train-candidate-179061-v1/bundle/bundle.json: OK
/home/riomus/runs/sfora-so400-image-anchor-smooth-ap-train-candidate-179061-v1/receipt.json: OK
/home/riomus/runs/sfora-so400-image-anchor-smooth-ap-train-candidate-179061-v1/resume.pt: OK
/home/riomus/runs/sfora-so400-image-anchor-smooth-ap-train-control-179061-v1/bundle/bundle.json: OK
/home/riomus/runs/sfora-so400-image-anchor-smooth-ap-train-control-179061-v1/receipt.json: OK
/home/riomus/runs/sfora-so400-image-anchor-smooth-ap-train-control-179061-v1/resume.pt: OK
/home/riomus/runs/sfora-so400-image-anchor-smooth-ap-train-source-v2/authority-train-candidate-179061-v1.json: OK
/home/riomus/runs/sfora-so400-image-anchor-smooth-ap-train-source-v2/authority-train-control-179061-v1.json: OK
/home/riomus/runs/sfora-so400-image-anchor-smooth-ap-train-source-v2/execution.json: OK
/home/riomus/runs/sfora-so400-image-anchor-smooth-ap-train-source-v2/test_siglip2_compact_ranking.py: OK
/home/riomus/runs/sfora-so400-image-anchor-smooth-ap-train-source-v2/train-candidate-179061-v1.log: OK
/home/riomus/runs/sfora-so400-image-anchor-smooth-ap-train-source-v2/train-control-179061-v1.log: OK
/home/riomus/runs/sfora-so400-image-anchor-smooth-ap-train-source-v2/train_siglip2_compact_ranking.py: OK
/home/riomus/runs/sfora-so400-genuine-view-evaluation-source-v4/evaluate_siglip2_genuine_views.py: OK
/home/riomus/runs/sfora-so400-genuine-view-evaluation-source-v4/execution.json: OK
/home/riomus/runs/sfora-so400-genuine-view-evaluation-source-v4/test_siglip2_genuine_view_evaluation.py: OK
/home/riomus/runs/sfora-so400-signed-concat-evaluation-source-v2/evaluate_siglip2_prototype_residual.py: OK
/home/riomus/runs/sfora-so400-signed-concat-evaluation-source-v2/execution.json: OK
/home/riomus/runs/sfora-so400-signed-concat-evaluation-source-v2/test_siglip2_prototype_residual_evaluation.py: OK
/home/riomus/runs/sfora-so400-image-anchor-smooth-ap-evaluation-first-cpu-v2/receipt.json: OK
/home/riomus/runs/sfora-so400-image-anchor-smooth-ap-evaluation-source-v2/first-cpu-v2.log: OK
{"event": "COMPACT_PHASE", "phase": "shared_source_preparation", "boundary": "begin", "seconds": 159.071366220247}
{"event": "COMPACT_PHASE", "phase": "shared_source_preparation", "boundary": "end", "delta_seconds": 25.04185772081837, "seconds": 184.1132259890437}
{"event": "COMPACT_PHASE", "phase": "cache_target_preparation", "boundary": "begin", "seconds": 184.11325746122748}
{"event": "COMPACT_PHASE", "phase": "cache_target_preparation", "boundary": "end", "delta_seconds": 2.2329761488363147, "seconds": 186.34623740194365}
{"progress": "admitted", "phase": "export", "stage": "first", "seconds": 194.06135642435402}
{"event": "COMPACT_TIMING", "stage": "loader", "boundary": "begin", "pass_index": 0, "seconds": 200.12193192495033}
{"event": "COMPACT_RUNTIME_HASH", "boundary": "begin", "elapsed_seconds": 0.0, "item_count": 1941}
{"event": "COMPACT_RUNTIME_HASH", "boundary": "end", "elapsed_seconds": 0.28045461094006896, "item_count": 1941}
{"event": "COMPACT_TIMING", "stage": "loader", "boundary": "end", "pass_index": 0, "seconds": 225.2169059542939}
{"event": "COMPACT_TIMING", "stage": "endpoint_facts", "boundary": "begin", "pass_index": 0, "seconds": 225.21695411438122}
{"event": "COMPACT_TIMING", "stage": "endpoint_facts", "boundary": "end", "pass_index": 0, "seconds": 226.48350989632308}
{"event": "COMPACT_TIMING", "stage": "witness", "boundary": "begin", "pass_index": 0, "seconds": 226.48354776808992}
{"event": "COMPACT_RUNTIME_HASH", "boundary": "begin", "elapsed_seconds": 0.0, "item_count": 1941}
{"event": "COMPACT_RUNTIME_HASH", "boundary": "end", "elapsed_seconds": 0.2112839170731604, "item_count": 1941}
{"event": "COMPACT_TIMING", "stage": "witness", "boundary": "end", "pass_index": 0, "seconds": 228.55425943201408}
{"event": "COMPACT_TIMING", "stage": "diagnostic", "boundary": "begin", "pass_index": 0, "seconds": 228.55430986406282}
{"event": "COMPACT_RUNTIME_HASH", "boundary": "begin", "elapsed_seconds": 0.0, "item_count": 1941}
{"event": "COMPACT_RUNTIME_HASH", "boundary": "end", "elapsed_seconds": 0.30509249214082956, "item_count": 1941}
{"event": "COMPACT_RUNTIME_HASH", "boundary": "begin", "elapsed_seconds": 0.0, "item_count": 1941}
{"event": "COMPACT_RUNTIME_HASH", "boundary": "end", "elapsed_seconds": 0.30242436239495873, "item_count": 1941}
{"event": "COMPACT_RUNTIME_HASH", "boundary": "begin", "elapsed_seconds": 0.0, "item_count": 1941}
{"event": "COMPACT_RUNTIME_HASH", "boundary": "end", "elapsed_seconds": 0.29466629261150956, "item_count": 1941}
{"event": "COMPACT_RUNTIME_HASH", "boundary": "begin", "elapsed_seconds": 0.0, "item_count": 1941}
{"event": "COMPACT_RUNTIME_HASH", "boundary": "end", "elapsed_seconds": 0.29158057924360037, "item_count": 1941}
{"event": "COMPACT_RUNTIME_HASH", "boundary": "begin", "elapsed_seconds": 0.0, "item_count": 1941}
{"event": "COMPACT_RUNTIME_HASH", "boundary": "end", "elapsed_seconds": 0.34804169461131096, "item_count": 1941}
{"event": "COMPACT_RUNTIME_HASH", "boundary": "begin", "elapsed_seconds": 0.0, "item_count": 1941}
{"event": "COMPACT_RUNTIME_HASH", "boundary": "end", "elapsed_seconds": 0.2763618337921798, "item_count": 1941}
{"event": "COMPACT_RUNTIME_HASH", "boundary": "begin", "elapsed_seconds": 0.0, "item_count": 1941}
{"event": "COMPACT_RUNTIME_HASH", "boundary": "end", "elapsed_seconds": 0.26607475616037846, "item_count": 1941}
{"event": "COMPACT_RUNTIME_HASH", "boundary": "begin", "elapsed_seconds": 0.0, "item_count": 1941}
{"event": "COMPACT_RUNTIME_HASH", "boundary": "end", "elapsed_seconds": 0.2994075231254101, "item_count": 1941}
{"event": "COMPACT_RUNTIME_HASH", "boundary": "begin", "elapsed_seconds": 0.0, "item_count": 1941}
{"event": "COMPACT_RUNTIME_HASH", "boundary": "end", "elapsed_seconds": 0.3335300199687481, "item_count": 1941}
{"event": "COMPACT_RUNTIME_HASH", "boundary": "begin", "elapsed_seconds": 0.0, "item_count": 1941}
{"event": "COMPACT_RUNTIME_HASH", "boundary": "end", "elapsed_seconds": 0.47672400902956724, "item_count": 1941}
{"event": "COMPACT_RUNTIME_HASH", "boundary": "begin", "elapsed_seconds": 0.0, "item_count": 1941}
{"event": "COMPACT_RUNTIME_HASH", "boundary": "end", "elapsed_seconds": 0.3411557017825544, "item_count": 1941}
{"event": "COMPACT_RUNTIME_HASH", "boundary": "begin", "elapsed_seconds": 0.0, "item_count": 1941}
{"event": "COMPACT_RUNTIME_HASH", "boundary": "end", "elapsed_seconds": 0.30254073766991496, "item_count": 1941}
{"event": "COMPACT_TIMING", "stage": "diagnostic", "boundary": "end", "pass_index": 0, "seconds": 237.93450302118436}
{"event": "COMPACT_TIMING", "stage": "export_pass", "boundary": "begin", "pass_index": 0, "seconds": 237.9345273412764}
{"event": "COMPACT_TIMING", "stage": "images_outputs", "boundary": "begin", "role": "query", "batch_start": 0, "batch_size": 32, "seconds": 237.9345677252859}
{"event": "COMPACT_RUNTIME_HASH", "boundary": "begin", "elapsed_seconds": 0.0, "item_count": 1941}
{"event": "COMPACT_RUNTIME_HASH", "boundary": "end", "elapsed_seconds": 0.311598087195307, "item_count": 1941}
{"event": "COMPACT_TIMING", "stage": "images_outputs", "boundary": "end", "role": "query", "batch_start": 0, "batch_size": 32, "seconds": 239.41352883633226}
{"event": "COMPACT_TIMING", "stage": "images_outputs", "boundary": "begin", "role": "query", "batch_start": 32, "batch_size": 32, "seconds": 239.42762839514762}
{"event": "COMPACT_RUNTIME_HASH", "boundary": "begin", "elapsed_seconds": 0.0, "item_count": 1941}
{"event": "COMPACT_RUNTIME_HASH", "boundary": "end", "elapsed_seconds": 0.34353921888396144, "item_count": 1941}
{"event": "COMPACT_TIMING", "stage": "images_outputs", "boundary": "end", "role": "query", "batch_start": 32, "batch_size": 32, "seconds": 240.54904216108844}
{"event": "COMPACT_TIMING", "stage": "images_outputs", "boundary": "begin", "role": "query", "batch_start": 64, "batch_size": 32, "seconds": 240.55064166616648}
{"event": "COMPACT_RUNTIME_HASH", "boundary": "begin", "elapsed_seconds": 0.0, "item_count": 1941}
{"event": "COMPACT_RUNTIME_HASH", "boundary": "end", "elapsed_seconds": 0.3062031529843807, "item_count": 1941}
{"event": "COMPACT_TIMING", "stage": "images_outputs", "boundary": "end", "role": "query", "batch_start": 64, "batch_size": 32, "seconds": 241.61057012015954}
{"event": "COMPACT_TIMING", "stage": "images_outputs", "boundary": "begin", "role": "query", "batch_start": 96, "batch_size": 32, "seconds": 241.6124189691618}
{"event": "COMPACT_RUNTIME_HASH", "boundary": "begin", "elapsed_seconds": 0.0, "item_count": 1941}
{"event": "COMPACT_RUNTIME_HASH", "boundary": "end", "elapsed_seconds": 0.30117450980469584, "item_count": 1941}
{"event": "COMPACT_TIMING", "stage": "images_outputs", "boundary": "end", "role": "query", "batch_start": 96, "batch_size": 32, "seconds": 242.67991511896253}
{"event": "COMPACT_TIMING", "stage": "images_outputs", "boundary": "begin", "role": "query", "batch_start": 128, "batch_size": 32, "seconds": 242.68091628700495}
{"event": "COMPACT_RUNTIME_HASH", "boundary": "begin", "elapsed_seconds": 0.0, "item_count": 1941}
{"event": "COMPACT_RUNTIME_HASH", "boundary": "end", "elapsed_seconds": 0.2874990631826222, "item_count": 1941}
{"event": "COMPACT_TIMING", "stage": "images_outputs", "boundary": "end", "role": "query", "batch_start": 128, "batch_size": 32, "seconds": 243.74007694097236}
{"event": "COMPACT_TIMING", "stage": "images_outputs", "boundary": "begin", "role": "query", "batch_start": 160, "batch_size": 32, "seconds": 243.7410980463028}
{"event": "COMPACT_RUNTIME_HASH", "boundary": "begin", "elapsed_seconds": 0.0, "item_count": 1941}
{"event": "COMPACT_RUNTIME_HASH", "boundary": "end", "elapsed_seconds": 0.3011777079664171, "item_count": 1941}
{"event": "COMPACT_TIMING", "stage": "images_outputs", "boundary": "end", "role": "query", "batch_start": 160, "batch_size": 32, "seconds": 244.7850072812289}
{"event": "COMPACT_TIMING", "stage": "images_outputs", "boundary": "begin", "role": "query", "batch_start": 192, "batch_size": 32, "seconds": 244.786296882201}
{"event": "COMPACT_RUNTIME_HASH", "boundary": "begin", "elapsed_seconds": 0.0, "item_count": 1941}
{"event": "COMPACT_RUNTIME_HASH", "boundary": "end", "elapsed_seconds": 0.5005207108333707, "item_count": 1941}
{"event": "COMPACT_TIMING", "stage": "images_outputs", "boundary": "end", "role": "query", "batch_start": 192, "batch_size": 32, "seconds": 246.04448475595564}
{"event": "COMPACT_TIMING", "stage": "images_outputs", "boundary": "begin", "role": "query", "batch_start": 224, "batch_size": 32, "seconds": 246.04582200525329}
{"event": "COMPACT_RUNTIME_HASH", "boundary": "begin", "elapsed_seconds": 0.0, "item_count": 1941}
{"event": "COMPACT_RUNTIME_HASH", "boundary": "end", "elapsed_seconds": 0.2787225120700896, "item_count": 1941}
{"event": "COMPACT_TIMING", "stage": "images_outputs", "boundary": "end", "role": "query", "batch_start": 224, "batch_size": 32, "seconds": 247.07901655510068}
{"event": "COMPACT_TIMING", "stage": "images_outputs", "boundary": "begin", "role": "query", "batch_start": 256, "batch_size": 32, "seconds": 247.08045753231272}
{"event": "COMPACT_RUNTIME_HASH", "boundary": "begin", "elapsed_seconds": 0.0, "item_count": 1941}
{"event": "COMPACT_RUNTIME_HASH", "boundary": "end", "elapsed_seconds": 0.3141993898898363, "item_count": 1941}
{"event": "COMPACT_TIMING", "stage": "images_outputs", "boundary": "end", "role": "query", "batch_start": 256, "batch_size": 32, "seconds": 248.14933843212202}
{"event": "COMPACT_TIMING", "stage": "images_outputs", "boundary": "begin", "role": "query", "batch_start": 288, "batch_size": 32, "seconds": 248.14961361605674}
{"event": "COMPACT_RUNTIME_HASH", "boundary": "begin", "elapsed_seconds": 0.0, "item_count": 1941}
{"event": "COMPACT_RUNTIME_HASH", "boundary": "end", "elapsed_seconds": 0.2988128699362278, "item_count": 1941}
{"event": "COMPACT_TIMING", "stage": "images_outputs", "boundary": "end", "role": "query", "batch_start": 288, "batch_size": 32, "seconds": 249.21061637997627}
{"event": "COMPACT_TIMING", "stage": "images_outputs", "boundary": "begin", "role": "query", "batch_start": 320, "batch_size": 32, "seconds": 249.2122088931501}
{"event": "COMPACT_RUNTIME_HASH", "boundary": "begin", "elapsed_seconds": 0.0, "item_count": 1941}
{"event": "COMPACT_RUNTIME_HASH", "boundary": "end", "elapsed_seconds": 0.3080462021753192, "item_count": 1941}
{"event": "COMPACT_TIMING", "stage": "images_outputs", "boundary": "end", "role": "query", "batch_start": 320, "batch_size": 32, "seconds": 250.29013059008867}
{"event": "COMPACT_TIMING", "stage": "images_outputs", "boundary": "begin", "role": "query", "batch_start": 352, "batch_size": 32, "seconds": 250.29140382213518}
{"event": "COMPACT_RUNTIME_HASH", "boundary": "begin", "elapsed_seconds": 0.0, "item_count": 1941}
{"event": "COMPACT_RUNTIME_HASH", "boundary": "end", "elapsed_seconds": 0.32542454404756427, "item_count": 1941}
{"event": "COMPACT_TIMING", "stage": "images_outputs", "boundary": "end", "role": "query", "batch_start": 352, "batch_size": 32, "seconds": 251.36848505120724}
{"event": "COMPACT_TIMING", "stage": "images_outputs", "boundary": "begin", "role": "query", "batch_start": 384, "batch_size": 32, "seconds": 251.36948442738503}
{"event": "COMPACT_RUNTIME_HASH", "boundary": "begin", "elapsed_seconds": 0.0, "item_count": 1941}
{"event": "COMPACT_RUNTIME_HASH", "boundary": "end", "elapsed_seconds": 0.34036774979904294, "item_count": 1941}
{"event": "COMPACT_TIMING", "stage": "images_outputs", "boundary": "end", "role": "query", "batch_start": 384, "batch_size": 32, "seconds": 252.46733841393143}
{"event": "COMPACT_TIMING", "stage": "images_outputs", "boundary": "begin", "role": "query", "batch_start": 416, "batch_size": 32, "seconds": 252.46875155018643}
{"event": "COMPACT_RUNTIME_HASH", "boundary": "begin", "elapsed_seconds": 0.0, "item_count": 1941}
{"event": "COMPACT_RUNTIME_HASH", "boundary": "end", "elapsed_seconds": 0.3346598418429494, "item_count": 1941}
{"event": "COMPACT_TIMING", "stage": "images_outputs", "boundary": "end", "role": "query", "batch_start": 416, "batch_size": 32, "seconds": 253.55302352737635}
{"event": "COMPACT_TIMING", "stage": "images_outputs", "boundary": "begin", "role": "query", "batch_start": 448, "batch_size": 32, "seconds": 253.5544573990628}
{"event": "COMPACT_RUNTIME_HASH", "boundary": "begin", "elapsed_seconds": 0.0, "item_count": 1941}
{"event": "COMPACT_RUNTIME_HASH", "boundary": "end", "elapsed_seconds": 0.31296261493116617, "item_count": 1941}
{"event": "COMPACT_TIMING", "stage": "images_outputs", "boundary": "end", "role": "query", "batch_start": 448, "batch_size": 32, "seconds": 254.63115764129907}
{"event": "COMPACT_TIMING", "stage": "images_outputs", "boundary": "begin", "role": "query", "batch_start": 480, "batch_size": 32, "seconds": 254.6330537223257}
{"event": "COMPACT_RUNTIME_HASH", "boundary": "begin", "elapsed_seconds": 0.0, "item_count": 1941}
{"event": "COMPACT_RUNTIME_HASH", "boundary": "end", "elapsed_seconds": 0.2697752029635012, "item_count": 1941}
{"event": "COMPACT_TIMING", "stage": "images_outputs", "boundary": "end", "role": "query", "batch_start": 480, "batch_size": 32, "seconds": 255.64822838129476}
{"event": "COMPACT_TIMING", "stage": "images_outputs", "boundary": "begin", "role": "query", "batch_start": 512, "batch_size": 32, "seconds": 255.64980668621138}
{"event": "COMPACT_RUNTIME_HASH", "boundary": "begin", "elapsed_seconds": 0.0, "item_count": 1941}
{"event": "COMPACT_RUNTIME_HASH", "boundary": "end", "elapsed_seconds": 0.29046407621353865, "item_count": 1941}
{"event": "COMPACT_TIMING", "stage": "images_outputs", "boundary": "end", "role": "query", "batch_start": 512, "batch_size": 32, "seconds": 256.707425264176}
{"event": "COMPACT_TIMING", "stage": "images_outputs", "boundary": "begin", "role": "query", "batch_start": 544, "batch_size": 32, "seconds": 256.70816804934293}
{"event": "COMPACT_RUNTIME_HASH", "boundary": "begin", "elapsed_seconds": 0.0, "item_count": 1941}
{"event": "COMPACT_RUNTIME_HASH", "boundary": "end", "elapsed_seconds": 0.3283306029625237, "item_count": 1941}
{"event": "COMPACT_TIMING", "stage": "images_outputs", "boundary": "end", "role": "query", "batch_start": 544, "batch_size": 32, "seconds": 257.8192900540307}
{"event": "COMPACT_TIMING", "stage": "images_outputs", "boundary": "begin", "role": "query", "batch_start": 576, "batch_size": 32, "seconds": 257.8206799910404}
{"event": "COMPACT_RUNTIME_HASH", "boundary": "begin", "elapsed_seconds": 0.0, "item_count": 1941}
{"event": "COMPACT_RUNTIME_HASH", "boundary": "end", "elapsed_seconds": 0.4850113713182509, "item_count": 1941}
{"event": "COMPACT_TIMING", "stage": "images_outputs", "boundary": "end", "role": "query", "batch_start": 576, "batch_size": 32, "seconds": 259.08205594308674}
{"event": "COMPACT_TIMING", "stage": "images_outputs", "boundary": "begin", "role": "query", "batch_start": 608, "batch_size": 32, "seconds": 259.08345263125375}
{"event": "COMPACT_RUNTIME_HASH", "boundary": "begin", "elapsed_seconds": 0.0, "item_count": 1941}
{"event": "COMPACT_RUNTIME_HASH", "boundary": "end", "elapsed_seconds": 0.31777149299159646, "item_count": 1941}
{"event": "COMPACT_TIMING", "stage": "images_outputs", "boundary": "end", "role": "query", "batch_start": 608, "batch_size": 32, "seconds": 260.1619421830401}
{"event": "COMPACT_TIMING", "stage": "images_outputs", "boundary": "begin", "role": "query", "batch_start": 640, "batch_size": 32, "seconds": 260.16304812021554}
{"event": "COMPACT_RUNTIME_HASH", "boundary": "begin", "elapsed_seconds": 0.0, "item_count": 1941}
{"event": "COMPACT_RUNTIME_HASH", "boundary": "end", "elapsed_seconds": 0.2854987904429436, "item_count": 1941}
{"event": "COMPACT_TIMING", "stage": "images_outputs", "boundary": "end", "role": "query", "batch_start": 640, "batch_size": 32, "seconds": 261.2073385659605}
{"event": "COMPACT_TIMING", "stage": "images_outputs", "boundary": "begin", "role": "query", "batch_start": 672, "batch_size": 32, "seconds": 261.2078584060073}
{"event": "COMPACT_RUNTIME_HASH", "boundary": "begin", "elapsed_seconds": 0.0, "item_count": 1941}
{"event": "COMPACT_RUNTIME_HASH", "boundary": "end", "elapsed_seconds": 0.3247946281917393, "item_count": 1941}
{"event": "COMPACT_TIMING", "stage": "images_outputs", "boundary": "end", "role": "query", "batch_start": 672, "batch_size": 32, "seconds": 262.304838007316}
{"event": "COMPACT_TIMING", "stage": "images_outputs", "boundary": "begin", "role": "query", "batch_start": 704, "batch_size": 32, "seconds": 262.3062890311703}
{"event": "COMPACT_RUNTIME_HASH", "boundary": "begin", "elapsed_seconds": 0.0, "item_count": 1941}
{"event": "COMPACT_RUNTIME_HASH", "boundary": "end", "elapsed_seconds": 0.311805022880435, "item_count": 1941}
{"event": "COMPACT_TIMING", "stage": "images_outputs", "boundary": "end", "role": "query", "batch_start": 704, "batch_size": 32, "seconds": 263.3890237743035}
{"event": "COMPACT_TIMING", "stage": "images_outputs", "boundary": "begin", "role": "query", "batch_start": 736, "batch_size": 32, "seconds": 263.38997633522376}
{"event": "COMPACT_RUNTIME_HASH", "boundary": "begin", "elapsed_seconds": 0.0, "item_count": 1941}
{"event": "COMPACT_RUNTIME_HASH", "boundary": "end", "elapsed_seconds": 0.30545028299093246, "item_count": 1941}
{"event": "COMPACT_TIMING", "stage": "images_outputs", "boundary": "end", "role": "query", "batch_start": 736, "batch_size": 32, "seconds": 264.4465210791677}
{"event": "COMPACT_TIMING", "stage": "images_outputs", "boundary": "begin", "role": "query", "batch_start": 768, "batch_size": 32, "seconds": 264.4475358319469}
{"event": "COMPACT_RUNTIME_HASH", "boundary": "begin", "elapsed_seconds": 0.0, "item_count": 1941}
{"event": "COMPACT_RUNTIME_HASH", "boundary": "end", "elapsed_seconds": 0.3409150317311287, "item_count": 1941}
{"event": "COMPACT_TIMING", "stage": "images_outputs", "boundary": "end", "role": "query", "batch_start": 768, "batch_size": 32, "seconds": 265.55139795225114}
{"event": "COMPACT_TIMING", "stage": "images_outputs", "boundary": "begin", "role": "query", "batch_start": 800, "batch_size": 32, "seconds": 265.5547678731382}
{"event": "COMPACT_RUNTIME_HASH", "boundary": "begin", "elapsed_seconds": 0.0, "item_count": 1941}
{"event": "COMPACT_RUNTIME_HASH", "boundary": "end", "elapsed_seconds": 0.35138690611347556, "item_count": 1941}
{"event": "COMPACT_TIMING", "stage": "images_outputs", "boundary": "end", "role": "query", "batch_start": 800, "batch_size": 32, "seconds": 266.65796240605414}
{"event": "COMPACT_TIMING", "stage": "images_outputs", "boundary": "begin", "role": "query", "batch_start": 832, "batch_size": 32, "seconds": 266.6594409500249}
{"event": "COMPACT_RUNTIME_HASH", "boundary": "begin", "elapsed_seconds": 0.0, "item_count": 1941}
{"event": "COMPACT_RUNTIME_HASH", "boundary": "end", "elapsed_seconds": 0.3418082930147648, "item_count": 1941}
{"event": "COMPACT_TIMING", "stage": "images_outputs", "boundary": "end", "role": "query", "batch_start": 832, "batch_size": 32, "seconds": 267.7569616693072}
{"event": "COMPACT_TIMING", "stage": "images_outputs", "boundary": "begin", "role": "query", "batch_start": 864, "batch_size": 32, "seconds": 267.75818147696555}
{"event": "COMPACT_RUNTIME_HASH", "boundary": "begin", "elapsed_seconds": 0.0, "item_count": 1941}
{"event": "COMPACT_RUNTIME_HASH", "boundary": "end", "elapsed_seconds": 0.31880828412249684, "item_count": 1941}
{"event": "COMPACT_TIMING", "stage": "images_outputs", "boundary": "end", "role": "query", "batch_start": 864, "batch_size": 32, "seconds": 268.8274209010415}
{"event": "COMPACT_TIMING", "stage": "images_outputs", "boundary": "begin", "role": "query", "batch_start": 896, "batch_size": 32, "seconds": 268.82911976613104}
{"event": "COMPACT_RUNTIME_HASH", "boundary": "begin", "elapsed_seconds": 0.0, "item_count": 1941}
{"event": "COMPACT_RUNTIME_HASH", "boundary": "end", "elapsed_seconds": 0.3539037839509547, "item_count": 1941}
{"event": "COMPACT_TIMING", "stage": "images_outputs", "boundary": "end", "role": "query", "batch_start": 896, "batch_size": 32, "seconds": 269.9420271711424}
{"event": "COMPACT_TIMING", "stage": "images_outputs", "boundary": "begin", "role": "query", "batch_start": 928, "batch_size": 32, "seconds": 269.9429137953557}
{"event": "COMPACT_RUNTIME_HASH", "boundary": "begin", "elapsed_seconds": 0.0, "item_count": 1941}
{"event": "COMPACT_RUNTIME_HASH", "boundary": "end", "elapsed_seconds": 0.44315013801679015, "item_count": 1941}
{"event": "COMPACT_TIMING", "stage": "images_outputs", "boundary": "end", "role": "query", "batch_start": 928, "batch_size": 32, "seconds": 271.133742634207}
{"event": "COMPACT_TIMING", "stage": "images_outputs", "boundary": "begin", "role": "query", "batch_start": 960, "batch_size": 32, "seconds": 271.13497085822746}
{"event": "COMPACT_RUNTIME_HASH", "boundary": "begin", "elapsed_seconds": 0.0, "item_count": 1941}
{"event": "COMPACT_RUNTIME_HASH", "boundary": "end", "elapsed_seconds": 0.34008416114374995, "item_count": 1941}
{"event": "COMPACT_TIMING", "stage": "images_outputs", "boundary": "end", "role": "query", "batch_start": 960, "batch_size": 32, "seconds": 272.2393599320203}
{"event": "COMPACT_TIMING", "stage": "images_outputs", "boundary": "begin", "role": "query", "batch_start": 992, "batch_size": 32, "seconds": 272.2412679810077}
{"event": "COMPACT_RUNTIME_HASH", "boundary": "begin", "elapsed_seconds": 0.0, "item_count": 1941}
{"event": "COMPACT_RUNTIME_HASH", "boundary": "end", "elapsed_seconds": 0.32607684191316366, "item_count": 1941}
{"event": "COMPACT_TIMING", "stage": "images_outputs", "boundary": "end", "role": "query", "batch_start": 992, "batch_size": 32, "seconds": 273.3368918481283}
{"event": "COMPACT_TIMING", "stage": "images_outputs", "boundary": "begin", "role": "query", "batch_start": 1024, "batch_size": 32, "seconds": 273.338682312984}
{"event": "COMPACT_RUNTIME_HASH", "boundary": "begin", "elapsed_seconds": 0.0, "item_count": 1941}
{"event": "COMPACT_RUNTIME_HASH", "boundary": "end", "elapsed_seconds": 0.28459050599485636, "item_count": 1941}
{"event": "COMPACT_TIMING", "stage": "images_outputs", "boundary": "end", "role": "query", "batch_start": 1024, "batch_size": 32, "seconds": 274.38771715108305}
{"event": "COMPACT_TIMING", "stage": "images_outputs", "boundary": "begin", "role": "query", "batch_start": 1056, "batch_size": 32, "seconds": 274.3904070723802}
{"event": "COMPACT_RUNTIME_HASH", "boundary": "begin", "elapsed_seconds": 0.0, "item_count": 1941}
{"event": "COMPACT_RUNTIME_HASH", "boundary": "end", "elapsed_seconds": 0.3756026499904692, "item_count": 1941}
{"event": "COMPACT_TIMING", "stage": "images_outputs", "boundary": "end", "role": "query", "batch_start": 1056, "batch_size": 32, "seconds": 275.5444813701324}
{"event": "COMPACT_TIMING", "stage": "images_outputs", "boundary": "begin", "role": "query", "batch_start": 1088, "batch_size": 32, "seconds": 275.54536293819547}
{"event": "COMPACT_RUNTIME_HASH", "boundary": "begin", "elapsed_seconds": 0.0, "item_count": 1941}
{"event": "COMPACT_RUNTIME_HASH", "boundary": "end", "elapsed_seconds": 0.2822595271281898, "item_count": 1941}
{"event": "COMPACT_TIMING", "stage": "images_outputs", "boundary": "end", "role": "query", "batch_start": 1088, "batch_size": 32, "seconds": 276.5702978409827}
{"event": "COMPACT_TIMING", "stage": "images_outputs", "boundary": "begin", "role": "query", "batch_start": 1120, "batch_size": 32, "seconds": 276.57168531324714}
{"event": "COMPACT_RUNTIME_HASH", "boundary": "begin", "elapsed_seconds": 0.0, "item_count": 1941}
{"event": "COMPACT_RUNTIME_HASH", "boundary": "end", "elapsed_seconds": 0.3437878997065127, "item_count": 1941}
{"event": "COMPACT_TIMING", "stage": "images_outputs", "boundary": "end", "role": "query", "batch_start": 1120, "batch_size": 32, "seconds": 277.6611209399998}
{"event": "COMPACT_TIMING", "stage": "images_outputs", "boundary": "begin", "role": "query", "batch_start": 1152, "batch_size": 32, "seconds": 277.66192756406963}
{"event": "COMPACT_RUNTIME_HASH", "boundary": "begin", "elapsed_seconds": 0.0, "item_count": 1941}
{"event": "COMPACT_RUNTIME_HASH", "boundary": "end", "elapsed_seconds": 0.3148179370909929, "item_count": 1941}
{"event": "COMPACT_TIMING", "stage": "images_outputs", "boundary": "end", "role": "query", "batch_start": 1152, "batch_size": 32, "seconds": 278.73659465415403}
{"event": "COMPACT_TIMING", "stage": "images_outputs", "boundary": "begin", "role": "query", "batch_start": 1184, "batch_size": 32, "seconds": 278.7384662711993}
{"event": "COMPACT_RUNTIME_HASH", "boundary": "begin", "elapsed_seconds": 0.0, "item_count": 1941}
{"event": "COMPACT_RUNTIME_HASH", "boundary": "end", "elapsed_seconds": 0.3217807072214782, "item_count": 1941}
{"event": "COMPACT_TIMING", "stage": "images_outputs", "boundary": "end", "role": "query", "batch_start": 1184, "batch_size": 32, "seconds": 279.833283924032}
{"event": "COMPACT_TIMING", "stage": "images_outputs", "boundary": "begin", "role": "query", "batch_start": 1216, "batch_size": 32, "seconds": 279.8348841010593}
{"event": "COMPACT_RUNTIME_HASH", "boundary": "begin", "elapsed_seconds": 0.0, "item_count": 1941}
{"event": "COMPACT_RUNTIME_HASH", "boundary": "end", "elapsed_seconds": 0.4582387376576662, "item_count": 1941}
{"event": "COMPACT_TIMING", "stage": "images_outputs", "boundary": "end", "role": "query", "batch_start": 1216, "batch_size": 32, "seconds": 281.0469584320672}
{"event": "COMPACT_TIMING", "stage": "images_outputs", "boundary": "begin", "role": "query", "batch_start": 1248, "batch_size": 32, "seconds": 281.0484416000545}
{"event": "COMPACT_RUNTIME_HASH", "boundary": "begin", "elapsed_seconds": 0.0, "item_count": 1941}
{"event": "COMPACT_RUNTIME_HASH", "boundary": "end", "elapsed_seconds": 0.33557946188375354, "item_count": 1941}
{"event": "COMPACT_TIMING", "stage": "images_outputs", "boundary": "end", "role": "query", "batch_start": 1248, "batch_size": 32, "seconds": 282.15307376207784}
{"event": "COMPACT_TIMING", "stage": "images_outputs", "boundary": "begin", "role": "query", "batch_start": 1280, "batch_size": 32, "seconds": 282.15513262711465}
{"event": "COMPACT_RUNTIME_HASH", "boundary": "begin", "elapsed_seconds": 0.0, "item_count": 1941}
{"event": "COMPACT_RUNTIME_HASH", "boundary": "end", "elapsed_seconds": 0.33241049898788333, "item_count": 1941}
{"event": "COMPACT_TIMING", "stage": "images_outputs", "boundary": "end", "role": "query", "batch_start": 1280, "batch_size": 32, "seconds": 283.2436844431795}
{"event": "COMPACT_TIMING", "stage": "images_outputs", "boundary": "begin", "role": "query", "batch_start": 1312, "batch_size": 32, "seconds": 283.2445570351556}
{"event": "COMPACT_RUNTIME_HASH", "boundary": "begin", "elapsed_seconds": 0.0, "item_count": 1941}
{"event": "COMPACT_RUNTIME_HASH", "boundary": "end", "elapsed_seconds": 0.3291705292649567, "item_count": 1941}
{"event": "COMPACT_TIMING", "stage": "images_outputs", "boundary": "end", "role": "query", "batch_start": 1312, "batch_size": 32, "seconds": 284.33217699220404}
{"event": "COMPACT_TIMING", "stage": "images_outputs", "boundary": "begin", "role": "query", "batch_start": 1344, "batch_size": 32, "seconds": 284.33416302502155}
{"event": "COMPACT_RUNTIME_HASH", "boundary": "begin", "elapsed_seconds": 0.0, "item_count": 1941}
{"event": "COMPACT_RUNTIME_HASH", "boundary": "end", "elapsed_seconds": 0.28398616006597877, "item_count": 1941}
{"event": "COMPACT_TIMING", "stage": "images_outputs", "boundary": "end", "role": "query", "batch_start": 1344, "batch_size": 32, "seconds": 285.39179331995547}
{"event": "COMPACT_TIMING", "stage": "images_outputs", "boundary": "begin", "role": "query", "batch_start": 1376, "batch_size": 32, "seconds": 285.39328340021893}
{"event": "COMPACT_RUNTIME_HASH", "boundary": "begin", "elapsed_seconds": 0.0, "item_count": 1941}
{"event": "COMPACT_RUNTIME_HASH", "boundary": "end", "elapsed_seconds": 0.3481496209278703, "item_count": 1941}
{"event": "COMPACT_TIMING", "stage": "images_outputs", "boundary": "end", "role": "query", "batch_start": 1376, "batch_size": 32, "seconds": 286.5101263523102}
{"event": "COMPACT_TIMING", "stage": "images_outputs", "boundary": "begin", "role": "query", "batch_start": 1408, "batch_size": 32, "seconds": 286.51150795212016}
{"event": "COMPACT_RUNTIME_HASH", "boundary": "begin", "elapsed_seconds": 0.0, "item_count": 1941}
{"event": "COMPACT_RUNTIME_HASH", "boundary": "end", "elapsed_seconds": 0.2876834562048316, "item_count": 1941}
{"event": "COMPACT_TIMING", "stage": "images_outputs", "boundary": "end", "role": "query", "batch_start": 1408, "batch_size": 32, "seconds": 287.5622938540764}
{"event": "COMPACT_TIMING", "stage": "images_outputs", "boundary": "begin", "role": "query", "batch_start": 1440, "batch_size": 32, "seconds": 287.56345233507454}
{"event": "COMPACT_RUNTIME_HASH", "boundary": "begin", "elapsed_seconds": 0.0, "item_count": 1941}
{"event": "COMPACT_RUNTIME_HASH", "boundary": "end", "elapsed_seconds": 0.33788028825074434, "item_count": 1941}
{"event": "COMPACT_TIMING", "stage": "images_outputs", "boundary": "end", "role": "query", "batch_start": 1440, "batch_size": 32, "seconds": 288.6753592141904}
{"event": "COMPACT_TIMING", "stage": "images_outputs", "boundary": "begin", "role": "query", "batch_start": 1472, "batch_size": 32, "seconds": 288.6774568632245}
{"event": "COMPACT_RUNTIME_HASH", "boundary": "begin", "elapsed_seconds": 0.0, "item_count": 1941}
{"event": "COMPACT_RUNTIME_HASH", "boundary": "end", "elapsed_seconds": 0.3108915090560913, "item_count": 1941}
{"event": "COMPACT_TIMING", "stage": "images_outputs", "boundary": "end", "role": "query", "batch_start": 1472, "batch_size": 32, "seconds": 289.75762860802934}
{"event": "COMPACT_TIMING", "stage": "images_outputs", "boundary": "begin", "role": "query", "batch_start": 1504, "batch_size": 32, "seconds": 289.75826073624194}
{"event": "COMPACT_RUNTIME_HASH", "boundary": "begin", "elapsed_seconds": 0.0, "item_count": 1941}
{"event": "COMPACT_RUNTIME_HASH", "boundary": "end", "elapsed_seconds": 0.30952043598517776, "item_count": 1941}
{"event": "COMPACT_TIMING", "stage": "images_outputs", "boundary": "end", "role": "query", "batch_start": 1504, "batch_size": 32, "seconds": 290.82266338402405}
{"event": "COMPACT_TIMING", "stage": "images_outputs", "boundary": "begin", "role": "query", "batch_start": 1536, "batch_size": 32, "seconds": 290.82404039334506}
{"event": "COMPACT_RUNTIME_HASH", "boundary": "begin", "elapsed_seconds": 0.0, "item_count": 1941}
{"event": "COMPACT_RUNTIME_HASH", "boundary": "end", "elapsed_seconds": 0.502882496919483, "item_count": 1941}
{"event": "COMPACT_TIMING", "stage": "images_outputs", "boundary": "end", "role": "query", "batch_start": 1536, "batch_size": 32, "seconds": 292.0778567781672}
{"event": "COMPACT_TIMING", "stage": "images_outputs", "boundary": "begin", "role": "query", "batch_start": 1568, "batch_size": 32, "seconds": 292.08005977096036}
{"event": "COMPACT_RUNTIME_HASH", "boundary": "begin", "elapsed_seconds": 0.0, "item_count": 1941}
{"event": "COMPACT_RUNTIME_HASH", "boundary": "end", "elapsed_seconds": 0.3195292209275067, "item_count": 1941}
{"event": "COMPACT_TIMING", "stage": "images_outputs", "boundary": "end", "role": "query", "batch_start": 1568, "batch_size": 32, "seconds": 293.1538370549679}
{"event": "COMPACT_TIMING", "stage": "images_outputs", "boundary": "begin", "role": "query", "batch_start": 1600, "batch_size": 32, "seconds": 293.1552455513738}
{"event": "COMPACT_RUNTIME_HASH", "boundary": "begin", "elapsed_seconds": 0.0, "item_count": 1941}
{"event": "COMPACT_RUNTIME_HASH", "boundary": "end", "elapsed_seconds": 0.3078071530908346, "item_count": 1941}
{"event": "COMPACT_TIMING", "stage": "images_outputs", "boundary": "end", "role": "query", "batch_start": 1600, "batch_size": 32, "seconds": 294.2216757419519}
{"event": "COMPACT_TIMING", "stage": "images_outputs", "boundary": "begin", "role": "query", "batch_start": 1632, "batch_size": 32, "seconds": 294.2225647023879}
{"event": "COMPACT_RUNTIME_HASH", "boundary": "begin", "elapsed_seconds": 0.0, "item_count": 1941}
{"event": "COMPACT_RUNTIME_HASH", "boundary": "end", "elapsed_seconds": 0.32610477413982153, "item_count": 1941}
{"event": "COMPACT_TIMING", "stage": "images_outputs", "boundary": "end", "role": "query", "batch_start": 1632, "batch_size": 32, "seconds": 295.30194924538955}
{"event": "COMPACT_TIMING", "stage": "images_outputs", "boundary": "begin", "role": "query", "batch_start": 1664, "batch_size": 32, "seconds": 295.30429371027276}
{"event": "COMPACT_RUNTIME_HASH", "boundary": "begin", "elapsed_seconds": 0.0, "item_count": 1941}
{"event": "COMPACT_RUNTIME_HASH", "boundary": "end", "elapsed_seconds": 0.3363784230314195, "item_count": 1941}
{"event": "COMPACT_TIMING", "stage": "images_outputs", "boundary": "end", "role": "query", "batch_start": 1664, "batch_size": 32, "seconds": 296.400801487267}
{"event": "COMPACT_TIMING", "stage": "images_outputs", "boundary": "begin", "role": "query", "batch_start": 1696, "batch_size": 32, "seconds": 296.4021868160926}
{"event": "COMPACT_RUNTIME_HASH", "boundary": "begin", "elapsed_seconds": 0.0, "item_count": 1941}
{"event": "COMPACT_RUNTIME_HASH", "boundary": "end", "elapsed_seconds": 0.31275316840037704, "item_count": 1941}
{"event": "COMPACT_TIMING", "stage": "images_outputs", "boundary": "end", "role": "query", "batch_start": 1696, "batch_size": 32, "seconds": 297.46411398705095}
{"event": "COMPACT_TIMING", "stage": "images_outputs", "boundary": "begin", "role": "query", "batch_start": 1728, "batch_size": 6, "seconds": 297.4655309310183}
{"event": "COMPACT_RUNTIME_HASH", "boundary": "begin", "elapsed_seconds": 0.0, "item_count": 1941}
{"event": "COMPACT_RUNTIME_HASH", "boundary": "end", "elapsed_seconds": 0.3267048979178071, "item_count": 1941}
{"event": "COMPACT_TIMING", "stage": "images_outputs", "boundary": "end", "role": "query", "batch_start": 1728, "batch_size": 6, "seconds": 298.1981773930602}
{"event": "COMPACT_TIMING", "stage": "images_outputs", "boundary": "begin", "role": "gallery", "batch_start": 0, "batch_size": 32, "seconds": 298.19825273705646}
{"event": "COMPACT_RUNTIME_HASH", "boundary": "begin", "elapsed_seconds": 0.0, "item_count": 1941}
{"event": "COMPACT_RUNTIME_HASH", "boundary": "end", "elapsed_seconds": 0.3192996638827026, "item_count": 1941}
{"event": "COMPACT_TIMING", "stage": "images_outputs", "boundary": "end", "role": "gallery", "batch_start": 0, "batch_size": 32, "seconds": 299.64110560016707}
{"event": "COMPACT_TIMING", "stage": "images_outputs", "boundary": "begin", "role": "gallery", "batch_start": 32, "batch_size": 32, "seconds": 299.6427199523896}
{"event": "COMPACT_RUNTIME_HASH", "boundary": "begin", "elapsed_seconds": 0.0, "item_count": 1941}
{"event": "COMPACT_RUNTIME_HASH", "boundary": "end", "elapsed_seconds": 0.31979854172095656, "item_count": 1941}
{"event": "COMPACT_TIMING", "stage": "images_outputs", "boundary": "end", "role": "gallery", "batch_start": 32, "batch_size": 32, "seconds": 300.73898235615343}
{"event": "COMPACT_TIMING", "stage": "images_outputs", "boundary": "begin", "role": "gallery", "batch_start": 64, "batch_size": 32, "seconds": 300.74047814914957}
{"event": "COMPACT_RUNTIME_HASH", "boundary": "begin", "elapsed_seconds": 0.0, "item_count": 1941}
{"event": "COMPACT_RUNTIME_HASH", "boundary": "end", "elapsed_seconds": 0.353417303878814, "item_count": 1941}
{"event": "COMPACT_TIMING", "stage": "images_outputs", "boundary": "end", "role": "gallery", "batch_start": 64, "batch_size": 32, "seconds": 301.8540096259676}
{"event": "COMPACT_TIMING", "stage": "images_outputs", "boundary": "begin", "role": "gallery", "batch_start": 96, "batch_size": 32, "seconds": 301.85521057108417}
{"event": "COMPACT_RUNTIME_HASH", "boundary": "begin", "elapsed_seconds": 0.0, "item_count": 1941}
{"event": "COMPACT_RUNTIME_HASH", "boundary": "end", "elapsed_seconds": 0.28305329801514745, "item_count": 1941}
{"event": "COMPACT_TIMING", "stage": "images_outputs", "boundary": "end", "role": "gallery", "batch_start": 96, "batch_size": 32, "seconds": 302.88914525322616}
{"event": "COMPACT_TIMING", "stage": "images_outputs", "boundary": "begin", "role": "gallery", "batch_start": 128, "batch_size": 32, "seconds": 302.8910217182711}
{"event": "COMPACT_RUNTIME_HASH", "boundary": "begin", "elapsed_seconds": 0.0, "item_count": 1941}
{"event": "COMPACT_RUNTIME_HASH", "boundary": "end", "elapsed_seconds": 0.2988080861978233, "item_count": 1941}
{"event": "COMPACT_TIMING", "stage": "images_outputs", "boundary": "end", "role": "gallery", "batch_start": 128, "batch_size": 32, "seconds": 303.97196631506085}
{"event": "COMPACT_TIMING", "stage": "images_outputs", "boundary": "begin", "role": "gallery", "batch_start": 160, "batch_size": 32, "seconds": 303.97462983615696}
{"event": "COMPACT_RUNTIME_HASH", "boundary": "begin", "elapsed_seconds": 0.0, "item_count": 1941}
{"event": "COMPACT_RUNTIME_HASH", "boundary": "end", "elapsed_seconds": 0.34828845085576177, "item_count": 1941}
{"event": "COMPACT_TIMING", "stage": "images_outputs", "boundary": "end", "role": "gallery", "batch_start": 160, "batch_size": 32, "seconds": 305.25579914217815}
{"event": "COMPACT_TIMING", "stage": "images_outputs", "boundary": "begin", "role": "gallery", "batch_start": 192, "batch_size": 32, "seconds": 305.25673819798976}
{"event": "COMPACT_RUNTIME_HASH", "boundary": "begin", "elapsed_seconds": 0.0, "item_count": 1941}
{"event": "COMPACT_RUNTIME_HASH", "boundary": "end", "elapsed_seconds": 0.27846938977018, "item_count": 1941}
{"event": "COMPACT_TIMING", "stage": "images_outputs", "boundary": "end", "role": "gallery", "batch_start": 192, "batch_size": 32, "seconds": 306.2835065969266}
{"event": "COMPACT_TIMING", "stage": "images_outputs", "boundary": "begin", "role": "gallery", "batch_start": 224, "batch_size": 32, "seconds": 306.28561509400606}
{"event": "COMPACT_RUNTIME_HASH", "boundary": "begin", "elapsed_seconds": 0.0, "item_count": 1941}
{"event": "COMPACT_RUNTIME_HASH", "boundary": "end", "elapsed_seconds": 0.3067009970545769, "item_count": 1941}
{"event": "COMPACT_TIMING", "stage": "images_outputs", "boundary": "end", "role": "gallery", "batch_start": 224, "batch_size": 32, "seconds": 307.3518011011183}
{"event": "COMPACT_TIMING", "stage": "images_outputs", "boundary": "begin", "role": "gallery", "batch_start": 256, "batch_size": 32, "seconds": 307.3530912930146}
{"event": "COMPACT_RUNTIME_HASH", "boundary": "begin", "elapsed_seconds": 0.0, "item_count": 1941}
{"event": "COMPACT_RUNTIME_HASH", "boundary": "end", "elapsed_seconds": 0.32388032879680395, "item_count": 1941}
{"event": "COMPACT_TIMING", "stage": "images_outputs", "boundary": "end", "role": "gallery", "batch_start": 256, "batch_size": 32, "seconds": 308.438151222188}
{"event": "COMPACT_TIMING", "stage": "images_outputs", "boundary": "begin", "role": "gallery", "batch_start": 288, "batch_size": 32, "seconds": 308.4389606779441}
{"event": "COMPACT_RUNTIME_HASH", "boundary": "begin", "elapsed_seconds": 0.0, "item_count": 1941}
{"event": "COMPACT_RUNTIME_HASH", "boundary": "end", "elapsed_seconds": 0.28059385204687715, "item_count": 1941}
{"event": "COMPACT_TIMING", "stage": "images_outputs", "boundary": "end", "role": "gallery", "batch_start": 288, "batch_size": 32, "seconds": 309.46566420421004}
{"event": "COMPACT_TIMING", "stage": "images_outputs", "boundary": "begin", "role": "gallery", "batch_start": 320, "batch_size": 32, "seconds": 309.4662068122998}
{"event": "COMPACT_RUNTIME_HASH", "boundary": "begin", "elapsed_seconds": 0.0, "item_count": 1941}
{"event": "COMPACT_RUNTIME_HASH", "boundary": "end", "elapsed_seconds": 0.3357289847917855, "item_count": 1941}
{"event": "COMPACT_TIMING", "stage": "images_outputs", "boundary": "end", "role": "gallery", "batch_start": 320, "batch_size": 32, "seconds": 310.5576181123033}
{"event": "COMPACT_TIMING", "stage": "images_outputs", "boundary": "begin", "role": "gallery", "batch_start": 352, "batch_size": 32, "seconds": 310.5594429131597}
{"event": "COMPACT_RUNTIME_HASH", "boundary": "begin", "elapsed_seconds": 0.0, "item_count": 1941}
{"event": "COMPACT_RUNTIME_HASH", "boundary": "end", "elapsed_seconds": 0.339216873049736, "item_count": 1941}
{"event": "COMPACT_TIMING", "stage": "images_outputs", "boundary": "end", "role": "gallery", "batch_start": 352, "batch_size": 32, "seconds": 311.67482911236584}
{"event": "COMPACT_TIMING", "stage": "images_outputs", "boundary": "begin", "role": "gallery", "batch_start": 384, "batch_size": 32, "seconds": 311.6764916400425}
{"event": "COMPACT_RUNTIME_HASH", "boundary": "begin", "elapsed_seconds": 0.0, "item_count": 1941}
{"event": "COMPACT_RUNTIME_HASH", "boundary": "end", "elapsed_seconds": 0.3423700421117246, "item_count": 1941}
{"event": "COMPACT_TIMING", "stage": "images_outputs", "boundary": "end", "role": "gallery", "batch_start": 384, "batch_size": 32, "seconds": 312.7788319452666}
{"event": "COMPACT_TIMING", "stage": "images_outputs", "boundary": "begin", "role": "gallery", "batch_start": 416, "batch_size": 32, "seconds": 312.78022949723527}
{"event": "COMPACT_RUNTIME_HASH", "boundary": "begin", "elapsed_seconds": 0.0, "item_count": 1941}
{"event": "COMPACT_RUNTIME_HASH", "boundary": "end", "elapsed_seconds": 0.28489316115155816, "item_count": 1941}
{"event": "COMPACT_TIMING", "stage": "images_outputs", "boundary": "end", "role": "gallery", "batch_start": 416, "batch_size": 32, "seconds": 313.8133801482618}
{"event": "COMPACT_TIMING", "stage": "images_outputs", "boundary": "begin", "role": "gallery", "batch_start": 448, "batch_size": 32, "seconds": 313.8141970601864}
{"event": "COMPACT_RUNTIME_HASH", "boundary": "begin", "elapsed_seconds": 0.0, "item_count": 1941}
{"event": "COMPACT_RUNTIME_HASH", "boundary": "end", "elapsed_seconds": 0.28976201033219695, "item_count": 1941}
{"event": "COMPACT_TIMING", "stage": "images_outputs", "boundary": "end", "role": "gallery", "batch_start": 448, "batch_size": 32, "seconds": 314.85225378908217}
{"event": "COMPACT_TIMING", "stage": "images_outputs", "boundary": "begin", "role": "gallery", "batch_start": 480, "batch_size": 32, "seconds": 314.8542484943755}
{"event": "COMPACT_RUNTIME_HASH", "boundary": "begin", "elapsed_seconds": 0.0, "item_count": 1941}
{"event": "COMPACT_RUNTIME_HASH", "boundary": "end", "elapsed_seconds": 0.31973017705604434, "item_count": 1941}
{"event": "COMPACT_TIMING", "stage": "images_outputs", "boundary": "end", "role": "gallery", "batch_start": 480, "batch_size": 32, "seconds": 315.9290437409654}
{"event": "COMPACT_TIMING", "stage": "images_outputs", "boundary": "begin", "role": "gallery", "batch_start": 512, "batch_size": 32, "seconds": 315.9307700302452}
{"event": "COMPACT_RUNTIME_HASH", "boundary": "begin", "elapsed_seconds": 0.0, "item_count": 1941}
{"event": "COMPACT_RUNTIME_HASH", "boundary": "end", "elapsed_seconds": 0.2873198161832988, "item_count": 1941}
{"event": "COMPACT_TIMING", "stage": "images_outputs", "boundary": "end", "role": "gallery", "batch_start": 512, "batch_size": 32, "seconds": 317.00379055412486}
{"event": "COMPACT_TIMING", "stage": "images_outputs", "boundary": "begin", "role": "gallery", "batch_start": 544, "batch_size": 32, "seconds": 317.0054720900953}
{"event": "COMPACT_RUNTIME_HASH", "boundary": "begin", "elapsed_seconds": 0.0, "item_count": 1941}
{"event": "COMPACT_RUNTIME_HASH", "boundary": "end", "elapsed_seconds": 0.34133622888475657, "item_count": 1941}
{"event": "COMPACT_TIMING", "stage": "images_outputs", "boundary": "end", "role": "gallery", "batch_start": 544, "batch_size": 32, "seconds": 318.2591166552156}
{"event": "COMPACT_TIMING", "stage": "images_outputs", "boundary": "begin", "role": "gallery", "batch_start": 576, "batch_size": 32, "seconds": 318.26036118436605}
{"event": "COMPACT_RUNTIME_HASH", "boundary": "begin", "elapsed_seconds": 0.0, "item_count": 1941}
{"event": "COMPACT_RUNTIME_HASH", "boundary": "end", "elapsed_seconds": 0.294072600081563, "item_count": 1941}
{"event": "COMPACT_TIMING", "stage": "images_outputs", "boundary": "end", "role": "gallery", "batch_start": 576, "batch_size": 32, "seconds": 319.2950061233714}
{"event": "COMPACT_TIMING", "stage": "images_outputs", "boundary": "begin", "role": "gallery", "batch_start": 608, "batch_size": 32, "seconds": 319.2967248442583}
{"event": "COMPACT_RUNTIME_HASH", "boundary": "begin", "elapsed_seconds": 0.0, "item_count": 1941}
{"event": "COMPACT_RUNTIME_HASH", "boundary": "end", "elapsed_seconds": 0.2992132240906358, "item_count": 1941}
{"event": "COMPACT_TIMING", "stage": "images_outputs", "boundary": "end", "role": "gallery", "batch_start": 608, "batch_size": 32, "seconds": 320.3418869031593}
{"event": "COMPACT_TIMING", "stage": "images_outputs", "boundary": "begin", "role": "gallery", "batch_start": 640, "batch_size": 32, "seconds": 320.3426986793056}
{"event": "COMPACT_RUNTIME_HASH", "boundary": "begin", "elapsed_seconds": 0.0, "item_count": 1941}
{"event": "COMPACT_RUNTIME_HASH", "boundary": "end", "elapsed_seconds": 0.36332679027691483, "item_count": 1941}
{"event": "COMPACT_TIMING", "stage": "images_outputs", "boundary": "end", "role": "gallery", "batch_start": 640, "batch_size": 32, "seconds": 321.45780646428466}
{"event": "COMPACT_TIMING", "stage": "images_outputs", "boundary": "begin", "role": "gallery", "batch_start": 672, "batch_size": 32, "seconds": 321.45917633594945}
{"event": "COMPACT_RUNTIME_HASH", "boundary": "begin", "elapsed_seconds": 0.0, "item_count": 1941}
{"event": "COMPACT_RUNTIME_HASH", "boundary": "end", "elapsed_seconds": 0.286381090991199, "item_count": 1941}
{"event": "COMPACT_TIMING", "stage": "images_outputs", "boundary": "end", "role": "gallery", "batch_start": 672, "batch_size": 32, "seconds": 322.50938176736236}
{"event": "COMPACT_TIMING", "stage": "images_outputs", "boundary": "begin", "role": "gallery", "batch_start": 704, "batch_size": 32, "seconds": 322.5111852553673}
{"event": "COMPACT_RUNTIME_HASH", "boundary": "begin", "elapsed_seconds": 0.0, "item_count": 1941}
{"event": "COMPACT_RUNTIME_HASH", "boundary": "end", "elapsed_seconds": 0.3557267221622169, "item_count": 1941}
{"event": "COMPACT_TIMING", "stage": "images_outputs", "boundary": "end", "role": "gallery", "batch_start": 704, "batch_size": 32, "seconds": 323.6145592392422}
{"event": "COMPACT_TIMING", "stage": "images_outputs", "boundary": "begin", "role": "gallery", "batch_start": 736, "batch_size": 32, "seconds": 323.61536157503724}
{"event": "COMPACT_RUNTIME_HASH", "boundary": "begin", "elapsed_seconds": 0.0, "item_count": 1941}
{"event": "COMPACT_RUNTIME_HASH", "boundary": "end", "elapsed_seconds": 0.35884153796359897, "item_count": 1941}
{"event": "COMPACT_TIMING", "stage": "images_outputs", "boundary": "end", "role": "gallery", "batch_start": 736, "batch_size": 32, "seconds": 324.73122491827235}
{"event": "COMPACT_TIMING", "stage": "images_outputs", "boundary": "begin", "role": "gallery", "batch_start": 768, "batch_size": 32, "seconds": 324.7326084552333}
{"event": "COMPACT_RUNTIME_HASH", "boundary": "begin", "elapsed_seconds": 0.0, "item_count": 1941}
{"event": "COMPACT_RUNTIME_HASH", "boundary": "end", "elapsed_seconds": 0.29188617784529924, "item_count": 1941}
{"event": "COMPACT_TIMING", "stage": "images_outputs", "boundary": "end", "role": "gallery", "batch_start": 768, "batch_size": 32, "seconds": 325.78375218017027}
{"event": "COMPACT_TIMING", "stage": "images_outputs", "boundary": "begin", "role": "gallery", "batch_start": 800, "batch_size": 32, "seconds": 325.7848755400628}
{"event": "COMPACT_RUNTIME_HASH", "boundary": "begin", "elapsed_seconds": 0.0, "item_count": 1941}
{"event": "COMPACT_RUNTIME_HASH", "boundary": "end", "elapsed_seconds": 0.34584935661405325, "item_count": 1941}
{"event": "COMPACT_TIMING", "stage": "images_outputs", "boundary": "end", "role": "gallery", "batch_start": 800, "batch_size": 32, "seconds": 326.8989094039425}
{"event": "COMPACT_TIMING", "stage": "images_outputs", "boundary": "begin", "role": "gallery", "batch_start": 832, "batch_size": 32, "seconds": 326.90038417326286}
{"event": "COMPACT_RUNTIME_HASH", "boundary": "begin", "elapsed_seconds": 0.0, "item_count": 1941}
{"event": "COMPACT_RUNTIME_HASH", "boundary": "end", "elapsed_seconds": 0.3498669252730906, "item_count": 1941}
{"event": "COMPACT_TIMING", "stage": "images_outputs", "boundary": "end", "role": "gallery", "batch_start": 832, "batch_size": 32, "seconds": 328.00823849625885}
{"event": "COMPACT_TIMING", "stage": "images_outputs", "boundary": "begin", "role": "gallery", "batch_start": 864, "batch_size": 32, "seconds": 328.00971233611926}
{"event": "COMPACT_RUNTIME_HASH", "boundary": "begin", "elapsed_seconds": 0.0, "item_count": 1941}
{"event": "COMPACT_RUNTIME_HASH", "boundary": "end", "elapsed_seconds": 0.3477099151350558, "item_count": 1941}
{"event": "COMPACT_TIMING", "stage": "images_outputs", "boundary": "end", "role": "gallery", "batch_start": 864, "batch_size": 32, "seconds": 329.10333817312494}
{"event": "COMPACT_TIMING", "stage": "images_outputs", "boundary": "begin", "role": "gallery", "batch_start": 896, "batch_size": 32, "seconds": 329.10523406229913}
{"event": "COMPACT_RUNTIME_HASH", "boundary": "begin", "elapsed_seconds": 0.0, "item_count": 1941}
{"event": "COMPACT_RUNTIME_HASH", "boundary": "end", "elapsed_seconds": 0.3217547102831304, "item_count": 1941}
{"event": "COMPACT_TIMING", "stage": "images_outputs", "boundary": "end", "role": "gallery", "batch_start": 896, "batch_size": 32, "seconds": 330.1822923240252}
{"event": "COMPACT_TIMING", "stage": "images_outputs", "boundary": "begin", "role": "gallery", "batch_start": 928, "batch_size": 32, "seconds": 330.1840961482376}
{"event": "COMPACT_RUNTIME_HASH", "boundary": "begin", "elapsed_seconds": 0.0, "item_count": 1941}
{"event": "COMPACT_RUNTIME_HASH", "boundary": "end", "elapsed_seconds": 0.3070973288267851, "item_count": 1941}
{"event": "COMPACT_TIMING", "stage": "images_outputs", "boundary": "end", "role": "gallery", "batch_start": 928, "batch_size": 32, "seconds": 331.4255827940069}
{"event": "COMPACT_TIMING", "stage": "images_outputs", "boundary": "begin", "role": "gallery", "batch_start": 960, "batch_size": 32, "seconds": 331.4274675459601}
{"event": "COMPACT_RUNTIME_HASH", "boundary": "begin", "elapsed_seconds": 0.0, "item_count": 1941}
{"event": "COMPACT_RUNTIME_HASH", "boundary": "end", "elapsed_seconds": 0.2678610482253134, "item_count": 1941}
{"event": "COMPACT_TIMING", "stage": "images_outputs", "boundary": "end", "role": "gallery", "batch_start": 960, "batch_size": 32, "seconds": 332.4599032960832}
{"event": "COMPACT_TIMING", "stage": "images_outputs", "boundary": "begin", "role": "gallery", "batch_start": 992, "batch_size": 32, "seconds": 332.46213414520025}
{"event": "COMPACT_RUNTIME_HASH", "boundary": "begin", "elapsed_seconds": 0.0, "item_count": 1941}
{"event": "COMPACT_RUNTIME_HASH", "boundary": "end", "elapsed_seconds": 0.31585843209177256, "item_count": 1941}
{"event": "COMPACT_TIMING", "stage": "images_outputs", "boundary": "end", "role": "gallery", "batch_start": 992, "batch_size": 32, "seconds": 333.5392828299664}
{"event": "COMPACT_TIMING", "stage": "images_outputs", "boundary": "begin", "role": "gallery", "batch_start": 1024, "batch_size": 32, "seconds": 333.5408547343686}
{"event": "COMPACT_RUNTIME_HASH", "boundary": "begin", "elapsed_seconds": 0.0, "item_count": 1941}
{"event": "COMPACT_RUNTIME_HASH", "boundary": "end", "elapsed_seconds": 0.30398662108927965, "item_count": 1941}
{"event": "COMPACT_TIMING", "stage": "images_outputs", "boundary": "end", "role": "gallery", "batch_start": 1024, "batch_size": 32, "seconds": 334.61209411825985}
{"event": "COMPACT_TIMING", "stage": "images_outputs", "boundary": "begin", "role": "gallery", "batch_start": 1056, "batch_size": 32, "seconds": 334.61389685515314}
{"event": "COMPACT_RUNTIME_HASH", "boundary": "begin", "elapsed_seconds": 0.0, "item_count": 1941}
{"event": "COMPACT_RUNTIME_HASH", "boundary": "end", "elapsed_seconds": 0.32369836792349815, "item_count": 1941}
{"event": "COMPACT_TIMING", "stage": "images_outputs", "boundary": "end", "role": "gallery", "batch_start": 1056, "batch_size": 32, "seconds": 335.70439987210557}
{"event": "COMPACT_TIMING", "stage": "images_outputs", "boundary": "begin", "role": "gallery", "batch_start": 1088, "batch_size": 32, "seconds": 335.70655356906354}
{"event": "COMPACT_RUNTIME_HASH", "boundary": "begin", "elapsed_seconds": 0.0, "item_count": 1941}
{"event": "COMPACT_RUNTIME_HASH", "boundary": "end", "elapsed_seconds": 0.3012857069261372, "item_count": 1941}
{"event": "COMPACT_TIMING", "stage": "images_outputs", "boundary": "end", "role": "gallery", "batch_start": 1088, "batch_size": 32, "seconds": 336.7679500011727}
{"event": "COMPACT_TIMING", "stage": "images_outputs", "boundary": "begin", "role": "gallery", "batch_start": 1120, "batch_size": 32, "seconds": 336.76880452921614}
{"event": "COMPACT_RUNTIME_HASH", "boundary": "begin", "elapsed_seconds": 0.0, "item_count": 1941}
{"event": "COMPACT_RUNTIME_HASH", "boundary": "end", "elapsed_seconds": 0.34033717028796673, "item_count": 1941}
{"event": "COMPACT_TIMING", "stage": "images_outputs", "boundary": "end", "role": "gallery", "batch_start": 1120, "batch_size": 32, "seconds": 337.8734831591137}
{"event": "COMPACT_TIMING", "stage": "images_outputs", "boundary": "begin", "role": "gallery", "batch_start": 1152, "batch_size": 32, "seconds": 337.8753347429447}
{"event": "COMPACT_RUNTIME_HASH", "boundary": "begin", "elapsed_seconds": 0.0, "item_count": 1941}
{"event": "COMPACT_RUNTIME_HASH", "boundary": "end", "elapsed_seconds": 0.2897889190353453, "item_count": 1941}
{"event": "COMPACT_TIMING", "stage": "images_outputs", "boundary": "end", "role": "gallery", "batch_start": 1152, "batch_size": 32, "seconds": 338.9483785792254}
{"event": "COMPACT_TIMING", "stage": "images_outputs", "boundary": "begin", "role": "gallery", "batch_start": 1184, "batch_size": 32, "seconds": 338.94995642034337}
{"event": "COMPACT_RUNTIME_HASH", "boundary": "begin", "elapsed_seconds": 0.0, "item_count": 1941}
{"event": "COMPACT_RUNTIME_HASH", "boundary": "end", "elapsed_seconds": 0.2792846281081438, "item_count": 1941}
{"event": "COMPACT_TIMING", "stage": "images_outputs", "boundary": "end", "role": "gallery", "batch_start": 1184, "batch_size": 32, "seconds": 339.99181619938463}
{"event": "COMPACT_TIMING", "stage": "images_outputs", "boundary": "begin", "role": "gallery", "batch_start": 1216, "batch_size": 32, "seconds": 339.99247328797355}
{"event": "COMPACT_RUNTIME_HASH", "boundary": "begin", "elapsed_seconds": 0.0, "item_count": 1941}
{"event": "COMPACT_RUNTIME_HASH", "boundary": "end", "elapsed_seconds": 0.3229219960048795, "item_count": 1941}
{"event": "COMPACT_TIMING", "stage": "images_outputs", "boundary": "end", "role": "gallery", "batch_start": 1216, "batch_size": 32, "seconds": 341.0587631491944}
{"event": "COMPACT_TIMING", "stage": "images_outputs", "boundary": "begin", "role": "gallery", "batch_start": 1248, "batch_size": 32, "seconds": 341.0604245252907}
{"event": "COMPACT_RUNTIME_HASH", "boundary": "begin", "elapsed_seconds": 0.0, "item_count": 1941}
{"event": "COMPACT_RUNTIME_HASH", "boundary": "end", "elapsed_seconds": 0.29597096610814333, "item_count": 1941}
{"event": "COMPACT_TIMING", "stage": "images_outputs", "boundary": "end", "role": "gallery", "batch_start": 1248, "batch_size": 32, "seconds": 342.10594303533435}
{"event": "COMPACT_TIMING", "stage": "images_outputs", "boundary": "begin", "role": "gallery", "batch_start": 1280, "batch_size": 32, "seconds": 342.1068564602174}
{"event": "COMPACT_RUNTIME_HASH", "boundary": "begin", "elapsed_seconds": 0.0, "item_count": 1941}
{"event": "COMPACT_RUNTIME_HASH", "boundary": "end", "elapsed_seconds": 0.34528503799811006, "item_count": 1941}
{"event": "COMPACT_TIMING", "stage": "images_outputs", "boundary": "end", "role": "gallery", "batch_start": 1280, "batch_size": 32, "seconds": 343.20517500815913}
{"event": "COMPACT_TIMING", "stage": "images_outputs", "boundary": "begin", "role": "gallery", "batch_start": 1312, "batch_size": 32, "seconds": 343.2060555042699}
{"event": "COMPACT_RUNTIME_HASH", "boundary": "begin", "elapsed_seconds": 0.0, "item_count": 1941}
{"event": "COMPACT_RUNTIME_HASH", "boundary": "end", "elapsed_seconds": 0.3197475760243833, "item_count": 1941}
{"event": "COMPACT_TIMING", "stage": "images_outputs", "boundary": "end", "role": "gallery", "batch_start": 1312, "batch_size": 32, "seconds": 344.41199282137677}
{"event": "COMPACT_TIMING", "stage": "images_outputs", "boundary": "begin", "role": "gallery", "batch_start": 1344, "batch_size": 32, "seconds": 344.4132731091231}
{"event": "COMPACT_RUNTIME_HASH", "boundary": "begin", "elapsed_seconds": 0.0, "item_count": 1941}
{"event": "COMPACT_RUNTIME_HASH", "boundary": "end", "elapsed_seconds": 0.3332462487742305, "item_count": 1941}
{"event": "COMPACT_TIMING", "stage": "images_outputs", "boundary": "end", "role": "gallery", "batch_start": 1344, "batch_size": 32, "seconds": 345.4847772633657}
{"event": "COMPACT_TIMING", "stage": "images_outputs", "boundary": "begin", "role": "gallery", "batch_start": 1376, "batch_size": 32, "seconds": 345.4862876003608}
{"event": "COMPACT_RUNTIME_HASH", "boundary": "begin", "elapsed_seconds": 0.0, "item_count": 1941}
{"event": "COMPACT_RUNTIME_HASH", "boundary": "end", "elapsed_seconds": 0.32046371791511774, "item_count": 1941}
{"event": "COMPACT_TIMING", "stage": "images_outputs", "boundary": "end", "role": "gallery", "batch_start": 1376, "batch_size": 32, "seconds": 346.59214218799025}
{"event": "COMPACT_TIMING", "stage": "images_outputs", "boundary": "begin", "role": "gallery", "batch_start": 1408, "batch_size": 32, "seconds": 346.5934479483403}
{"event": "COMPACT_RUNTIME_HASH", "boundary": "begin", "elapsed_seconds": 0.0, "item_count": 1941}
{"event": "COMPACT_RUNTIME_HASH", "boundary": "end", "elapsed_seconds": 0.2988203060813248, "item_count": 1941}
{"event": "COMPACT_TIMING", "stage": "images_outputs", "boundary": "end", "role": "gallery", "batch_start": 1408, "batch_size": 32, "seconds": 347.6507953903638}
{"event": "COMPACT_TIMING", "stage": "images_outputs", "boundary": "begin", "role": "gallery", "batch_start": 1440, "batch_size": 32, "seconds": 347.6525110541843}
{"event": "COMPACT_RUNTIME_HASH", "boundary": "begin", "elapsed_seconds": 0.0, "item_count": 1941}
{"event": "COMPACT_RUNTIME_HASH", "boundary": "end", "elapsed_seconds": 0.3099578432738781, "item_count": 1941}
{"event": "COMPACT_TIMING", "stage": "images_outputs", "boundary": "end", "role": "gallery", "batch_start": 1440, "batch_size": 32, "seconds": 348.7019278043881}
{"event": "COMPACT_TIMING", "stage": "images_outputs", "boundary": "begin", "role": "gallery", "batch_start": 1472, "batch_size": 32, "seconds": 348.7027191319503}
{"event": "COMPACT_RUNTIME_HASH", "boundary": "begin", "elapsed_seconds": 0.0, "item_count": 1941}
{"event": "COMPACT_RUNTIME_HASH", "boundary": "end", "elapsed_seconds": 0.31378131499513984, "item_count": 1941}
{"event": "COMPACT_TIMING", "stage": "images_outputs", "boundary": "end", "role": "gallery", "batch_start": 1472, "batch_size": 32, "seconds": 349.77472973801196}
{"event": "COMPACT_TIMING", "stage": "images_outputs", "boundary": "begin", "role": "gallery", "batch_start": 1504, "batch_size": 32, "seconds": 349.7761254501529}
{"event": "COMPACT_RUNTIME_HASH", "boundary": "begin", "elapsed_seconds": 0.0, "item_count": 1941}
{"event": "COMPACT_RUNTIME_HASH", "boundary": "end", "elapsed_seconds": 0.3031454076990485, "item_count": 1941}
{"event": "COMPACT_TIMING", "stage": "images_outputs", "boundary": "end", "role": "gallery", "batch_start": 1504, "batch_size": 32, "seconds": 350.84191344399005}
{"event": "COMPACT_TIMING", "stage": "images_outputs", "boundary": "begin", "role": "gallery", "batch_start": 1536, "batch_size": 32, "seconds": 350.8433355083689}
{"event": "COMPACT_RUNTIME_HASH", "boundary": "begin", "elapsed_seconds": 0.0, "item_count": 1941}
{"event": "COMPACT_RUNTIME_HASH", "boundary": "end", "elapsed_seconds": 0.3168064020574093, "item_count": 1941}
{"event": "COMPACT_TIMING", "stage": "images_outputs", "boundary": "end", "role": "gallery", "batch_start": 1536, "batch_size": 32, "seconds": 351.9147734362632}
{"event": "COMPACT_TIMING", "stage": "images_outputs", "boundary": "begin", "role": "gallery", "batch_start": 1568, "batch_size": 32, "seconds": 351.9162636292167}
{"event": "COMPACT_RUNTIME_HASH", "boundary": "begin", "elapsed_seconds": 0.0, "item_count": 1941}
{"event": "COMPACT_RUNTIME_HASH", "boundary": "end", "elapsed_seconds": 0.3165205279365182, "item_count": 1941}
{"event": "COMPACT_TIMING", "stage": "images_outputs", "boundary": "end", "role": "gallery", "batch_start": 1568, "batch_size": 32, "seconds": 352.9877684819512}
{"event": "COMPACT_TIMING", "stage": "images_outputs", "boundary": "begin", "role": "gallery", "batch_start": 1600, "batch_size": 32, "seconds": 352.988523170352}
{"event": "COMPACT_RUNTIME_HASH", "boundary": "begin", "elapsed_seconds": 0.0, "item_count": 1941}
{"event": "COMPACT_RUNTIME_HASH", "boundary": "end", "elapsed_seconds": 0.3409705958329141, "item_count": 1941}
{"event": "COMPACT_TIMING", "stage": "images_outputs", "boundary": "end", "role": "gallery", "batch_start": 1600, "batch_size": 32, "seconds": 354.0833864873275}
{"event": "COMPACT_TIMING", "stage": "images_outputs", "boundary": "begin", "role": "gallery", "batch_start": 1632, "batch_size": 32, "seconds": 354.0852715121582}
{"event": "COMPACT_RUNTIME_HASH", "boundary": "begin", "elapsed_seconds": 0.0, "item_count": 1941}
{"event": "COMPACT_RUNTIME_HASH", "boundary": "end", "elapsed_seconds": 0.2845493541099131, "item_count": 1941}
{"event": "COMPACT_TIMING", "stage": "images_outputs", "boundary": "end", "role": "gallery", "batch_start": 1632, "batch_size": 32, "seconds": 355.1228026901372}
{"event": "COMPACT_TIMING", "stage": "images_outputs", "boundary": "begin", "role": "gallery", "batch_start": 1664, "batch_size": 32, "seconds": 355.12418125011027}
{"event": "COMPACT_RUNTIME_HASH", "boundary": "begin", "elapsed_seconds": 0.0, "item_count": 1941}
{"event": "COMPACT_RUNTIME_HASH", "boundary": "end", "elapsed_seconds": 0.3043186846189201, "item_count": 1941}
{"event": "COMPACT_TIMING", "stage": "images_outputs", "boundary": "end", "role": "gallery", "batch_start": 1664, "batch_size": 32, "seconds": 356.1927285580896}
{"event": "COMPACT_TIMING", "stage": "images_outputs", "boundary": "begin", "role": "gallery", "batch_start": 1696, "batch_size": 19, "seconds": 356.1933910539374}
{"event": "COMPACT_RUNTIME_HASH", "boundary": "begin", "elapsed_seconds": 0.0, "item_count": 1941}
{"event": "COMPACT_RUNTIME_HASH", "boundary": "end", "elapsed_seconds": 0.32654951931908727, "item_count": 1941}
{"event": "COMPACT_TIMING", "stage": "images_outputs", "boundary": "end", "role": "gallery", "batch_start": 1696, "batch_size": 19, "seconds": 357.17682343535125}
{"event": "COMPACT_TIMING", "stage": "export_pass", "boundary": "end", "pass_index": 0, "seconds": 357.1805119472556}
{"event": "COMPACT_TIMING", "stage": "postpass_endpoint_facts", "boundary": "begin", "pass_index": 0, "seconds": 357.1805511470884}
{"event": "COMPACT_TIMING", "stage": "postpass_endpoint_facts", "boundary": "end", "pass_index": 0, "seconds": 358.0767534021288}
{"event": "COMPACT_TIMING", "stage": "postpass_audit", "boundary": "begin", "pass_index": 0, "seconds": 358.0767907463014}
{"event": "COMPACT_TIMING", "stage": "postpass_audit", "boundary": "end", "pass_index": 0, "seconds": 365.2281793123111}
{"event": "COMPACT_TIMING", "stage": "loader", "boundary": "begin", "pass_index": 1, "seconds": 365.4316519610584}
{"event": "COMPACT_RUNTIME_HASH", "boundary": "begin", "elapsed_seconds": 0.0, "item_count": 1941}
{"event": "COMPACT_RUNTIME_HASH", "boundary": "end", "elapsed_seconds": 0.29334683530032635, "item_count": 1941}
{"event": "COMPACT_TIMING", "stage": "loader", "boundary": "end", "pass_index": 1, "seconds": 377.49449962517247}
{"event": "COMPACT_TIMING", "stage": "endpoint_facts", "boundary": "begin", "pass_index": 1, "seconds": 377.49454674497247}
{"event": "COMPACT_TIMING", "stage": "endpoint_facts", "boundary": "end", "pass_index": 1, "seconds": 378.5483833681792}
{"event": "COMPACT_TIMING", "stage": "witness", "boundary": "begin", "pass_index": 1, "seconds": 378.54841714398935}
{"event": "COMPACT_RUNTIME_HASH", "boundary": "begin", "elapsed_seconds": 0.0, "item_count": 1941}
{"event": "COMPACT_RUNTIME_HASH", "boundary": "end", "elapsed_seconds": 0.3027394018135965, "item_count": 1941}
{"event": "COMPACT_TIMING", "stage": "witness", "boundary": "end", "pass_index": 1, "seconds": 379.5878172023222}
{"event": "COMPACT_TIMING", "stage": "diagnostic", "boundary": "begin", "pass_index": 1, "seconds": 379.58786641806364}
{"event": "COMPACT_RUNTIME_HASH", "boundary": "begin", "elapsed_seconds": 0.0, "item_count": 1941}
{"event": "COMPACT_RUNTIME_HASH", "boundary": "end", "elapsed_seconds": 0.32838959619402885, "item_count": 1941}
{"event": "COMPACT_RUNTIME_HASH", "boundary": "begin", "elapsed_seconds": 0.0, "item_count": 1941}
{"event": "COMPACT_RUNTIME_HASH", "boundary": "end", "elapsed_seconds": 0.3331637727096677, "item_count": 1941}
{"event": "COMPACT_RUNTIME_HASH", "boundary": "begin", "elapsed_seconds": 0.0, "item_count": 1941}
{"event": "COMPACT_RUNTIME_HASH", "boundary": "end", "elapsed_seconds": 0.3243127139285207, "item_count": 1941}
{"event": "COMPACT_RUNTIME_HASH", "boundary": "begin", "elapsed_seconds": 0.0, "item_count": 1941}
{"event": "COMPACT_RUNTIME_HASH", "boundary": "end", "elapsed_seconds": 0.2980179130099714, "item_count": 1941}
{"event": "COMPACT_RUNTIME_HASH", "boundary": "begin", "elapsed_seconds": 0.0, "item_count": 1941}
{"event": "COMPACT_RUNTIME_HASH", "boundary": "end", "elapsed_seconds": 0.3550506359897554, "item_count": 1941}
{"event": "COMPACT_RUNTIME_HASH", "boundary": "begin", "elapsed_seconds": 0.0, "item_count": 1941}
{"event": "COMPACT_RUNTIME_HASH", "boundary": "end", "elapsed_seconds": 0.33520892122760415, "item_count": 1941}
{"event": "COMPACT_RUNTIME_HASH", "boundary": "begin", "elapsed_seconds": 0.0, "item_count": 1941}
{"event": "COMPACT_RUNTIME_HASH", "boundary": "end", "elapsed_seconds": 0.32836898416280746, "item_count": 1941}
{"event": "COMPACT_RUNTIME_HASH", "boundary": "begin", "elapsed_seconds": 0.0, "item_count": 1941}
{"event": "COMPACT_RUNTIME_HASH", "boundary": "end", "elapsed_seconds": 0.30866854963824153, "item_count": 1941}
{"event": "COMPACT_RUNTIME_HASH", "boundary": "begin", "elapsed_seconds": 0.0, "item_count": 1941}
{"event": "COMPACT_RUNTIME_HASH", "boundary": "end", "elapsed_seconds": 0.3084035259671509, "item_count": 1941}
{"event": "COMPACT_RUNTIME_HASH", "boundary": "begin", "elapsed_seconds": 0.0, "item_count": 1941}
{"event": "COMPACT_RUNTIME_HASH", "boundary": "end", "elapsed_seconds": 0.48310331301763654, "item_count": 1941}
{"event": "COMPACT_RUNTIME_HASH", "boundary": "begin", "elapsed_seconds": 0.0, "item_count": 1941}
{"event": "COMPACT_RUNTIME_HASH", "boundary": "end", "elapsed_seconds": 0.2965279230847955, "item_count": 1941}
{"event": "COMPACT_RUNTIME_HASH", "boundary": "begin", "elapsed_seconds": 0.0, "item_count": 1941}
{"event": "COMPACT_RUNTIME_HASH", "boundary": "end", "elapsed_seconds": 0.32521741231903434, "item_count": 1941}
{"event": "COMPACT_TIMING", "stage": "diagnostic", "boundary": "end", "pass_index": 1, "seconds": 389.09337850427255}
{"event": "COMPACT_TIMING", "stage": "export_pass", "boundary": "begin", "pass_index": 1, "seconds": 389.0934056243859}
{"event": "COMPACT_TIMING", "stage": "images_outputs", "boundary": "begin", "role": "query", "batch_start": 0, "batch_size": 32, "seconds": 389.09343071235344}
{"event": "COMPACT_RUNTIME_HASH", "boundary": "begin", "elapsed_seconds": 0.0, "item_count": 1941}
{"event": "COMPACT_RUNTIME_HASH", "boundary": "end", "elapsed_seconds": 0.27571048121899366, "item_count": 1941}
{"event": "COMPACT_TIMING", "stage": "images_outputs", "boundary": "end", "role": "query", "batch_start": 0, "batch_size": 32, "seconds": 390.52204264095053}
{"event": "COMPACT_TIMING", "stage": "images_outputs", "boundary": "begin", "role": "query", "batch_start": 32, "batch_size": 32, "seconds": 390.52416176116094}
{"event": "COMPACT_RUNTIME_HASH", "boundary": "begin", "elapsed_seconds": 0.0, "item_count": 1941}
{"event": "COMPACT_RUNTIME_HASH", "boundary": "end", "elapsed_seconds": 0.27107740798965096, "item_count": 1941}
{"event": "COMPACT_TIMING", "stage": "images_outputs", "boundary": "end", "role": "query", "batch_start": 32, "batch_size": 32, "seconds": 391.5520485253073}
{"event": "COMPACT_TIMING", "stage": "images_outputs", "boundary": "begin", "role": "query", "batch_start": 64, "batch_size": 32, "seconds": 391.55314991716295}
{"event": "COMPACT_RUNTIME_HASH", "boundary": "begin", "elapsed_seconds": 0.0, "item_count": 1941}
{"event": "COMPACT_RUNTIME_HASH", "boundary": "end", "elapsed_seconds": 0.2891907040029764, "item_count": 1941}
{"event": "COMPACT_TIMING", "stage": "images_outputs", "boundary": "end", "role": "query", "batch_start": 64, "batch_size": 32, "seconds": 392.5975574962795}
{"event": "COMPACT_TIMING", "stage": "images_outputs", "boundary": "begin", "role": "query", "batch_start": 96, "batch_size": 32, "seconds": 392.5986700402573}
{"event": "COMPACT_RUNTIME_HASH", "boundary": "begin", "elapsed_seconds": 0.0, "item_count": 1941}
{"event": "COMPACT_RUNTIME_HASH", "boundary": "end", "elapsed_seconds": 0.32177150482311845, "item_count": 1941}
{"event": "COMPACT_TIMING", "stage": "images_outputs", "boundary": "end", "role": "query", "batch_start": 96, "batch_size": 32, "seconds": 393.66205179318786}
{"event": "COMPACT_TIMING", "stage": "images_outputs", "boundary": "begin", "role": "query", "batch_start": 128, "batch_size": 32, "seconds": 393.6626160009764}
{"event": "COMPACT_RUNTIME_HASH", "boundary": "begin", "elapsed_seconds": 0.0, "item_count": 1941}
{"event": "COMPACT_RUNTIME_HASH", "boundary": "end", "elapsed_seconds": 0.2953490228392184, "item_count": 1941}
{"event": "COMPACT_TIMING", "stage": "images_outputs", "boundary": "end", "role": "query", "batch_start": 128, "batch_size": 32, "seconds": 394.70522706210613}
{"event": "COMPACT_TIMING", "stage": "images_outputs", "boundary": "begin", "role": "query", "batch_start": 160, "batch_size": 32, "seconds": 394.7067677662708}
{"event": "COMPACT_RUNTIME_HASH", "boundary": "begin", "elapsed_seconds": 0.0, "item_count": 1941}
{"event": "COMPACT_RUNTIME_HASH", "boundary": "end", "elapsed_seconds": 0.32120030373334885, "item_count": 1941}
{"event": "COMPACT_TIMING", "stage": "images_outputs", "boundary": "end", "role": "query", "batch_start": 160, "batch_size": 32, "seconds": 395.77787743508816}
{"event": "COMPACT_TIMING", "stage": "images_outputs", "boundary": "begin", "role": "query", "batch_start": 192, "batch_size": 32, "seconds": 395.7785068913363}
{"event": "COMPACT_RUNTIME_HASH", "boundary": "begin", "elapsed_seconds": 0.0, "item_count": 1941}
{"event": "COMPACT_RUNTIME_HASH", "boundary": "end", "elapsed_seconds": 0.4826784860342741, "item_count": 1941}
{"event": "COMPACT_TIMING", "stage": "images_outputs", "boundary": "end", "role": "query", "batch_start": 192, "batch_size": 32, "seconds": 396.99743208196014}
{"event": "COMPACT_TIMING", "stage": "images_outputs", "boundary": "begin", "role": "query", "batch_start": 224, "batch_size": 32, "seconds": 396.9982499703765}
{"event": "COMPACT_RUNTIME_HASH", "boundary": "begin", "elapsed_seconds": 0.0, "item_count": 1941}
{"event": "COMPACT_RUNTIME_HASH", "boundary": "end", "elapsed_seconds": 0.32560649514198303, "item_count": 1941}
{"event": "COMPACT_TIMING", "stage": "images_outputs", "boundary": "end", "role": "query", "batch_start": 224, "batch_size": 32, "seconds": 398.071876865346}
{"event": "COMPACT_TIMING", "stage": "images_outputs", "boundary": "begin", "role": "query", "batch_start": 256, "batch_size": 32, "seconds": 398.07365780929103}
{"event": "COMPACT_RUNTIME_HASH", "boundary": "begin", "elapsed_seconds": 0.0, "item_count": 1941}
{"event": "COMPACT_RUNTIME_HASH", "boundary": "end", "elapsed_seconds": 0.2774877389892936, "item_count": 1941}
{"event": "COMPACT_TIMING", "stage": "images_outputs", "boundary": "end", "role": "query", "batch_start": 256, "batch_size": 32, "seconds": 399.11587162828073}
{"event": "COMPACT_TIMING", "stage": "images_outputs", "boundary": "begin", "role": "query", "batch_start": 288, "batch_size": 32, "seconds": 399.11746290838346}
{"event": "COMPACT_RUNTIME_HASH", "boundary": "begin", "elapsed_seconds": 0.0, "item_count": 1941}
{"event": "COMPACT_RUNTIME_HASH", "boundary": "end", "elapsed_seconds": 0.3308669892139733, "item_count": 1941}
{"event": "COMPACT_TIMING", "stage": "images_outputs", "boundary": "end", "role": "query", "batch_start": 288, "batch_size": 32, "seconds": 400.2178814620711}
{"event": "COMPACT_TIMING", "stage": "images_outputs", "boundary": "begin", "role": "query", "batch_start": 320, "batch_size": 32, "seconds": 400.21942802192643}
{"event": "COMPACT_RUNTIME_HASH", "boundary": "begin", "elapsed_seconds": 0.0, "item_count": 1941}
{"event": "COMPACT_RUNTIME_HASH", "boundary": "end", "elapsed_seconds": 0.34777391608804464, "item_count": 1941}
{"event": "COMPACT_TIMING", "stage": "images_outputs", "boundary": "end", "role": "query", "batch_start": 320, "batch_size": 32, "seconds": 401.3209197251126}
{"event": "COMPACT_TIMING", "stage": "images_outputs", "boundary": "begin", "role": "query", "batch_start": 352, "batch_size": 32, "seconds": 401.3238923493773}
{"event": "COMPACT_RUNTIME_HASH", "boundary": "begin", "elapsed_seconds": 0.0, "item_count": 1941}
{"event": "COMPACT_RUNTIME_HASH", "boundary": "end", "elapsed_seconds": 0.3834687010385096, "item_count": 1941}
{"event": "COMPACT_TIMING", "stage": "images_outputs", "boundary": "end", "role": "query", "batch_start": 352, "batch_size": 32, "seconds": 402.4647020669654}
{"event": "COMPACT_TIMING", "stage": "images_outputs", "boundary": "begin", "role": "query", "batch_start": 384, "batch_size": 32, "seconds": 402.4669703231193}
{"event": "COMPACT_RUNTIME_HASH", "boundary": "begin", "elapsed_seconds": 0.0, "item_count": 1941}
{"event": "COMPACT_RUNTIME_HASH", "boundary": "end", "elapsed_seconds": 0.3116728733293712, "item_count": 1941}
{"event": "COMPACT_TIMING", "stage": "images_outputs", "boundary": "end", "role": "query", "batch_start": 384, "batch_size": 32, "seconds": 403.5168594592251}
{"event": "COMPACT_TIMING", "stage": "images_outputs", "boundary": "begin", "role": "query", "batch_start": 416, "batch_size": 32, "seconds": 403.51842934731394}
{"event": "COMPACT_RUNTIME_HASH", "boundary": "begin", "elapsed_seconds": 0.0, "item_count": 1941}
{"event": "COMPACT_RUNTIME_HASH", "boundary": "end", "elapsed_seconds": 0.35202293703332543, "item_count": 1941}
{"event": "COMPACT_TIMING", "stage": "images_outputs", "boundary": "end", "role": "query", "batch_start": 416, "batch_size": 32, "seconds": 404.610038690269}
{"event": "COMPACT_TIMING", "stage": "images_outputs", "boundary": "begin", "role": "query", "batch_start": 448, "batch_size": 32, "seconds": 404.61211928213015}
{"event": "COMPACT_RUNTIME_HASH", "boundary": "begin", "elapsed_seconds": 0.0, "item_count": 1941}
{"event": "COMPACT_RUNTIME_HASH", "boundary": "end", "elapsed_seconds": 0.33732338435947895, "item_count": 1941}
{"event": "COMPACT_TIMING", "stage": "images_outputs", "boundary": "end", "role": "query", "batch_start": 448, "batch_size": 32, "seconds": 405.6942398380488}
{"event": "COMPACT_TIMING", "stage": "images_outputs", "boundary": "begin", "role": "query", "batch_start": 480, "batch_size": 32, "seconds": 405.6955801099539}
{"event": "COMPACT_RUNTIME_HASH", "boundary": "begin", "elapsed_seconds": 0.0, "item_count": 1941}
{"event": "COMPACT_RUNTIME_HASH", "boundary": "end", "elapsed_seconds": 0.2793849501758814, "item_count": 1941}
{"event": "COMPACT_TIMING", "stage": "images_outputs", "boundary": "end", "role": "query", "batch_start": 480, "batch_size": 32, "seconds": 406.7383897979744}
{"event": "COMPACT_TIMING", "stage": "images_outputs", "boundary": "begin", "role": "query", "batch_start": 512, "batch_size": 32, "seconds": 406.7399804862216}
{"event": "COMPACT_RUNTIME_HASH", "boundary": "begin", "elapsed_seconds": 0.0, "item_count": 1941}
{"event": "COMPACT_RUNTIME_HASH", "boundary": "end", "elapsed_seconds": 0.3405370148830116, "item_count": 1941}
{"event": "COMPACT_TIMING", "stage": "images_outputs", "boundary": "end", "role": "query", "batch_start": 512, "batch_size": 32, "seconds": 407.8358032773249}
{"event": "COMPACT_TIMING", "stage": "images_outputs", "boundary": "begin", "role": "query", "batch_start": 544, "batch_size": 32, "seconds": 407.83664454100654}
{"event": "COMPACT_RUNTIME_HASH", "boundary": "begin", "elapsed_seconds": 0.0, "item_count": 1941}
{"event": "COMPACT_RUNTIME_HASH", "boundary": "end", "elapsed_seconds": 0.3249351899139583, "item_count": 1941}
{"event": "COMPACT_TIMING", "stage": "images_outputs", "boundary": "end", "role": "query", "batch_start": 544, "batch_size": 32, "seconds": 408.9074691203423}
{"event": "COMPACT_TIMING", "stage": "images_outputs", "boundary": "begin", "role": "query", "batch_start": 576, "batch_size": 32, "seconds": 408.9092482239939}
{"event": "COMPACT_RUNTIME_HASH", "boundary": "begin", "elapsed_seconds": 0.0, "item_count": 1941}
{"event": "COMPACT_RUNTIME_HASH", "boundary": "end", "elapsed_seconds": 0.4809398162178695, "item_count": 1941}
{"event": "COMPACT_TIMING", "stage": "images_outputs", "boundary": "end", "role": "query", "batch_start": 576, "batch_size": 32, "seconds": 410.13897654693574}
{"event": "COMPACT_TIMING", "stage": "images_outputs", "boundary": "begin", "role": "query", "batch_start": 608, "batch_size": 32, "seconds": 410.14050544332713}
{"event": "COMPACT_RUNTIME_HASH", "boundary": "begin", "elapsed_seconds": 0.0, "item_count": 1941}
{"event": "COMPACT_RUNTIME_HASH", "boundary": "end", "elapsed_seconds": 0.319782436825335, "item_count": 1941}
{"event": "COMPACT_TIMING", "stage": "images_outputs", "boundary": "end", "role": "query", "batch_start": 608, "batch_size": 32, "seconds": 411.2087699691765}
{"event": "COMPACT_TIMING", "stage": "images_outputs", "boundary": "begin", "role": "query", "batch_start": 640, "batch_size": 32, "seconds": 411.21178886527196}
{"event": "COMPACT_RUNTIME_HASH", "boundary": "begin", "elapsed_seconds": 0.0, "item_count": 1941}
{"event": "COMPACT_RUNTIME_HASH", "boundary": "end", "elapsed_seconds": 0.3018729477189481, "item_count": 1941}
{"event": "COMPACT_TIMING", "stage": "images_outputs", "boundary": "end", "role": "query", "batch_start": 640, "batch_size": 32, "seconds": 412.2560353563167}
{"event": "COMPACT_TIMING", "stage": "images_outputs", "boundary": "begin", "role": "query", "batch_start": 672, "batch_size": 32, "seconds": 412.25753020402044}
{"event": "COMPACT_RUNTIME_HASH", "boundary": "begin", "elapsed_seconds": 0.0, "item_count": 1941}
{"event": "COMPACT_RUNTIME_HASH", "boundary": "end", "elapsed_seconds": 0.29867670731619, "item_count": 1941}
{"event": "COMPACT_TIMING", "stage": "images_outputs", "boundary": "end", "role": "query", "batch_start": 672, "batch_size": 32, "seconds": 413.30135373212397}
{"event": "COMPACT_TIMING", "stage": "images_outputs", "boundary": "begin", "role": "query", "batch_start": 704, "batch_size": 32, "seconds": 413.3028625003062}
{"event": "COMPACT_RUNTIME_HASH", "boundary": "begin", "elapsed_seconds": 0.0, "item_count": 1941}
{"event": "COMPACT_RUNTIME_HASH", "boundary": "end", "elapsed_seconds": 0.34719984233379364, "item_count": 1941}
{"event": "COMPACT_TIMING", "stage": "images_outputs", "boundary": "end", "role": "query", "batch_start": 704, "batch_size": 32, "seconds": 414.4195498502813}
{"event": "COMPACT_TIMING", "stage": "images_outputs", "boundary": "begin", "role": "query", "batch_start": 736, "batch_size": 32, "seconds": 414.4214101540856}
{"event": "COMPACT_RUNTIME_HASH", "boundary": "begin", "elapsed_seconds": 0.0, "item_count": 1941}
{"event": "COMPACT_RUNTIME_HASH", "boundary": "end", "elapsed_seconds": 0.3020163532346487, "item_count": 1941}
{"event": "COMPACT_TIMING", "stage": "images_outputs", "boundary": "end", "role": "query", "batch_start": 736, "batch_size": 32, "seconds": 415.4835428940132}
{"event": "COMPACT_TIMING", "stage": "images_outputs", "boundary": "begin", "role": "query", "batch_start": 768, "batch_size": 32, "seconds": 415.4853591979481}
{"event": "COMPACT_RUNTIME_HASH", "boundary": "begin", "elapsed_seconds": 0.0, "item_count": 1941}
{"event": "COMPACT_RUNTIME_HASH", "boundary": "end", "elapsed_seconds": 0.35715731186792254, "item_count": 1941}
{"event": "COMPACT_TIMING", "stage": "images_outputs", "boundary": "end", "role": "query", "batch_start": 768, "batch_size": 32, "seconds": 416.59998475015163}
{"event": "COMPACT_TIMING", "stage": "images_outputs", "boundary": "begin", "role": "query", "batch_start": 800, "batch_size": 32, "seconds": 416.60087966220453}
{"event": "COMPACT_RUNTIME_HASH", "boundary": "begin", "elapsed_seconds": 0.0, "item_count": 1941}
{"event": "COMPACT_RUNTIME_HASH", "boundary": "end", "elapsed_seconds": 0.3367726067081094, "item_count": 1941}
{"event": "COMPACT_TIMING", "stage": "images_outputs", "boundary": "end", "role": "query", "batch_start": 800, "batch_size": 32, "seconds": 417.69797244435176}
{"event": "COMPACT_TIMING", "stage": "images_outputs", "boundary": "begin", "role": "query", "batch_start": 832, "batch_size": 32, "seconds": 417.6993984761648}
{"event": "COMPACT_RUNTIME_HASH", "boundary": "begin", "elapsed_seconds": 0.0, "item_count": 1941}
{"event": "COMPACT_RUNTIME_HASH", "boundary": "end", "elapsed_seconds": 0.3121483181603253, "item_count": 1941}
{"event": "COMPACT_TIMING", "stage": "images_outputs", "boundary": "end", "role": "query", "batch_start": 832, "batch_size": 32, "seconds": 418.7543795602396}
{"event": "COMPACT_TIMING", "stage": "images_outputs", "boundary": "begin", "role": "query", "batch_start": 864, "batch_size": 32, "seconds": 418.75620474433526}
{"event": "COMPACT_RUNTIME_HASH", "boundary": "begin", "elapsed_seconds": 0.0, "item_count": 1941}
{"event": "COMPACT_RUNTIME_HASH", "boundary": "end", "elapsed_seconds": 0.29254713375121355, "item_count": 1941}
{"event": "COMPACT_TIMING", "stage": "images_outputs", "boundary": "end", "role": "query", "batch_start": 864, "batch_size": 32, "seconds": 419.7908308492042}
{"event": "COMPACT_TIMING", "stage": "images_outputs", "boundary": "begin", "role": "query", "batch_start": 896, "batch_size": 32, "seconds": 419.7918450892903}
{"event": "COMPACT_RUNTIME_HASH", "boundary": "begin", "elapsed_seconds": 0.0, "item_count": 1941}
{"event": "COMPACT_RUNTIME_HASH", "boundary": "end", "elapsed_seconds": 0.29318652488291264, "item_count": 1941}
{"event": "COMPACT_TIMING", "stage": "images_outputs", "boundary": "end", "role": "query", "batch_start": 896, "batch_size": 32, "seconds": 420.8261922793463}
{"event": "COMPACT_TIMING", "stage": "images_outputs", "boundary": "begin", "role": "query", "batch_start": 928, "batch_size": 32, "seconds": 420.82698349514976}
{"event": "COMPACT_RUNTIME_HASH", "boundary": "begin", "elapsed_seconds": 0.0, "item_count": 1941}
{"event": "COMPACT_RUNTIME_HASH", "boundary": "end", "elapsed_seconds": 0.5082551469095051, "item_count": 1941}
{"event": "COMPACT_TIMING", "stage": "images_outputs", "boundary": "end", "role": "query", "batch_start": 928, "batch_size": 32, "seconds": 422.0956612243317}
{"event": "COMPACT_TIMING", "stage": "images_outputs", "boundary": "begin", "role": "query", "batch_start": 960, "batch_size": 32, "seconds": 422.0972122643143}
{"event": "COMPACT_RUNTIME_HASH", "boundary": "begin", "elapsed_seconds": 0.0, "item_count": 1941}
{"event": "COMPACT_RUNTIME_HASH", "boundary": "end", "elapsed_seconds": 0.3600153550505638, "item_count": 1941}
{"event": "COMPACT_TIMING", "stage": "images_outputs", "boundary": "end", "role": "query", "batch_start": 960, "batch_size": 32, "seconds": 423.21798509638757}
{"event": "COMPACT_TIMING", "stage": "images_outputs", "boundary": "begin", "role": "query", "batch_start": 992, "batch_size": 32, "seconds": 423.2188353203237}
{"event": "COMPACT_RUNTIME_HASH", "boundary": "begin", "elapsed_seconds": 0.0, "item_count": 1941}
{"event": "COMPACT_RUNTIME_HASH", "boundary": "end", "elapsed_seconds": 0.3083028430119157, "item_count": 1941}
{"event": "COMPACT_TIMING", "stage": "images_outputs", "boundary": "end", "role": "query", "batch_start": 992, "batch_size": 32, "seconds": 424.2692565661855}
{"event": "COMPACT_TIMING", "stage": "images_outputs", "boundary": "begin", "role": "query", "batch_start": 1024, "batch_size": 32, "seconds": 424.2699762620032}
{"event": "COMPACT_RUNTIME_HASH", "boundary": "begin", "elapsed_seconds": 0.0, "item_count": 1941}
{"event": "COMPACT_RUNTIME_HASH", "boundary": "end", "elapsed_seconds": 0.33816036116331816, "item_count": 1941}
{"event": "COMPACT_TIMING", "stage": "images_outputs", "boundary": "end", "role": "query", "batch_start": 1024, "batch_size": 32, "seconds": 425.3531835861504}
{"event": "COMPACT_TIMING", "stage": "images_outputs", "boundary": "begin", "role": "query", "batch_start": 1056, "batch_size": 32, "seconds": 425.3541984981857}
{"event": "COMPACT_RUNTIME_HASH", "boundary": "begin", "elapsed_seconds": 0.0, "item_count": 1941}
{"event": "COMPACT_RUNTIME_HASH", "boundary": "end", "elapsed_seconds": 0.31548375310376287, "item_count": 1941}
{"event": "COMPACT_TIMING", "stage": "images_outputs", "boundary": "end", "role": "query", "batch_start": 1056, "batch_size": 32, "seconds": 426.4132237229496}
{"event": "COMPACT_TIMING", "stage": "images_outputs", "boundary": "begin", "role": "query", "batch_start": 1088, "batch_size": 32, "seconds": 426.4141463311389}
{"event": "COMPACT_RUNTIME_HASH", "boundary": "begin", "elapsed_seconds": 0.0, "item_count": 1941}
{"event": "COMPACT_RUNTIME_HASH", "boundary": "end", "elapsed_seconds": 0.29460530495271087, "item_count": 1941}
{"event": "COMPACT_TIMING", "stage": "images_outputs", "boundary": "end", "role": "query", "batch_start": 1088, "batch_size": 32, "seconds": 427.44322550622746}
{"event": "COMPACT_TIMING", "stage": "images_outputs", "boundary": "begin", "role": "query", "batch_start": 1120, "batch_size": 32, "seconds": 427.44402579404414}
{"event": "COMPACT_RUNTIME_HASH", "boundary": "begin", "elapsed_seconds": 0.0, "item_count": 1941}
{"event": "COMPACT_RUNTIME_HASH", "boundary": "end", "elapsed_seconds": 0.3144075106829405, "item_count": 1941}
{"event": "COMPACT_TIMING", "stage": "images_outputs", "boundary": "end", "role": "query", "batch_start": 1120, "batch_size": 32, "seconds": 428.5038178469986}
{"event": "COMPACT_TIMING", "stage": "images_outputs", "boundary": "begin", "role": "query", "batch_start": 1152, "batch_size": 32, "seconds": 428.50537843909115}
{"event": "COMPACT_RUNTIME_HASH", "boundary": "begin", "elapsed_seconds": 0.0, "item_count": 1941}
{"event": "COMPACT_RUNTIME_HASH", "boundary": "end", "elapsed_seconds": 0.2803435758687556, "item_count": 1941}
{"event": "COMPACT_TIMING", "stage": "images_outputs", "boundary": "end", "role": "query", "batch_start": 1152, "batch_size": 32, "seconds": 429.529197961092}
{"event": "COMPACT_TIMING", "stage": "images_outputs", "boundary": "begin", "role": "query", "batch_start": 1184, "batch_size": 32, "seconds": 429.5308887450956}
{"event": "COMPACT_RUNTIME_HASH", "boundary": "begin", "elapsed_seconds": 0.0, "item_count": 1941}
{"event": "COMPACT_RUNTIME_HASH", "boundary": "end", "elapsed_seconds": 0.3046703259460628, "item_count": 1941}
{"event": "COMPACT_TIMING", "stage": "images_outputs", "boundary": "end", "role": "query", "batch_start": 1184, "batch_size": 32, "seconds": 430.59977373620495}
{"event": "COMPACT_TIMING", "stage": "images_outputs", "boundary": "begin", "role": "query", "batch_start": 1216, "batch_size": 32, "seconds": 430.60145330429077}
{"event": "COMPACT_RUNTIME_HASH", "boundary": "begin", "elapsed_seconds": 0.0, "item_count": 1941}
{"event": "COMPACT_RUNTIME_HASH", "boundary": "end", "elapsed_seconds": 0.4416660009883344, "item_count": 1941}
{"event": "COMPACT_TIMING", "stage": "images_outputs", "boundary": "end", "role": "query", "batch_start": 1216, "batch_size": 32, "seconds": 431.7956781932153}
{"event": "COMPACT_TIMING", "stage": "images_outputs", "boundary": "begin", "role": "query", "batch_start": 1248, "batch_size": 32, "seconds": 431.79734361730516}
{"event": "COMPACT_RUNTIME_HASH", "boundary": "begin", "elapsed_seconds": 0.0, "item_count": 1941}
{"event": "COMPACT_RUNTIME_HASH", "boundary": "end", "elapsed_seconds": 0.3002700540237129, "item_count": 1941}
{"event": "COMPACT_TIMING", "stage": "images_outputs", "boundary": "end", "role": "query", "batch_start": 1248, "batch_size": 32, "seconds": 432.8507201233879}
{"event": "COMPACT_TIMING", "stage": "images_outputs", "boundary": "begin", "role": "query", "batch_start": 1280, "batch_size": 32, "seconds": 432.85276367515326}
{"event": "COMPACT_RUNTIME_HASH", "boundary": "begin", "elapsed_seconds": 0.0, "item_count": 1941}
{"event": "COMPACT_RUNTIME_HASH", "boundary": "end", "elapsed_seconds": 0.3317310749553144, "item_count": 1941}
{"event": "COMPACT_TIMING", "stage": "images_outputs", "boundary": "end", "role": "query", "batch_start": 1280, "batch_size": 32, "seconds": 433.9260866739787}
{"event": "COMPACT_TIMING", "stage": "images_outputs", "boundary": "begin", "role": "query", "batch_start": 1312, "batch_size": 32, "seconds": 433.9266544659622}
{"event": "COMPACT_RUNTIME_HASH", "boundary": "begin", "elapsed_seconds": 0.0, "item_count": 1941}
{"event": "COMPACT_RUNTIME_HASH", "boundary": "end", "elapsed_seconds": 0.33442381117492914, "item_count": 1941}
{"event": "COMPACT_TIMING", "stage": "images_outputs", "boundary": "end", "role": "query", "batch_start": 1312, "batch_size": 32, "seconds": 435.0011984379962}
{"event": "COMPACT_TIMING", "stage": "images_outputs", "boundary": "begin", "role": "query", "batch_start": 1344, "batch_size": 32, "seconds": 435.00223899818957}
{"event": "COMPACT_RUNTIME_HASH", "boundary": "begin", "elapsed_seconds": 0.0, "item_count": 1941}
{"event": "COMPACT_RUNTIME_HASH", "boundary": "end", "elapsed_seconds": 0.28467920422554016, "item_count": 1941}
{"event": "COMPACT_TIMING", "stage": "images_outputs", "boundary": "end", "role": "query", "batch_start": 1344, "batch_size": 32, "seconds": 436.0428784741089}
{"event": "COMPACT_TIMING", "stage": "images_outputs", "boundary": "begin", "role": "query", "batch_start": 1376, "batch_size": 32, "seconds": 436.0446817702614}
{"event": "COMPACT_RUNTIME_HASH", "boundary": "begin", "elapsed_seconds": 0.0, "item_count": 1941}
{"event": "COMPACT_RUNTIME_HASH", "boundary": "end", "elapsed_seconds": 0.30187675496563315, "item_count": 1941}
{"event": "COMPACT_TIMING", "stage": "images_outputs", "boundary": "end", "role": "query", "batch_start": 1376, "batch_size": 32, "seconds": 437.1010362659581}
{"event": "COMPACT_TIMING", "stage": "images_outputs", "boundary": "begin", "role": "query", "batch_start": 1408, "batch_size": 32, "seconds": 437.10273177037016}
{"event": "COMPACT_RUNTIME_HASH", "boundary": "begin", "elapsed_seconds": 0.0, "item_count": 1941}
{"event": "COMPACT_RUNTIME_HASH", "boundary": "end", "elapsed_seconds": 0.301801186054945, "item_count": 1941}
{"event": "COMPACT_TIMING", "stage": "images_outputs", "boundary": "end", "role": "query", "batch_start": 1408, "batch_size": 32, "seconds": 438.16084117628634}
{"event": "COMPACT_TIMING", "stage": "images_outputs", "boundary": "begin", "role": "query", "batch_start": 1440, "batch_size": 32, "seconds": 438.161896024365}
{"event": "COMPACT_RUNTIME_HASH", "boundary": "begin", "elapsed_seconds": 0.0, "item_count": 1941}
{"event": "COMPACT_RUNTIME_HASH", "boundary": "end", "elapsed_seconds": 0.3001568652689457, "item_count": 1941}
{"event": "COMPACT_TIMING", "stage": "images_outputs", "boundary": "end", "role": "query", "batch_start": 1440, "batch_size": 32, "seconds": 439.22959416313097}
{"event": "COMPACT_TIMING", "stage": "images_outputs", "boundary": "begin", "role": "query", "batch_start": 1472, "batch_size": 32, "seconds": 439.23011510726064}
{"event": "COMPACT_RUNTIME_HASH", "boundary": "begin", "elapsed_seconds": 0.0, "item_count": 1941}
{"event": "COMPACT_RUNTIME_HASH", "boundary": "end", "elapsed_seconds": 0.28853046521544456, "item_count": 1941}
{"event": "COMPACT_TIMING", "stage": "images_outputs", "boundary": "end", "role": "query", "batch_start": 1472, "batch_size": 32, "seconds": 440.2765668439679}
{"event": "COMPACT_TIMING", "stage": "images_outputs", "boundary": "begin", "role": "query", "batch_start": 1504, "batch_size": 32, "seconds": 440.2781071960926}
{"event": "COMPACT_RUNTIME_HASH", "boundary": "begin", "elapsed_seconds": 0.0, "item_count": 1941}
{"event": "COMPACT_RUNTIME_HASH", "boundary": "end", "elapsed_seconds": 0.33408988593146205, "item_count": 1941}
{"event": "COMPACT_TIMING", "stage": "images_outputs", "boundary": "end", "role": "query", "batch_start": 1504, "batch_size": 32, "seconds": 441.3746978249401}
{"event": "COMPACT_TIMING", "stage": "images_outputs", "boundary": "begin", "role": "query", "batch_start": 1536, "batch_size": 32, "seconds": 441.37651217728853}
{"event": "COMPACT_RUNTIME_HASH", "boundary": "begin", "elapsed_seconds": 0.0, "item_count": 1941}
{"event": "COMPACT_RUNTIME_HASH", "boundary": "end", "elapsed_seconds": 0.4579107742756605, "item_count": 1941}
{"event": "COMPACT_TIMING", "stage": "images_outputs", "boundary": "end", "role": "query", "batch_start": 1536, "batch_size": 32, "seconds": 442.5921543161385}
{"event": "COMPACT_TIMING", "stage": "images_outputs", "boundary": "begin", "role": "query", "batch_start": 1568, "batch_size": 32, "seconds": 442.5935372123495}
{"event": "COMPACT_RUNTIME_HASH", "boundary": "begin", "elapsed_seconds": 0.0, "item_count": 1941}
{"event": "COMPACT_RUNTIME_HASH", "boundary": "end", "elapsed_seconds": 0.3287009880878031, "item_count": 1941}
{"event": "COMPACT_TIMING", "stage": "images_outputs", "boundary": "end", "role": "query", "batch_start": 1568, "batch_size": 32, "seconds": 443.66578927636147}
{"event": "COMPACT_TIMING", "stage": "images_outputs", "boundary": "begin", "role": "query", "batch_start": 1600, "batch_size": 32, "seconds": 443.6674874839373}
{"event": "COMPACT_RUNTIME_HASH", "boundary": "begin", "elapsed_seconds": 0.0, "item_count": 1941}
{"event": "COMPACT_RUNTIME_HASH", "boundary": "end", "elapsed_seconds": 0.26519505586475134, "item_count": 1941}
{"event": "COMPACT_TIMING", "stage": "images_outputs", "boundary": "end", "role": "query", "batch_start": 1600, "batch_size": 32, "seconds": 444.67342929402366}
{"event": "COMPACT_TIMING", "stage": "images_outputs", "boundary": "begin", "role": "query", "batch_start": 1632, "batch_size": 32, "seconds": 444.67426775814965}
{"event": "COMPACT_RUNTIME_HASH", "boundary": "begin", "elapsed_seconds": 0.0, "item_count": 1941}
{"event": "COMPACT_RUNTIME_HASH", "boundary": "end", "elapsed_seconds": 0.30204457184299827, "item_count": 1941}
{"event": "COMPACT_TIMING", "stage": "images_outputs", "boundary": "end", "role": "query", "batch_start": 1632, "batch_size": 32, "seconds": 445.7265825229697}
{"event": "COMPACT_TIMING", "stage": "images_outputs", "boundary": "begin", "role": "query", "batch_start": 1664, "batch_size": 32, "seconds": 445.7276400430128}
{"event": "COMPACT_RUNTIME_HASH", "boundary": "begin", "elapsed_seconds": 0.0, "item_count": 1941}
{"event": "COMPACT_RUNTIME_HASH", "boundary": "end", "elapsed_seconds": 0.31825641077011824, "item_count": 1941}
{"event": "COMPACT_TIMING", "stage": "images_outputs", "boundary": "end", "role": "query", "batch_start": 1664, "batch_size": 32, "seconds": 446.81261741230264}
{"event": "COMPACT_TIMING", "stage": "images_outputs", "boundary": "begin", "role": "query", "batch_start": 1696, "batch_size": 32, "seconds": 446.81430363608524}
{"event": "COMPACT_RUNTIME_HASH", "boundary": "begin", "elapsed_seconds": 0.0, "item_count": 1941}
{"event": "COMPACT_RUNTIME_HASH", "boundary": "end", "elapsed_seconds": 0.29996557999402285, "item_count": 1941}
{"event": "COMPACT_TIMING", "stage": "images_outputs", "boundary": "end", "role": "query", "batch_start": 1696, "batch_size": 32, "seconds": 447.87172919511795}
{"event": "COMPACT_TIMING", "stage": "images_outputs", "boundary": "begin", "role": "query", "batch_start": 1728, "batch_size": 6, "seconds": 447.87301316298544}
{"event": "COMPACT_RUNTIME_HASH", "boundary": "begin", "elapsed_seconds": 0.0, "item_count": 1941}
{"event": "COMPACT_RUNTIME_HASH", "boundary": "end", "elapsed_seconds": 0.28655753191560507, "item_count": 1941}
{"event": "COMPACT_TIMING", "stage": "images_outputs", "boundary": "end", "role": "query", "batch_start": 1728, "batch_size": 6, "seconds": 448.5699741700664}
{"event": "COMPACT_TIMING", "stage": "images_outputs", "boundary": "begin", "role": "gallery", "batch_start": 0, "batch_size": 32, "seconds": 448.57006057025865}
{"event": "COMPACT_RUNTIME_HASH", "boundary": "begin", "elapsed_seconds": 0.0, "item_count": 1941}
{"event": "COMPACT_RUNTIME_HASH", "boundary": "end", "elapsed_seconds": 0.35673480620607734, "item_count": 1941}
{"event": "COMPACT_TIMING", "stage": "images_outputs", "boundary": "end", "role": "gallery", "batch_start": 0, "batch_size": 32, "seconds": 450.079250109382}
{"event": "COMPACT_TIMING", "stage": "images_outputs", "boundary": "begin", "role": "gallery", "batch_start": 32, "batch_size": 32, "seconds": 450.0805348129943}
{"event": "COMPACT_RUNTIME_HASH", "boundary": "begin", "elapsed_seconds": 0.0, "item_count": 1941}
{"event": "COMPACT_RUNTIME_HASH", "boundary": "end", "elapsed_seconds": 0.3047897848300636, "item_count": 1941}
{"event": "COMPACT_TIMING", "stage": "images_outputs", "boundary": "end", "role": "gallery", "batch_start": 32, "batch_size": 32, "seconds": 451.1349422223866}
{"event": "COMPACT_TIMING", "stage": "images_outputs", "boundary": "begin", "role": "gallery", "batch_start": 64, "batch_size": 32, "seconds": 451.1374455653131}
{"event": "COMPACT_RUNTIME_HASH", "boundary": "begin", "elapsed_seconds": 0.0, "item_count": 1941}
{"event": "COMPACT_RUNTIME_HASH", "boundary": "end", "elapsed_seconds": 0.2985018170438707, "item_count": 1941}
{"event": "COMPACT_TIMING", "stage": "images_outputs", "boundary": "end", "role": "gallery", "batch_start": 64, "batch_size": 32, "seconds": 452.2089375620708}
{"event": "COMPACT_TIMING", "stage": "images_outputs", "boundary": "begin", "role": "gallery", "batch_start": 96, "batch_size": 32, "seconds": 452.21083954628557}
{"event": "COMPACT_RUNTIME_HASH", "boundary": "begin", "elapsed_seconds": 0.0, "item_count": 1941}
{"event": "COMPACT_RUNTIME_HASH", "boundary": "end", "elapsed_seconds": 0.33530115708708763, "item_count": 1941}
{"event": "COMPACT_TIMING", "stage": "images_outputs", "boundary": "end", "role": "gallery", "batch_start": 96, "batch_size": 32, "seconds": 453.3004292831756}
{"event": "COMPACT_TIMING", "stage": "images_outputs", "boundary": "begin", "role": "gallery", "batch_start": 128, "batch_size": 32, "seconds": 453.30170070705935}
{"event": "COMPACT_RUNTIME_HASH", "boundary": "begin", "elapsed_seconds": 0.0, "item_count": 1941}
{"event": "COMPACT_RUNTIME_HASH", "boundary": "end", "elapsed_seconds": 0.303178567904979, "item_count": 1941}
{"event": "COMPACT_TIMING", "stage": "images_outputs", "boundary": "end", "role": "gallery", "batch_start": 128, "batch_size": 32, "seconds": 454.3679607640952}
{"event": "COMPACT_TIMING", "stage": "images_outputs", "boundary": "begin", "role": "gallery", "batch_start": 160, "batch_size": 32, "seconds": 454.3698337241076}
{"event": "COMPACT_RUNTIME_HASH", "boundary": "begin", "elapsed_seconds": 0.0, "item_count": 1941}
{"event": "COMPACT_RUNTIME_HASH", "boundary": "end", "elapsed_seconds": 0.3141077649779618, "item_count": 1941}
{"event": "COMPACT_TIMING", "stage": "images_outputs", "boundary": "end", "role": "gallery", "batch_start": 160, "batch_size": 32, "seconds": 455.60179330036044}
{"event": "COMPACT_TIMING", "stage": "images_outputs", "boundary": "begin", "role": "gallery", "batch_start": 192, "batch_size": 32, "seconds": 455.6030949000269}
{"event": "COMPACT_RUNTIME_HASH", "boundary": "begin", "elapsed_seconds": 0.0, "item_count": 1941}
{"event": "COMPACT_RUNTIME_HASH", "boundary": "end", "elapsed_seconds": 0.3391710580326617, "item_count": 1941}
{"event": "COMPACT_TIMING", "stage": "images_outputs", "boundary": "end", "role": "gallery", "batch_start": 192, "batch_size": 32, "seconds": 456.6819989499636}
{"event": "COMPACT_TIMING", "stage": "images_outputs", "boundary": "begin", "role": "gallery", "batch_start": 224, "batch_size": 32, "seconds": 456.6834047101438}
{"event": "COMPACT_RUNTIME_HASH", "boundary": "begin", "elapsed_seconds": 0.0, "item_count": 1941}
{"event": "COMPACT_RUNTIME_HASH", "boundary": "end", "elapsed_seconds": 0.3569441121071577, "item_count": 1941}
{"event": "COMPACT_TIMING", "stage": "images_outputs", "boundary": "end", "role": "gallery", "batch_start": 224, "batch_size": 32, "seconds": 457.7948518912308}
{"event": "COMPACT_TIMING", "stage": "images_outputs", "boundary": "begin", "role": "gallery", "batch_start": 256, "batch_size": 32, "seconds": 457.7963433470577}
{"event": "COMPACT_RUNTIME_HASH", "boundary": "begin", "elapsed_seconds": 0.0, "item_count": 1941}
{"event": "COMPACT_RUNTIME_HASH", "boundary": "end", "elapsed_seconds": 0.31179989175871015, "item_count": 1941}
{"event": "COMPACT_TIMING", "stage": "images_outputs", "boundary": "end", "role": "gallery", "batch_start": 256, "batch_size": 32, "seconds": 458.849524195306}
{"event": "COMPACT_TIMING", "stage": "images_outputs", "boundary": "begin", "role": "gallery", "batch_start": 288, "batch_size": 32, "seconds": 458.8510944512673}
{"event": "COMPACT_RUNTIME_HASH", "boundary": "begin", "elapsed_seconds": 0.0, "item_count": 1941}
{"event": "COMPACT_RUNTIME_HASH", "boundary": "end", "elapsed_seconds": 0.3078962746076286, "item_count": 1941}
{"event": "COMPACT_TIMING", "stage": "images_outputs", "boundary": "end", "role": "gallery", "batch_start": 288, "batch_size": 32, "seconds": 459.9190949909389}
{"event": "COMPACT_TIMING", "stage": "images_outputs", "boundary": "begin", "role": "gallery", "batch_start": 320, "batch_size": 32, "seconds": 459.920649566222}
{"event": "COMPACT_RUNTIME_HASH", "boundary": "begin", "elapsed_seconds": 0.0, "item_count": 1941}
{"event": "COMPACT_RUNTIME_HASH", "boundary": "end", "elapsed_seconds": 0.30195427499711514, "item_count": 1941}
{"event": "COMPACT_TIMING", "stage": "images_outputs", "boundary": "end", "role": "gallery", "batch_start": 320, "batch_size": 32, "seconds": 460.9756863932125}
{"event": "COMPACT_TIMING", "stage": "images_outputs", "boundary": "begin", "role": "gallery", "batch_start": 352, "batch_size": 32, "seconds": 460.97637762501836}
{"event": "COMPACT_RUNTIME_HASH", "boundary": "begin", "elapsed_seconds": 0.0, "item_count": 1941}
{"event": "COMPACT_RUNTIME_HASH", "boundary": "end", "elapsed_seconds": 0.27987238811329007, "item_count": 1941}
{"event": "COMPACT_TIMING", "stage": "images_outputs", "boundary": "end", "role": "gallery", "batch_start": 352, "batch_size": 32, "seconds": 461.99985061306506}
{"event": "COMPACT_TIMING", "stage": "images_outputs", "boundary": "begin", "role": "gallery", "batch_start": 384, "batch_size": 32, "seconds": 462.0014392370358}
{"event": "COMPACT_RUNTIME_HASH", "boundary": "begin", "elapsed_seconds": 0.0, "item_count": 1941}
{"event": "COMPACT_RUNTIME_HASH", "boundary": "end", "elapsed_seconds": 0.3165857451967895, "item_count": 1941}
{"event": "COMPACT_TIMING", "stage": "images_outputs", "boundary": "end", "role": "gallery", "batch_start": 384, "batch_size": 32, "seconds": 463.0985605190508}
{"event": "COMPACT_TIMING", "stage": "images_outputs", "boundary": "begin", "role": "gallery", "batch_start": 416, "batch_size": 32, "seconds": 463.10130677511916}
{"event": "COMPACT_RUNTIME_HASH", "boundary": "begin", "elapsed_seconds": 0.0, "item_count": 1941}
{"event": "COMPACT_RUNTIME_HASH", "boundary": "end", "elapsed_seconds": 0.31507166381925344, "item_count": 1941}
{"event": "COMPACT_TIMING", "stage": "images_outputs", "boundary": "end", "role": "gallery", "batch_start": 416, "batch_size": 32, "seconds": 464.17252232925966}
{"event": "COMPACT_TIMING", "stage": "images_outputs", "boundary": "begin", "role": "gallery", "batch_start": 448, "batch_size": 32, "seconds": 464.17413232894614}
{"event": "COMPACT_RUNTIME_HASH", "boundary": "begin", "elapsed_seconds": 0.0, "item_count": 1941}
{"event": "COMPACT_RUNTIME_HASH", "boundary": "end", "elapsed_seconds": 0.2816361146979034, "item_count": 1941}
{"event": "COMPACT_TIMING", "stage": "images_outputs", "boundary": "end", "role": "gallery", "batch_start": 448, "batch_size": 32, "seconds": 465.19807371031493}
{"event": "COMPACT_TIMING", "stage": "images_outputs", "boundary": "begin", "role": "gallery", "batch_start": 480, "batch_size": 32, "seconds": 465.198725997936}
{"event": "COMPACT_RUNTIME_HASH", "boundary": "begin", "elapsed_seconds": 0.0, "item_count": 1941}
{"event": "COMPACT_RUNTIME_HASH", "boundary": "end", "elapsed_seconds": 0.31396980630233884, "item_count": 1941}
{"event": "COMPACT_TIMING", "stage": "images_outputs", "boundary": "end", "role": "gallery", "batch_start": 480, "batch_size": 32, "seconds": 466.26297527737916}
{"event": "COMPACT_TIMING", "stage": "images_outputs", "boundary": "begin", "role": "gallery", "batch_start": 512, "batch_size": 32, "seconds": 466.2637115162797}
{"event": "COMPACT_RUNTIME_HASH", "boundary": "begin", "elapsed_seconds": 0.0, "item_count": 1941}
{"event": "COMPACT_RUNTIME_HASH", "boundary": "end", "elapsed_seconds": 0.31991719687357545, "item_count": 1941}
{"event": "COMPACT_TIMING", "stage": "images_outputs", "boundary": "end", "role": "gallery", "batch_start": 512, "batch_size": 32, "seconds": 467.33134709624574}
{"event": "COMPACT_TIMING", "stage": "images_outputs", "boundary": "begin", "role": "gallery", "batch_start": 544, "batch_size": 32, "seconds": 467.33277608826756}
{"event": "COMPACT_RUNTIME_HASH", "boundary": "begin", "elapsed_seconds": 0.0, "item_count": 1941}
{"event": "COMPACT_RUNTIME_HASH", "boundary": "end", "elapsed_seconds": 0.35021293722093105, "item_count": 1941}
{"event": "COMPACT_TIMING", "stage": "images_outputs", "boundary": "end", "role": "gallery", "batch_start": 544, "batch_size": 32, "seconds": 468.59351989999413}
{"event": "COMPACT_TIMING", "stage": "images_outputs", "boundary": "begin", "role": "gallery", "batch_start": 576, "batch_size": 32, "seconds": 468.59526175633073}
{"event": "COMPACT_RUNTIME_HASH", "boundary": "begin", "elapsed_seconds": 0.0, "item_count": 1941}
{"event": "COMPACT_RUNTIME_HASH", "boundary": "end", "elapsed_seconds": 0.28449089592322707, "item_count": 1941}
{"event": "COMPACT_TIMING", "stage": "images_outputs", "boundary": "end", "role": "gallery", "batch_start": 576, "batch_size": 32, "seconds": 469.62475512735546}
{"event": "COMPACT_TIMING", "stage": "images_outputs", "boundary": "begin", "role": "gallery", "batch_start": 608, "batch_size": 32, "seconds": 469.6265651592985}
{"event": "COMPACT_RUNTIME_HASH", "boundary": "begin", "elapsed_seconds": 0.0, "item_count": 1941}
{"event": "COMPACT_RUNTIME_HASH", "boundary": "end", "elapsed_seconds": 0.28626996697857976, "item_count": 1941}
{"event": "COMPACT_TIMING", "stage": "images_outputs", "boundary": "end", "role": "gallery", "batch_start": 608, "batch_size": 32, "seconds": 470.66818926203996}
{"event": "COMPACT_TIMING", "stage": "images_outputs", "boundary": "begin", "role": "gallery", "batch_start": 640, "batch_size": 32, "seconds": 470.6695246542804}
{"event": "COMPACT_RUNTIME_HASH", "boundary": "begin", "elapsed_seconds": 0.0, "item_count": 1941}
{"event": "COMPACT_RUNTIME_HASH", "boundary": "end", "elapsed_seconds": 0.31785117788240314, "item_count": 1941}
{"event": "COMPACT_TIMING", "stage": "images_outputs", "boundary": "end", "role": "gallery", "batch_start": 640, "batch_size": 32, "seconds": 471.7542076143436}
{"event": "COMPACT_TIMING", "stage": "images_outputs", "boundary": "begin", "role": "gallery", "batch_start": 672, "batch_size": 32, "seconds": 471.75541633414105}
{"event": "COMPACT_RUNTIME_HASH", "boundary": "begin", "elapsed_seconds": 0.0, "item_count": 1941}
{"event": "COMPACT_RUNTIME_HASH", "boundary": "end", "elapsed_seconds": 0.3194970809854567, "item_count": 1941}
{"event": "COMPACT_TIMING", "stage": "images_outputs", "boundary": "end", "role": "gallery", "batch_start": 672, "batch_size": 32, "seconds": 472.8338501402177}
{"event": "COMPACT_TIMING", "stage": "images_outputs", "boundary": "begin", "role": "gallery", "batch_start": 704, "batch_size": 32, "seconds": 472.83467668434605}
{"event": "COMPACT_RUNTIME_HASH", "boundary": "begin", "elapsed_seconds": 0.0, "item_count": 1941}
{"event": "COMPACT_RUNTIME_HASH", "boundary": "end", "elapsed_seconds": 0.3431304218247533, "item_count": 1941}
{"event": "COMPACT_TIMING", "stage": "images_outputs", "boundary": "end", "role": "gallery", "batch_start": 704, "batch_size": 32, "seconds": 473.9151341840625}
{"event": "COMPACT_TIMING", "stage": "images_outputs", "boundary": "begin", "role": "gallery", "batch_start": 736, "batch_size": 32, "seconds": 473.91590471193194}
{"event": "COMPACT_RUNTIME_HASH", "boundary": "begin", "elapsed_seconds": 0.0, "item_count": 1941}
{"event": "COMPACT_RUNTIME_HASH", "boundary": "end", "elapsed_seconds": 0.3018263471312821, "item_count": 1941}
{"event": "COMPACT_TIMING", "stage": "images_outputs", "boundary": "end", "role": "gallery", "batch_start": 736, "batch_size": 32, "seconds": 474.96859758906066}
{"event": "COMPACT_TIMING", "stage": "images_outputs", "boundary": "begin", "role": "gallery", "batch_start": 768, "batch_size": 32, "seconds": 474.9701069332659}
{"event": "COMPACT_RUNTIME_HASH", "boundary": "begin", "elapsed_seconds": 0.0, "item_count": 1941}
{"event": "COMPACT_RUNTIME_HASH", "boundary": "end", "elapsed_seconds": 0.3321730778552592, "item_count": 1941}
{"event": "COMPACT_TIMING", "stage": "images_outputs", "boundary": "end", "role": "gallery", "batch_start": 768, "batch_size": 32, "seconds": 476.0635691783391}
{"event": "COMPACT_TIMING", "stage": "images_outputs", "boundary": "begin", "role": "gallery", "batch_start": 800, "batch_size": 32, "seconds": 476.0644316743128}
{"event": "COMPACT_RUNTIME_HASH", "boundary": "begin", "elapsed_seconds": 0.0, "item_count": 1941}
{"event": "COMPACT_RUNTIME_HASH", "boundary": "end", "elapsed_seconds": 0.2832713397219777, "item_count": 1941}
{"event": "COMPACT_TIMING", "stage": "images_outputs", "boundary": "end", "role": "gallery", "batch_start": 800, "batch_size": 32, "seconds": 477.0931951571256}
{"event": "COMPACT_TIMING", "stage": "images_outputs", "boundary": "begin", "role": "gallery", "batch_start": 832, "batch_size": 32, "seconds": 477.09409624524415}
{"event": "COMPACT_RUNTIME_HASH", "boundary": "begin", "elapsed_seconds": 0.0, "item_count": 1941}
{"event": "COMPACT_RUNTIME_HASH", "boundary": "end", "elapsed_seconds": 0.3289227248169482, "item_count": 1941}
{"event": "COMPACT_TIMING", "stage": "images_outputs", "boundary": "end", "role": "gallery", "batch_start": 832, "batch_size": 32, "seconds": 478.17175268009305}
{"event": "COMPACT_TIMING", "stage": "images_outputs", "boundary": "begin", "role": "gallery", "batch_start": 864, "batch_size": 32, "seconds": 478.17318380018696}
{"event": "COMPACT_RUNTIME_HASH", "boundary": "begin", "elapsed_seconds": 0.0, "item_count": 1941}
{"event": "COMPACT_RUNTIME_HASH", "boundary": "end", "elapsed_seconds": 0.33512832410633564, "item_count": 1941}
{"event": "COMPACT_TIMING", "stage": "images_outputs", "boundary": "end", "role": "gallery", "batch_start": 864, "batch_size": 32, "seconds": 479.26071528717875}
{"event": "COMPACT_TIMING", "stage": "images_outputs", "boundary": "begin", "role": "gallery", "batch_start": 896, "batch_size": 32, "seconds": 479.26156987901777}
{"event": "COMPACT_RUNTIME_HASH", "boundary": "begin", "elapsed_seconds": 0.0, "item_count": 1941}
{"event": "COMPACT_RUNTIME_HASH", "boundary": "end", "elapsed_seconds": 0.3316013482399285, "item_count": 1941}
{"event": "COMPACT_TIMING", "stage": "images_outputs", "boundary": "end", "role": "gallery", "batch_start": 896, "batch_size": 32, "seconds": 480.36360288225114}
{"event": "COMPACT_TIMING", "stage": "images_outputs", "boundary": "begin", "role": "gallery", "batch_start": 928, "batch_size": 32, "seconds": 480.3652878901921}
{"event": "COMPACT_RUNTIME_HASH", "boundary": "begin", "elapsed_seconds": 0.0, "item_count": 1941}
{"event": "COMPACT_RUNTIME_HASH", "boundary": "end", "elapsed_seconds": 0.33475920278578997, "item_count": 1941}
{"event": "COMPACT_TIMING", "stage": "images_outputs", "boundary": "end", "role": "gallery", "batch_start": 928, "batch_size": 32, "seconds": 481.638534211088}
{"event": "COMPACT_TIMING", "stage": "images_outputs", "boundary": "begin", "role": "gallery", "batch_start": 960, "batch_size": 32, "seconds": 481.64038361934945}
{"event": "COMPACT_RUNTIME_HASH", "boundary": "begin", "elapsed_seconds": 0.0, "item_count": 1941}
{"event": "COMPACT_RUNTIME_HASH", "boundary": "end", "elapsed_seconds": 0.34077796805649996, "item_count": 1941}
{"event": "COMPACT_TIMING", "stage": "images_outputs", "boundary": "end", "role": "gallery", "batch_start": 960, "batch_size": 32, "seconds": 482.7280673542991}
{"event": "COMPACT_TIMING", "stage": "images_outputs", "boundary": "begin", "role": "gallery", "batch_start": 992, "batch_size": 32, "seconds": 482.7297772099264}
{"event": "COMPACT_RUNTIME_HASH", "boundary": "begin", "elapsed_seconds": 0.0, "item_count": 1941}
{"event": "COMPACT_RUNTIME_HASH", "boundary": "end", "elapsed_seconds": 0.29699989361688495, "item_count": 1941}
{"event": "COMPACT_TIMING", "stage": "images_outputs", "boundary": "end", "role": "gallery", "batch_start": 992, "batch_size": 32, "seconds": 483.78048016503453}
{"event": "COMPACT_TIMING", "stage": "images_outputs", "boundary": "begin", "role": "gallery", "batch_start": 1024, "batch_size": 32, "seconds": 483.7808516053483}
{"event": "COMPACT_RUNTIME_HASH", "boundary": "begin", "elapsed_seconds": 0.0, "item_count": 1941}
{"event": "COMPACT_RUNTIME_HASH", "boundary": "end", "elapsed_seconds": 0.33679926302284, "item_count": 1941}
{"event": "COMPACT_TIMING", "stage": "images_outputs", "boundary": "end", "role": "gallery", "batch_start": 1024, "batch_size": 32, "seconds": 484.890952676069}
{"event": "COMPACT_TIMING", "stage": "images_outputs", "boundary": "begin", "role": "gallery", "batch_start": 1056, "batch_size": 32, "seconds": 484.89247275609523}
{"event": "COMPACT_RUNTIME_HASH", "boundary": "begin", "elapsed_seconds": 0.0, "item_count": 1941}
{"event": "COMPACT_RUNTIME_HASH", "boundary": "end", "elapsed_seconds": 0.3247488662600517, "item_count": 1941}
{"event": "COMPACT_TIMING", "stage": "images_outputs", "boundary": "end", "role": "gallery", "batch_start": 1056, "batch_size": 32, "seconds": 485.9702454940416}
{"event": "COMPACT_TIMING", "stage": "images_outputs", "boundary": "begin", "role": "gallery", "batch_start": 1088, "batch_size": 32, "seconds": 485.97285002237186}
{"event": "COMPACT_RUNTIME_HASH", "boundary": "begin", "elapsed_seconds": 0.0, "item_count": 1941}
{"event": "COMPACT_RUNTIME_HASH", "boundary": "end", "elapsed_seconds": 0.28471517423167825, "item_count": 1941}
{"event": "COMPACT_TIMING", "stage": "images_outputs", "boundary": "end", "role": "gallery", "batch_start": 1088, "batch_size": 32, "seconds": 487.0015368773602}
{"event": "COMPACT_TIMING", "stage": "images_outputs", "boundary": "begin", "role": "gallery", "batch_start": 1120, "batch_size": 32, "seconds": 487.0026794532314}
{"event": "COMPACT_RUNTIME_HASH", "boundary": "begin", "elapsed_seconds": 0.0, "item_count": 1941}
{"event": "COMPACT_RUNTIME_HASH", "boundary": "end", "elapsed_seconds": 0.35419261921197176, "item_count": 1941}
{"event": "COMPACT_TIMING", "stage": "images_outputs", "boundary": "end", "role": "gallery", "batch_start": 1120, "batch_size": 32, "seconds": 488.11159731820226}
{"event": "COMPACT_TIMING", "stage": "images_outputs", "boundary": "begin", "role": "gallery", "batch_start": 1152, "batch_size": 32, "seconds": 488.11242570215836}
{"event": "COMPACT_RUNTIME_HASH", "boundary": "begin", "elapsed_seconds": 0.0, "item_count": 1941}
{"event": "COMPACT_RUNTIME_HASH", "boundary": "end", "elapsed_seconds": 0.32092518266290426, "item_count": 1941}
{"event": "COMPACT_TIMING", "stage": "images_outputs", "boundary": "end", "role": "gallery", "batch_start": 1152, "batch_size": 32, "seconds": 489.18227857816964}
{"event": "COMPACT_TIMING", "stage": "images_outputs", "boundary": "begin", "role": "gallery", "batch_start": 1184, "batch_size": 32, "seconds": 489.18335153814405}
{"event": "COMPACT_RUNTIME_HASH", "boundary": "begin", "elapsed_seconds": 0.0, "item_count": 1941}
{"event": "COMPACT_RUNTIME_HASH", "boundary": "end", "elapsed_seconds": 0.3455160274170339, "item_count": 1941}
{"event": "COMPACT_TIMING", "stage": "images_outputs", "boundary": "end", "role": "gallery", "batch_start": 1184, "batch_size": 32, "seconds": 490.282444216311}
{"event": "COMPACT_TIMING", "stage": "images_outputs", "boundary": "begin", "role": "gallery", "batch_start": 1216, "batch_size": 32, "seconds": 490.28362042317167}
{"event": "COMPACT_RUNTIME_HASH", "boundary": "begin", "elapsed_seconds": 0.0, "item_count": 1941}
{"event": "COMPACT_RUNTIME_HASH", "boundary": "end", "elapsed_seconds": 0.3172087180428207, "item_count": 1941}
{"event": "COMPACT_TIMING", "stage": "images_outputs", "boundary": "end", "role": "gallery", "batch_start": 1216, "batch_size": 32, "seconds": 491.3484505121596}
{"event": "COMPACT_TIMING", "stage": "images_outputs", "boundary": "begin", "role": "gallery", "batch_start": 1248, "batch_size": 32, "seconds": 491.3505506403744}
{"event": "COMPACT_RUNTIME_HASH", "boundary": "begin", "elapsed_seconds": 0.0, "item_count": 1941}
{"event": "COMPACT_RUNTIME_HASH", "boundary": "end", "elapsed_seconds": 0.30597111908718944, "item_count": 1941}
{"event": "COMPACT_TIMING", "stage": "images_outputs", "boundary": "end", "role": "gallery", "batch_start": 1248, "batch_size": 32, "seconds": 492.4120142632164}
{"event": "COMPACT_TIMING", "stage": "images_outputs", "boundary": "begin", "role": "gallery", "batch_start": 1280, "batch_size": 32, "seconds": 492.4136094143614}
{"event": "COMPACT_RUNTIME_HASH", "boundary": "begin", "elapsed_seconds": 0.0, "item_count": 1941}
{"event": "COMPACT_RUNTIME_HASH", "boundary": "end", "elapsed_seconds": 0.30716455867514014, "item_count": 1941}
{"event": "COMPACT_TIMING", "stage": "images_outputs", "boundary": "end", "role": "gallery", "batch_start": 1280, "batch_size": 32, "seconds": 493.48431572224945}
{"event": "COMPACT_TIMING", "stage": "images_outputs", "boundary": "begin", "role": "gallery", "batch_start": 1312, "batch_size": 32, "seconds": 493.48557941708714}
{"event": "COMPACT_RUNTIME_HASH", "boundary": "begin", "elapsed_seconds": 0.0, "item_count": 1941}
{"event": "COMPACT_RUNTIME_HASH", "boundary": "end", "elapsed_seconds": 0.3381007928401232, "item_count": 1941}
{"event": "COMPACT_TIMING", "stage": "images_outputs", "boundary": "end", "role": "gallery", "batch_start": 1312, "batch_size": 32, "seconds": 494.7115863370709}
{"event": "COMPACT_TIMING", "stage": "images_outputs", "boundary": "begin", "role": "gallery", "batch_start": 1344, "batch_size": 32, "seconds": 494.71300731319934}
{"event": "COMPACT_RUNTIME_HASH", "boundary": "begin", "elapsed_seconds": 0.0, "item_count": 1941}
{"event": "COMPACT_RUNTIME_HASH", "boundary": "end", "elapsed_seconds": 0.28359899297356606, "item_count": 1941}
{"event": "COMPACT_TIMING", "stage": "images_outputs", "boundary": "end", "role": "gallery", "batch_start": 1344, "batch_size": 32, "seconds": 495.7435119901784}
{"event": "COMPACT_TIMING", "stage": "images_outputs", "boundary": "begin", "role": "gallery", "batch_start": 1376, "batch_size": 32, "seconds": 495.7455047899857}
{"event": "COMPACT_RUNTIME_HASH", "boundary": "begin", "elapsed_seconds": 0.0, "item_count": 1941}
{"event": "COMPACT_RUNTIME_HASH", "boundary": "end", "elapsed_seconds": 0.36751420982182026, "item_count": 1941}
{"event": "COMPACT_TIMING", "stage": "images_outputs", "boundary": "end", "role": "gallery", "batch_start": 1376, "batch_size": 32, "seconds": 496.86202663509175}
{"event": "COMPACT_TIMING", "stage": "images_outputs", "boundary": "begin", "role": "gallery", "batch_start": 1408, "batch_size": 32, "seconds": 496.8628298351541}
{"event": "COMPACT_RUNTIME_HASH", "boundary": "begin", "elapsed_seconds": 0.0, "item_count": 1941}
{"event": "COMPACT_RUNTIME_HASH", "boundary": "end", "elapsed_seconds": 0.3398940870538354, "item_count": 1941}
{"event": "COMPACT_TIMING", "stage": "images_outputs", "boundary": "end", "role": "gallery", "batch_start": 1408, "batch_size": 32, "seconds": 497.9474106100388}
{"event": "COMPACT_TIMING", "stage": "images_outputs", "boundary": "begin", "role": "gallery", "batch_start": 1440, "batch_size": 32, "seconds": 497.94856784213334}
{"event": "COMPACT_RUNTIME_HASH", "boundary": "begin", "elapsed_seconds": 0.0, "item_count": 1941}
{"event": "COMPACT_RUNTIME_HASH", "boundary": "end", "elapsed_seconds": 0.2770841121673584, "item_count": 1941}
{"event": "COMPACT_TIMING", "stage": "images_outputs", "boundary": "end", "role": "gallery", "batch_start": 1440, "batch_size": 32, "seconds": 498.97695222496986}
{"event": "COMPACT_TIMING", "stage": "images_outputs", "boundary": "begin", "role": "gallery", "batch_start": 1472, "batch_size": 32, "seconds": 498.978977472987}
{"event": "COMPACT_RUNTIME_HASH", "boundary": "begin", "elapsed_seconds": 0.0, "item_count": 1941}
{"event": "COMPACT_RUNTIME_HASH", "boundary": "end", "elapsed_seconds": 0.29342606058344245, "item_count": 1941}
{"event": "COMPACT_TIMING", "stage": "images_outputs", "boundary": "end", "role": "gallery", "batch_start": 1472, "batch_size": 32, "seconds": 500.02811601012945}
{"event": "COMPACT_TIMING", "stage": "images_outputs", "boundary": "begin", "role": "gallery", "batch_start": 1504, "batch_size": 32, "seconds": 500.0288294502534}
{"event": "COMPACT_RUNTIME_HASH", "boundary": "begin", "elapsed_seconds": 0.0, "item_count": 1941}
{"event": "COMPACT_RUNTIME_HASH", "boundary": "end", "elapsed_seconds": 0.2940478050149977, "item_count": 1941}
{"event": "COMPACT_TIMING", "stage": "images_outputs", "boundary": "end", "role": "gallery", "batch_start": 1504, "batch_size": 32, "seconds": 501.0721043869853}
{"event": "COMPACT_TIMING", "stage": "images_outputs", "boundary": "begin", "role": "gallery", "batch_start": 1536, "batch_size": 32, "seconds": 501.07357840193436}
{"event": "COMPACT_RUNTIME_HASH", "boundary": "begin", "elapsed_seconds": 0.0, "item_count": 1941}
{"event": "COMPACT_RUNTIME_HASH", "boundary": "end", "elapsed_seconds": 0.34745421120896935, "item_count": 1941}
{"event": "COMPACT_TIMING", "stage": "images_outputs", "boundary": "end", "role": "gallery", "batch_start": 1536, "batch_size": 32, "seconds": 502.1915884912014}
{"event": "COMPACT_TIMING", "stage": "images_outputs", "boundary": "begin", "role": "gallery", "batch_start": 1568, "batch_size": 32, "seconds": 502.1936326669529}
{"event": "COMPACT_RUNTIME_HASH", "boundary": "begin", "elapsed_seconds": 0.0, "item_count": 1941}
{"event": "COMPACT_RUNTIME_HASH", "boundary": "end", "elapsed_seconds": 0.32004587911069393, "item_count": 1941}
{"event": "COMPACT_TIMING", "stage": "images_outputs", "boundary": "end", "role": "gallery", "batch_start": 1568, "batch_size": 32, "seconds": 503.2614288260229}
{"event": "COMPACT_TIMING", "stage": "images_outputs", "boundary": "begin", "role": "gallery", "batch_start": 1600, "batch_size": 32, "seconds": 503.2627581381239}
{"event": "COMPACT_RUNTIME_HASH", "boundary": "begin", "elapsed_seconds": 0.0, "item_count": 1941}
{"event": "COMPACT_RUNTIME_HASH", "boundary": "end", "elapsed_seconds": 0.27645785408094525, "item_count": 1941}
{"event": "COMPACT_TIMING", "stage": "images_outputs", "boundary": "end", "role": "gallery", "batch_start": 1600, "batch_size": 32, "seconds": 504.2943716463633}
{"event": "COMPACT_TIMING", "stage": "images_outputs", "boundary": "begin", "role": "gallery", "batch_start": 1632, "batch_size": 32, "seconds": 504.29577171010897}
{"event": "COMPACT_RUNTIME_HASH", "boundary": "begin", "elapsed_seconds": 0.0, "item_count": 1941}
{"event": "COMPACT_RUNTIME_HASH", "boundary": "end", "elapsed_seconds": 0.27760428469628096, "item_count": 1941}
{"event": "COMPACT_TIMING", "stage": "images_outputs", "boundary": "end", "role": "gallery", "batch_start": 1632, "batch_size": 32, "seconds": 505.33167630434036}
{"event": "COMPACT_TIMING", "stage": "images_outputs", "boundary": "begin", "role": "gallery", "batch_start": 1664, "batch_size": 32, "seconds": 505.33397190319374}
{"event": "COMPACT_RUNTIME_HASH", "boundary": "begin", "elapsed_seconds": 0.0, "item_count": 1941}
{"event": "COMPACT_RUNTIME_HASH", "boundary": "end", "elapsed_seconds": 0.3411049130372703, "item_count": 1941}
{"event": "COMPACT_TIMING", "stage": "images_outputs", "boundary": "end", "role": "gallery", "batch_start": 1664, "batch_size": 32, "seconds": 506.41174706304446}
{"event": "COMPACT_TIMING", "stage": "images_outputs", "boundary": "begin", "role": "gallery", "batch_start": 1696, "batch_size": 19, "seconds": 506.4135461980477}
{"event": "COMPACT_RUNTIME_HASH", "boundary": "begin", "elapsed_seconds": 0.0, "item_count": 1941}
{"event": "COMPACT_RUNTIME_HASH", "boundary": "end", "elapsed_seconds": 0.2883875141851604, "item_count": 1941}
{"event": "COMPACT_TIMING", "stage": "images_outputs", "boundary": "end", "role": "gallery", "batch_start": 1696, "batch_size": 19, "seconds": 507.34738013520837}
{"event": "COMPACT_TIMING", "stage": "export_pass", "boundary": "end", "pass_index": 1, "seconds": 507.35182479023933}
{"event": "COMPACT_TIMING", "stage": "postpass_endpoint_facts", "boundary": "begin", "pass_index": 1, "seconds": 507.35185710992664}
{"event": "COMPACT_TIMING", "stage": "postpass_endpoint_facts", "boundary": "end", "pass_index": 1, "seconds": 508.24187865294516}
{"event": "COMPACT_TIMING", "stage": "postpass_audit", "boundary": "begin", "pass_index": 1, "seconds": 508.2419155491516}
{"event": "COMPACT_TIMING", "stage": "postpass_audit", "boundary": "end", "pass_index": 1, "seconds": 517.8639791170135}
{"progress": "exit_rehash", "seconds": 518.2198604661971}
{"event": "COMPACT_TIMING", "stage": "exit_rehash", "boundary": "begin", "phase": "export", "seconds": 518.2198967062868}
{"event": "PROTOTYPE_PHASE", "phase": "old_exit_begin", "seconds": 534.0259634093381}
{"event": "QUADRATIC_PHASE", "phase": "exit_rehash", "delta_seconds": 16.50561497732997, "cumulative_seconds": 16.50561497732997}
{"event": "PROTOTYPE_PHASE", "phase": "old_exit_end", "seconds": 550.5325284660794}
{"event": "PROTOTYPE_PHASE", "phase": "own_union_begin", "seconds": 550.5325464983471}
{"event": "PROTOTYPE_PHASE", "phase": "own_union_end", "seconds": 566.2440387080424}
{"event": "PROTOTYPE_PHASE", "phase": "closure_begin", "seconds": 566.2440670123324}
{"event": "PROTOTYPE_PHASE", "phase": "closure_end", "seconds": 566.2453095871024}
{"event": "COMPACT_TIMING", "stage": "exit_rehash", "boundary": "end", "phase": "export", "seconds": 610.244760517031}
{"schema": "siglip2-compact-image-anchor-smooth-ap-evaluation-v1", "phase": "export", "output": "/home/riomus/runs/sfora-so400-image-anchor-smooth-ap-evaluation-first-export-control-179061-v2", "decision": null}
/home/riomus/.local/share/uv/python/cpython-3.13.9-linux-aarch64-gnu/bin/python3.13: OK
/home/riomus/runs/sfora-native256-initialized-cpu-final-footer-v1.py: OK
/home/riomus/runs/sfora-native256-stop-cgroup-footer-v1.py: OK
/home/riomus/runs/sfora-so400-compact-ranking-evaluation-reference-v1/evaluate_siglip2_nearest_ranking.py: OK
/home/riomus/runs/sfora-so400-compact-ranking-evaluation-reference-v1/execution.json: OK
/home/riomus/runs/sfora-so400-compact-ranking-evaluation-reference-v1/test_nearest_ranking_evaluation.py: OK
/home/riomus/runs/sfora-so400-image-anchor-smooth-ap-evaluation-source-v2/authority-first-export-control-179061-v2.json: OK
/home/riomus/runs/sfora-so400-image-anchor-smooth-ap-evaluation-source-v2/evaluate_siglip2_compact_ranking.py: OK
/home/riomus/runs/sfora-so400-image-anchor-smooth-ap-evaluation-source-v2/execution.json: OK
/home/riomus/runs/sfora-so400-image-anchor-smooth-ap-evaluation-source-v2/test_compact_ranking_evaluation.py: OK
/home/riomus/runs/sfora-so400-image-anchor-smooth-ap-train-candidate-179061-v1/bundle/bundle.json: OK
/home/riomus/runs/sfora-so400-image-anchor-smooth-ap-train-candidate-179061-v1/receipt.json: OK
/home/riomus/runs/sfora-so400-image-anchor-smooth-ap-train-candidate-179061-v1/resume.pt: OK
/home/riomus/runs/sfora-so400-image-anchor-smooth-ap-train-control-179061-v1/bundle/bundle.json: OK
/home/riomus/runs/sfora-so400-image-anchor-smooth-ap-train-control-179061-v1/receipt.json: OK
/home/riomus/runs/sfora-so400-image-anchor-smooth-ap-train-control-179061-v1/resume.pt: OK
/home/riomus/runs/sfora-so400-image-anchor-smooth-ap-train-source-v2/authority-train-candidate-179061-v1.json: OK
/home/riomus/runs/sfora-so400-image-anchor-smooth-ap-train-source-v2/authority-train-control-179061-v1.json: OK
/home/riomus/runs/sfora-so400-image-anchor-smooth-ap-train-source-v2/execution.json: OK
/home/riomus/runs/sfora-so400-image-anchor-smooth-ap-train-source-v2/test_siglip2_compact_ranking.py: OK
/home/riomus/runs/sfora-so400-image-anchor-smooth-ap-train-source-v2/train-candidate-179061-v1.log: OK
/home/riomus/runs/sfora-so400-image-anchor-smooth-ap-train-source-v2/train-control-179061-v1.log: OK
/home/riomus/runs/sfora-so400-image-anchor-smooth-ap-train-source-v2/train_siglip2_compact_ranking.py: OK
/home/riomus/runs/sfora-so400-genuine-view-evaluation-source-v4/evaluate_siglip2_genuine_views.py: OK
/home/riomus/runs/sfora-so400-genuine-view-evaluation-source-v4/execution.json: OK
/home/riomus/runs/sfora-so400-genuine-view-evaluation-source-v4/test_siglip2_genuine_view_evaluation.py: OK
/home/riomus/runs/sfora-so400-signed-concat-evaluation-source-v2/evaluate_siglip2_prototype_residual.py: OK
/home/riomus/runs/sfora-so400-signed-concat-evaluation-source-v2/execution.json: OK
/home/riomus/runs/sfora-so400-signed-concat-evaluation-source-v2/test_siglip2_prototype_residual_evaluation.py: OK
/home/riomus/runs/sfora-so400-image-anchor-smooth-ap-evaluation-first-cpu-v2/receipt.json: OK
/home/riomus/runs/sfora-so400-image-anchor-smooth-ap-evaluation-source-v2/first-cpu-v2.log: OK
FINAL_CGROUP {"command_exit_status": 0, "invocation_id": "7f0fbc253cf54a0eb1b8e4a5f6b96468", "path": "/sys/fs/cgroup/user.slice/user-1000.slice/user@1000.service/app.slice/sfora-so400-image-anchor-smooth-ap-evaluation-first-export-control-179061-v2.service", "values": {"memory.current": "1289900032", "memory.events": "low 0\nhigh 0\nmax 0\noom 0\noom_kill 0\noom_group_kill 0", "memory.max": "8589934592", "memory.peak": "4955910144", "memory.stat": "anon 6012928\nfile 1182195712\nkernel 99516416\nkernel_stack 65536\npagetables 389120\nsec_pagetables 0\npercpu 2112\nsock 0\nvmalloc 0\nshmem 0\nzswap 0\nzswapped 0\nfile_mapped 0\nfile_dirty 8192\nfile_writeback 0\nswapcached 0\nanon_thp 0\nfile_thp 4194304\nshmem_thp 0\ninactive_anon 0\nactive_anon 5877760\ninactive_file 600961024\nactive_file 581234688\nunevictable 0\nslab_reclaimable 98926880\nslab_unreclaimable 119224\nslab 99046104\nworkingset_refault_anon 0\nworkingset_refault_file 0\nworkingset_activate_anon 0\nworkingset_activate_file 0\nworkingset_restore_anon 0\nworkingset_restore_file 0\nworkingset_nodereclaim 0\npgdemote_kswapd 0\npgdemote_direct 0\npgdemote_khugepaged 0\npgdemote_proactive 0\npgpromote_success 0\npgscan 0\npgsteal 0\npswpin 0\npswpout 0\npgscan_kswapd 0\npgscan_direct 0\npgscan_khugepaged 0\npgscan_proactive 0\npgsteal_kswapd 0\npgsteal_direct 0\npgsteal_khugepaged 0\npgsteal_proactive 0\npgfault 836937\npgmajfault 11990\npgrefill 0\npgactivate 0\npgdeactivate 0\npglazyfree 0\npglazyfreed 0\nswpin_zero 0\nswpout_zero 0\nzswpin 0\nzswpout 0\nzswpwb 0\nthp_fault_alloc 1744\nthp_collapse_alloc 16\nthp_swpout 0\nthp_swpout_fallback 0\nnuma_pages_migrated 0\nnuma_pte_updates 0\nnuma_hint_faults 0", "memory.swap.current": "0", "memory.swap.max": "0", "memory.swap.peak": "0"}}
	Command being timed: "/bin/bash -c set -e; sudo -n /bin/sync; sudo -n /bin/sh -c "echo 3 > /proc/sys/vm/drop_caches"; exec /bin/bash /home/riomus/runs/sfora-so400-image-anchor-smooth-ap-evaluation-source-v2/first-export-control-179061-v2-command.sh"
	User time (seconds): 406.99
	System time (seconds): 79.94
	Percent of CPU this job got: 79%
	Elapsed (wall clock) time (h:mm:ss or m:ss): 10:12.39
	Average shared text size (kbytes): 0
	Average unshared data size (kbytes): 0
	Average stack size (kbytes): 0
	Average total size (kbytes): 0
	Maximum resident set size (kbytes): 4102796
	Average resident set size (kbytes): 0
	Major (requiring I/O) page faults: 11991
	Minor (reclaiming a frame) page faults: 788583
	Voluntary context switches: 6947454
	Involuntary context switches: 9915
	Swaps: 0
	File system inputs: 459340472
	File system outputs: 18256
	Socket messages sent: 0
	Socket messages received: 0
	Signals delivered: 0
	Page size (bytes): 4096
	Exit status: 0
STOP_CGROUP {"exit_code": "exited", "exit_status": "0", "invocation_id": "7f0fbc253cf54a0eb1b8e4a5f6b96468", "path": "/sys/fs/cgroup/user.slice/user-1000.slice/user@1000.service/app.slice/sfora-so400-image-anchor-smooth-ap-evaluation-first-export-control-179061-v2.service", "service_result": "success", "values": {"memory.current": "1288826880", "memory.events": "low 0\nhigh 0\nmax 0\noom 0\noom_kill 0\noom_group_kill 0", "memory.max": "8589934592", "memory.peak": "4955910144", "memory.stat": "anon 5414912\nfile 1182195712\nkernel 99094528\nkernel_stack 0\npagetables 98304\nsec_pagetables 0\npercpu 1056\nsock 0\nvmalloc 0\nshmem 0\nzswap 0\nzswapped 0\nfile_mapped 0\nfile_dirty 8192\nfile_writeback 0\nswapcached 0\nanon_thp 0\nfile_thp 4194304\nshmem_thp 0\ninactive_anon 0\nactive_anon 5328896\ninactive_file 600961024\nactive_file 581234688\nunevictable 0\nslab_reclaimable 98924104\nslab_unreclaimable 64344\nslab 98988448\nworkingset_refault_anon 0\nworkingset_refault_file 0\nworkingset_activate_anon 0\nworkingset_activate_file 0\nworkingset_restore_anon 0\nworkingset_restore_file 0\nworkingset_nodereclaim 0\npgdemote_kswapd 0\npgdemote_direct 0\npgdemote_khugepaged 0\npgdemote_proactive 0\npgpromote_success 0\npgscan 0\npgsteal 0\npswpin 0\npswpout 0\npgscan_kswapd 0\npgscan_direct 0\npgscan_khugepaged 0\npgscan_proactive 0\npgsteal_kswapd 0\npgsteal_direct 0\npgsteal_khugepaged 0\npgsteal_proactive 0\npgfault 838455\npgmajfault 11990\npgrefill 0\npgactivate 0\npgdeactivate 0\npglazyfree 0\npglazyfreed 0\nswpin_zero 0\nswpout_zero 0\nzswpin 0\nzswpout 0\nzswpwb 0\nthp_fault_alloc 1744\nthp_collapse_alloc 16\nthp_swpout 0\nthp_swpout_fallback 0\nnuma_pages_migrated 0\nnuma_pte_updates 0\nnuma_hint_faults 0", "memory.swap.current": "0", "memory.swap.max": "0", "memory.swap.peak": "0"}}
Finished with result: success
Main processes terminated with: code=exited/status=0
Service runtime: 10min 12.423s
CPU time consumed: 8min 6.970s
Memory peak: 4.6G
Memory swap peak: 0B
